feature,beta,p,q18
aminoglycoside,2.0220626221460902,0.107236067595243,0.13691779654676917
beta_lactam,2.1543783703302712,0.12066145941390331,0.13691779654676917
carbapenem,2.095326328188188,0.11234149160405212,0.13691779654676917
cephalosporin,2.1494457043643957,0.11573383807747618,0.13691779654676917
fluoroquinolone,1.9829889488553967,0.11625003316490785,0.13691779654676917
fosfomycin,1.3387300020918478,0.1130458381036778,0.13691779654676917
glycopeptide,1.6873309634908145,0.1251685019117143,0.13691779654676917
lincosamide,1.7436198696333083,0.13691779654676917,0.13691779654676917
macrolide,2.0720154733559455,0.11422242911940915,0.13691779654676917
other,2.1620335563970436,0.12010737139638546,0.13691779654676917
oxazolidinone,1.2390386957452006,0.12082665852922043,0.13691779654676917
peptide,1.793568726175363,0.12848965554168335,0.13691779654676917
phenicol,1.9084684753873287,0.10723183557630309,0.13691779654676917
rifamycin,1.7438108929629461,0.0965230847929152,0.13691779654676917
streptogramin,1.726460425223128,0.13443178789730031,0.13691779654676917
sulfonamide,1.1209295685774598,0.09208220493824222,0.13691779654676917
tetracycline,2.076973464281891,0.1110807369853275,0.13691779654676917
trimethoprim,1.680725023545631,0.10050132391485421,0.13691779654676917
