"variable","category","n_sites","rho","p","q"
"water_level_mean_ELm","Hydrology",10,-0.996965091635306,3.69809322020991e-10,3.42073622869416e-09
"storage_mean_Mm3","Hydrology",10,0.705170430668875,0.0227377366153768,0.0841296254768942
"inflow_max_m3s","Hydrology",10,0.996965091635306,3.69809322020991e-10,3.42073622869416e-09
"inflow_mean_m3s","Hydrology",10,0.996965091635306,3.69809322020991e-10,3.42073622869416e-09
"discharge_mean_m3s","Hydrology",10,0.996965091635306,3.69809322020991e-10,3.42073622869416e-09
"discharge_max_m3s","Hydrology",10,0.960490759014502,1.01632358829995e-05,6.26732879451635e-05
"storage_rate_pct","Hydrology",10,-0.364743326208039,0.300066969464665,0.528689422390125
"pH","Field(n=49)",10,0.842424242424242,0.00222003122591684,0.0117344507655604
"Oscillatoria_cells","Cyanobacteria",3,NA,NA,NA
"TN_mg_L","WQ_DB(n=107)",10,-0.76969696969697,0.00922195272221606,0.0379124723024438
"Aphanizomenon_cells","Cyanobacteria",3,NA,NA,NA
"NO3N_mg_L","WQ_DB(n=107)",10,-0.490909090909091,0.149655673420837,0.346078744785685
"EC_uS_cm","WQ_DB(n=107)",10,-0.0666666666666667,0.854813088248743,0.930237772505984
"pressure_avg_hPa","Meteorology",10,-0.987804421815157,9.53712822407786e-08,7.05747488581762e-07
"precip_sum_mm","Meteorology",10,0.619678550331247,0.0560193134989957,0.172726216621903
"Chl_a_mg_m3","WQ_DB(n=107)",10,0.781818181818182,0.00754700778106788,0.0349049109874389
"MC_ppb","Field(n=49)",10,0.333333333333333,0.346593507087334,0.557563467923103
"Microcystis_cells","Cyanobacteria",3,NA,NA,NA
"CON_uS_cm","Field(n=49)",10,-0.393939393939394,0.259997766834888,0.480995868644542
"air_temp_min_C","Meteorology",10,0.411073889823699,0.23794186616753,0.46336047622098
"NH3N_mg_L","WQ_DB(n=107)",10,-0.284848484848485,0.425038154892146,0.604861989654207
"cloud_avg_tenth","Meteorology",10,-0.153385779784962,0.67225190847117,0.802365181078493
"air_temp_avg_C","Meteorology",10,0.521511651268871,0.122110830318921,0.301206714786672
"PO4P_mg_L","WQ_DB(n=107)",10,-0.575757575757576,0.0815528147726024,0.215532439041878
"BOD_mg_L","WQ_DB(n=107)",10,-0.0545454545454545,0.881036181161853,0.931381105799673
"air_temp_max_C","Meteorology",10,-0.0306771559569924,0.932956838599304,0.932956838599304
"water_temp_C","WQ_DB(n=107)",10,0.454545454545455,0.186904810349332,0.406792822525017
"pH_wq","WQ_DB(n=107)",10,0.272727272727273,0.445838341542751,0.610963653225252
"solar_rad_avg_MJ","Meteorology",7,0.422178281473253,0.345413421725074,0.557563467923103
"humidity_avg_pct","Meteorology",10,0.0306771559569924,0.932956838599304,0.932956838599304
"DO_mg_L_wq","WQ_DB(n=107)",10,-0.187878787878788,0.603217610029209,0.743968385702691
"DO_mg_L","Field(n=49)",10,-0.317079065325934,0.37201857984253,0.569565020786699
"sunshine_avg_hr","Meteorology",10,-0.693303724628029,0.0262034896771421,0.0881390107322053
"precip_days","Meteorology",10,0.198188961840261,0.583092968138267,0.743946200728134
"SS_mg_L","WQ_DB(n=107)",10,0.0909090909090909,0.802771731207162,0.928204814208281
"COD_mg_L","WQ_DB(n=107)",10,-0.309090909090909,0.384841230261283,0.569565020786699
"TP_mg_L","WQ_DB(n=107)",10,-0.6,0.0666879999999999,0.189804307692307
"유해남조류_세포수","Cyanobacteria",3,NA,NA,NA
"rainfall_total_mm","Hydrology",10,-0.231004106598425,0.520791533025805,0.688188811498385
"Anabaena_cells","Cyanobacteria",3,NA,NA,NA
"wind_speed_avg_ms","Meteorology",10,0.0674897431053834,0.853036803343083,0.930237772505984
"TOC_mg_L","WQ_DB(n=107)",10,0.442424242424242,0.200422686711942,0.411979967130103
"Geosmin_ng_L","Toxin",3,NA,NA,NA
"MIB_2_ng_L","Toxin",3,NA,NA,NA
"MC_LR_ppb","Toxin",3,NA,NA,NA
