cohort,column,shift_sd
optionC_date_aligned_n107_order_locked,Comm_PC1,1.4330175624582153
optionC_date_aligned_n107_order_locked,water_temp_C,0.021483988408843416
optionC_date_aligned_n107_order_locked,TOC_mg_L,-0.070277009669996
optionC_date_aligned_n107_order_locked,NO3N_mg_L,-0.030214052602020182
optionC_date_aligned_n107_order_locked,MC_ppb,0.06084387749348995
optionC_date_aligned_n107_order_locked,Chl_a_mg_m3,-0.004682060360475429
optionC_date_aligned_n107_order_locked,discharge_mean_m3s,0.0030490041974501328
optionC_date_aligned_n107_order_locked,bloom,-0.0008226804134373463
optionC_date_aligned_n107_order_locked,MC_ppb_with_consistent_indicator_DIAGNOSTIC,0.06004321183822403
optionC_observed_RGI_n75_order_locked,Comm_PC1,1.3983261404956318
optionC_observed_RGI_n75_order_locked,water_temp_C,0.0030345328261655387
optionC_observed_RGI_n75_order_locked,TOC_mg_L,-0.061818732038710446
optionC_observed_RGI_n75_order_locked,NO3N_mg_L,-0.008102056970732602
optionC_observed_RGI_n75_order_locked,MC_ppb,-0.0042990387461610295
optionC_observed_RGI_n75_order_locked,Chl_a_mg_m3,-0.013158075721183172
optionC_observed_RGI_n75_order_locked,discharge_mean_m3s,-0.013030854530440488
optionC_observed_RGI_n75_order_locked,bloom,-0.0042637236721183944
optionC_observed_RGI_n75_order_locked,MC_ppb_with_consistent_indicator_DIAGNOSTIC,-0.00861594559462625
