feature,beta,se,p,CI_low,CI_high,p_cluster_site,p_cluster_round,q18,q18_cluster_site,q18_cluster_round
aminoglycoside,1.9166879851596192,1.18982322125706,0.11062698290532808,-0.4464036341697448,4.279779604488983,0.06733107178240746,0.051756523868826815,0.15008973025510886,0.100353755034022,0.09036040882871903
beta_lactam,1.726117267192893,1.1118833095460516,0.12399358685036943,-0.48217895994285787,3.934413494328644,0.07722308045138616,0.06444208366765433,0.15008973025510886,0.100353755034022,0.09036040882871903
carbapenem,2.001671294540279,1.2507806945593278,0.11295228411657421,-0.4824871284306331,4.485829717511191,0.06501004450054666,0.04976905227464351,0.15008973025510886,0.100353755034022,0.09036040882871903
cephalosporin,1.8549154348670103,1.175630156311286,0.11804278510282909,-0.479987532377953,4.189818402111974,0.07090278568308844,0.05836179840619215,0.15008973025510886,0.100353755034022,0.09036040882871903
fluoroquinolone,1.7946584141884832,1.1451914899382805,0.1205187155141556,-0.4797907342668135,4.069107562643779,0.07231368733818498,0.06007714216670815,0.15008973025510886,0.100353755034022,0.09036040882871903
fosfomycin,1.298106166153728,0.8229913629833089,0.11815846691336152,-0.3364257188363824,2.9326380511438384,0.10686976848086681,0.07416239541272765,0.15008973025510886,0.11315622545032956,0.09036040882871903
glycopeptide,1.6793039734956778,1.0848777676161663,0.12507477521259072,-0.47535691633127763,3.8339648633226333,0.08095499720694253,0.06448398398583814,0.15008973025510886,0.100353755034022,0.09036040882871903
lincosamide,1.4972549845298724,1.0309076473187313,0.149801996034158,-0.550216587850141,3.544726556909886,0.10455355690227074,0.07572732097540616,0.15861387815381436,0.11315622545032956,0.09036040882871903
macrolide,2.0720154733559455,1.2993620411862614,0.11422242911940915,-0.5086296974097788,4.65266064412167,0.0646098194740508,0.04860590976946441,0.15008973025510886,0.100353755034022,0.09036040882871903
other,1.952573809302772,1.2200146003153103,0.11292706192495754,-0.47048049486406773,4.375628113469611,0.06389444079434387,0.053417577205252705,0.15008973025510886,0.100353755034022,0.09036040882871903
oxazolidinone,0.7024322951632009,0.5122651864501951,0.17363942528110707,-0.314970582295951,1.7198351726223529,0.15073149831593471,0.09913779963932558,0.17363942528110707,0.15073149831593471,0.09913779963932558
peptide,1.7346296320123678,1.1461776858128185,0.13360502128588672,-0.5417781865751823,4.011037450599918,0.08362812919501833,0.06223191429629112,0.15030564894662257,0.100353755034022,0.09036040882871903
phenicol,1.4525822613217338,0.9003162388794139,0.11007976465229016,-0.3355235016455751,3.240688024289043,0.07180751006884947,0.0803203634033058,0.15008973025510886,0.100353755034022,0.09036040882871903
rifamycin,1.5720881088419774,0.911661380401781,0.08799026223135759,-0.23855008446677894,3.3827263021507337,0.05936851475706053,0.06452646448519563,0.15008973025510886,0.100353755034022,0.09036040882871903
streptogramin,1.2202390209877014,0.7412129331915208,0.1031195951285735,-0.25187384357119025,2.692351885546593,0.07218511444757084,0.07075000697050547,0.15008973025510886,0.100353755034022,0.09036040882871903
sulfonamide,0.984371786474479,0.6044173013123204,0.10681125757576033,-0.21605314539044884,2.184796718339407,0.07035647617990633,0.09766522665045813,0.15008973025510886,0.100353755034022,0.09913779963932558
tetracycline,1.8514232694558723,1.145188930251497,0.10936775040582741,-0.4230207952405278,4.1258673341522725,0.06505271380764681,0.053389718054257615,0.15008973025510886,0.100353755034022,0.09036040882871903
trimethoprim,1.3179656416353351,0.8135644360994251,0.10865749602287826,-0.2978435528597949,2.933774836130465,0.08175048112189622,0.07010452891115897,0.15008973025510886,0.100353755034022,0.09036040882871903
