"Df","SumOfSqs","R2","F","Pr(>F)","term","model"
1,1.9478051506456,0.116062832709687,14.986978922155,0.001,"water_temp_C","no_season"
1,3.47910271139314,0.207307448508596,26.7692273975039,0.001,"solar_rad_avg_MJ","no_season"
1,0.322748550976542,0.0192314467732404,2.4833211520353,0.016,"Chl_a_mg_m3","no_season"
1,0.458828228621744,0.0273399543703624,3.53035774084724,0.003,"discharge_mean_m3s","no_season"
1,1.29513358269759,0.0771724380621469,9.96513419159531,0.001,"Microcystis_RA","no_season"
1,0.570959850921722,0.0340214818918162,4.39313103177924,0.001,"MC_ppb","no_season"
67,8.70775529685537,0.518864397684151,NA,NA,"Residual","no_season"
73,16.7823333721117,1,NA,NA,"Total","no_season"
3,6.35372742941892,0.378596187344086,20.4538400977438,0.001,"season","season_first"
1,0.817313546100079,0.0487008289001256,7.89325672246213,0.001,"water_temp_C","season_first"
1,0.892361789955462,0.0531726888132468,8.61803983433771,0.001,"solar_rad_avg_MJ","season_first"
1,0.220857254894423,0.0131601041403119,2.13294276134079,0.026,"Chl_a_mg_m3","season_first"
1,0.46094525237692,0.027466100342334,4.45160762276857,0.001,"discharge_mean_m3s","season_first"
1,0.878713576581132,0.0523594399597226,8.48623135951117,0.001,"Microcystis_RA","season_first"
1,0.531483613322514,0.0316692322538244,5.13283625819498,0.001,"MC_ppb","season_first"
64,6.62693090946226,0.394875418246348,NA,NA,"Residual","season_first"
73,16.7823333721117,1,NA,NA,"Total","season_first"
