cohort,treatment,theta,se,p,q
optionC_date_aligned_n107_order_locked,Comm_PC1,3024.788083633914,1713.42449676154,0.1113203495241475,0.30927803630987777
optionC_date_aligned_n107_order_locked,MC_ppb,-942.465027143717,150.10666951811956,0.0001446117538910149,0.003470682093384358
optionC_date_aligned_n107_order_locked,bloom,-390.30661944619357,773.7046661234975,0.6260536948194076,0.7812160643589926
optionC_date_aligned_n107_order_locked,Chl_a_mg_m3,274.63578751632076,1535.4106716997646,0.8620031777802306,0.9403671030329789
optionC_date_aligned_n107_order_locked,water_temp_C,-1528.5299311257736,864.1899795483125,0.11072581622315007,0.30927803630987777
optionC_date_aligned_n107_order_locked,TN_mg_L,538.1401166527588,840.1862901949806,0.5378108943697514,0.7592624391102372
optionC_date_aligned_n107_order_locked,TP_mg_L,589.3919954891846,744.9527639554987,0.44918563810558015,0.737859249145084
optionC_date_aligned_n107_order_locked,DO_mg_L_wq,-468.92573735839665,1199.1601664102695,0.7048599518244782,0.8055542306565465
optionC_date_aligned_n107_order_locked,pH_wq,-48.13388218167552,382.27319700341195,0.902567263107892,0.9418093180256264
optionC_date_aligned_n107_order_locked,BOD_mg_L,856.3617576487266,1005.8627195818452,0.4166405199869522,0.737859249145084
optionC_date_aligned_n107_order_locked,COD_mg_L,3755.145509664291,824.5486704332731,0.00137767408888687,0.01653208906664244
optionC_date_aligned_n107_order_locked,EC_uS_cm,604.0850093792808,1291.1917908773971,0.6510133869658272,0.7812160643589926
optionC_date_aligned_n107_order_locked,NH3N_mg_L,419.56524661383594,612.9218634854386,0.5108799019235123,0.7592624391102372
optionC_date_aligned_n107_order_locked,NO3N_mg_L,-5877.874757871023,3235.77784207101,0.1026673352590765,0.30927803630987777
optionC_date_aligned_n107_order_locked,TOC_mg_L,-1398.8273061913562,836.642531666451,0.12886584846244908,0.30927803630987777
optionC_date_aligned_n107_order_locked,SS_mg_L,-649.3645803219904,331.5468611757462,0.08182954770424967,0.30927803630987777
optionC_date_aligned_n107_order_locked,air_temp_avg_C,-3691.49653792974,2145.057221883865,0.11937109397734544,0.30927803630987777
optionC_date_aligned_n107_order_locked,humidity_avg_pct,50.968241318115,1043.2504565267768,0.962101681022054,0.962101681022054
optionC_date_aligned_n107_order_locked,precip_sum_mm,-2678.155354568877,1003.1698269595937,0.025635353477728866,0.20508282782183093
optionC_date_aligned_n107_order_locked,wind_speed_avg_ms,369.3995855524417,251.43421860400426,0.17585351444121722,0.3549737384336562
optionC_date_aligned_n107_order_locked,sunshine_avg_hr,2650.027797345241,1188.6928689152253,0.05275162767277819,0.30927803630987777
optionC_date_aligned_n107_order_locked,pressure_avg_hPa,-3157.7431348385417,5406.791117563047,0.573543012530755,0.7647240167076733
optionC_date_aligned_n107_order_locked,discharge_mean_m3s,-941.6045026827439,643.5993499655775,0.1774868692168281,0.3549737384336562
optionC_date_aligned_n107_order_locked,storage_rate_pct,276.6579076825156,359.4036517399012,0.4611620307156775,0.737859249145084
optionC_observed_RGI_n75_order_locked,Comm_PC1,3504.9360025292845,1689.9479269873266,0.06792347527482918,0.2328804866565572
optionC_observed_RGI_n75_order_locked,MC_ppb,-1360.4209580632173,278.13844172067235,0.0008580453960648342,0.020593089505556023
optionC_observed_RGI_n75_order_locked,bloom,-726.2270901057368,945.6705998834153,0.4621896578504197,0.7077489772554255
optionC_observed_RGI_n75_order_locked,Chl_a_mg_m3,1269.9606207407853,1948.3453088088945,0.5308117329415691,0.7077489772554255
optionC_observed_RGI_n75_order_locked,water_temp_C,-2651.3880834646798,896.8579692820388,0.016055533191884942,0.09252244792314472
optionC_observed_RGI_n75_order_locked,TN_mg_L,1653.819777061981,1702.6347221111203,0.356763538502105,0.6700915660798458
optionC_observed_RGI_n75_order_locked,TP_mg_L,370.7381328262955,1087.857814373168,0.7410772066527325,0.8084478618029809
optionC_observed_RGI_n75_order_locked,DO_mg_L_wq,-1167.1906952639945,1726.7917811989169,0.5160759684861448,0.7077489772554255
optionC_observed_RGI_n75_order_locked,pH_wq,78.3853287473639,497.69514148780854,0.8783302763618985,0.9165185492471984
optionC_observed_RGI_n75_order_locked,BOD_mg_L,1851.839389441765,1350.0889452135516,0.20339586314157565,0.4881500715397815
optionC_observed_RGI_n75_order_locked,COD_mg_L,4488.759823788657,1072.6010024484035,0.002358780159293713,0.02830536191152456
optionC_observed_RGI_n75_order_locked,EC_uS_cm,762.3678280731476,1168.7731105867608,0.5305249455140558,0.7077489772554255
optionC_observed_RGI_n75_order_locked,NH3N_mg_L,794.4923085496738,726.5512686112622,0.30257201995145316,0.6601571344395342
optionC_observed_RGI_n75_order_locked,NO3N_mg_L,-4172.058137567064,2649.992599607281,0.14985501909540294,0.39961338425440784
optionC_observed_RGI_n75_order_locked,TOC_mg_L,-1594.5826340299059,985.9023117712641,0.14024995159248896,0.39961338425440784
optionC_observed_RGI_n75_order_locked,SS_mg_L,-37.9867409415786,623.6051252027378,0.9527583729706377,0.9527583729706377
optionC_observed_RGI_n75_order_locked,air_temp_avg_C,-1186.9742315377032,2711.2449751528475,0.6718521347830212,0.8062225617396254
optionC_observed_RGI_n75_order_locked,humidity_avg_pct,-278.8894484397174,802.8893923111609,0.736307677748447,0.8084478618029809
optionC_observed_RGI_n75_order_locked,precip_sum_mm,-2571.5546379111047,880.7645288219039,0.01704056234968992,0.09252244792314472
optionC_observed_RGI_n75_order_locked,wind_speed_avg_ms,281.3721143052339,480.68776316552027,0.5726925406332121,0.7234011039577416
optionC_observed_RGI_n75_order_locked,sunshine_avg_hr,2765.499693243306,972.3823276968456,0.019275509983988484,0.09252244792314472
optionC_observed_RGI_n75_order_locked,pressure_avg_hPa,-4587.41397413946,4787.252331046794,0.36296626495991646,0.6700915660798458
optionC_observed_RGI_n75_order_locked,discharge_mean_m3s,-2081.058360168314,902.70653595854,0.04658939117303177,0.18635756469212708
optionC_observed_RGI_n75_order_locked,storage_rate_pct,492.149507122137,554.3564550206286,0.39776083787381555,0.6818757220693981
