representative_MAG_ID,origin_sample,completeness_pct,contamination_pct,genome_size_bp,GC_pct,n_contigs,N50_bp,domain,phylum,class,order,family,genus,species,classification_method,closest_genome_reference,closest_genome_ani,closest_genome_af,msa_percent,warnings,rgi_candidate_matches,rgi_loose_matches,rgi_strict_matches,rgi_drug_class_count
S01M01_bin.10,S01M01,65.04190081829833,7.142857142857143,2872723,60.98513500953625,727,4558,Bacteria,Verrucomicrobiota,Verrucomicrobiia,Verrucomicrobiales,Akkermansiaceae,Luteolibacter,,taxonomic classification defined by topology and ANI,,,,39.46,,2254,2251,3,37
S01M05_bin.14,S01M05,51.44984326018809,9.482758620689657,1237906,40.68984236282884,454,2748,Bacteria,Actinomycetota,Actinomycetes,Nanopelagicales,Nanopelagicaceae,Nanopelagicus,,taxonomic classification defined by topology and ANI,,,,39.28,,1251,1251,0,36
S01M05_bin.15,S01M05,57.1630838297505,3.418803418803418,1150172,53.08927708203642,386,2985,Bacteria,Actinomycetota,Acidimicrobiia,Acidimicrobiales,Ilumatobacteraceae,UBA2093,,taxonomic classification defined by topology and ANI,,,,44.5,,1142,1140,2,40
S01M05_bin.24,S01M05,86.46338592417024,3.177895089659796,1225750,42.04691005506832,281,5374,Bacteria,Pseudomonadota,Gammaproteobacteria,Burkholderiales,Methylophilaceae,Methylopumilus_A,Methylopumilus_A sp040383445,ani_screen,GCA_040383445.1,97.25,0.74,,,1132,1132,0,37
S01M05_bin.25,S01M05,50.8672741925485,7.027772611741368,1860642,31.91253341588548,808,2230,Bacteria,Bacteroidota,Bacteroidia,Chitinophagales,Chitinophagaceae,OLB11,,taxonomic classification defined by topology and ANI,,,,30.96,,1801,1800,1,38
S01M05_bin.31,S01M05,89.5312991506763,0.5882352941176471,5129644,52.0409213582853,984,6579,Bacteria,Planctomycetota,Planctomycetia,Pirellulales,Pirellulaceae,Pirellula_B,Pirellula_B sp903820735,ani_screen,GCA_903820735.1,95.96,0.821,,,3213,3212,1,40
S01M05_bin.33,S01M05,65.55023923444975,2.631578947368421,996843,54.50778106482164,264,4322,Bacteria,Actinomycetota,Actinomycetes,Actinomycetales,Microbacteriaceae,Rhodoluna,,taxonomic classification defined by topology and ANI,,,,56.27,Genome not assigned to closest species as it falls outside its pre-defined ANI radius,930,929,1,39
S01M06_bin.18,S01M06,100.0,0.8695652173913043,2417780,57.81932185724094,42,113697,Bacteria,Pseudomonadota,Alphaproteobacteria,Sphingomonadales,Sphingomonadaceae,Aquisediminimonas,,taxonomic classification defined by topology and ANI,,,,97.82,Genome not assigned to closest species as it falls outside its pre-defined ANI radius,1845,1845,0,41
S01M06_bin.32,S01M06,67.83082817565575,5.590386624869383,2033851,55.49968999695651,579,3856,Bacteria,Pseudomonadota,Alphaproteobacteria,Rhizobiales,Beijerinckiaceae,CAIUPE01,,taxonomic classification defined by topology and ANI,,,,65.03,Genome not assigned to closest species as it falls outside its pre-defined ANI radius,1854,1854,0,38
S01M06_bin.5,S01M06,58.6464792362722,2.813644388030521,2079620,61.48003000548177,793,2651,Bacteria,Pseudomonadota,Alphaproteobacteria,Acetobacterales,Acetobacteraceae,Neoroseomonas,,taxonomic classification defined by topology and ANI,,,,52.4,Genome not assigned to closest species as it falls outside its pre-defined ANI radius,2013,2013,0,43
S01M08_bin.1,S01M08,86.91983122362869,1.340879584550471,2043053,48.41083417806586,402,6085,Bacteria,Pseudomonadota,Alphaproteobacteria,Rhizobiales,Beijerinckiaceae,Methylocystis,Methylocystis sp002412985,ani_screen,GCA_002412985.1,98.16,0.873,,,1639,1638,1,39
S01M08_bin.23,S01M08,88.18281335522715,3.218390804597701,1887816,42.16231878530535,427,5470,Bacteria,Bacteroidota,Bacteroidia,Chitinophagales,Chitinophagaceae,Pollutibacter,Pollutibacter sp041183265,ani_screen,GCA_041183265.1,98.65,0.938,,,1552,1552,0,40
S01M08_bin.32,S01M08,74.4426537738383,3.995433789954337,3466593,67.13505161984692,1087,3491,Bacteria,Verrucomicrobiota,Verrucomicrobiia,Opitutales,Opitutaceae,ER46,ER46 sp041184765,ani_screen,GCA_041184765.1,98.69,0.671,,,2584,2583,1,42
S01M08_bin.36,S01M08,79.09821102592188,0.070871722182849,825548,29.30538260646261,188,5093,Bacteria,Pseudomonadota,Alphaproteobacteria,Pelagibacterales,Pelagibacteraceae,Fonsibacter,Fonsibacter ubiquis,ani_screen,GCF_002688585.1,98.05,0.875,,,804,804,0,36
S01M08_bin.47,S01M08,80.59732664995822,0.779727095516569,1082190,48.77332076622405,173,8097,Bacteria,Actinomycetota,Actinomycetes,Actinomycetales,Microbacteriaceae,Rhodoluna,,taxonomic classification fully defined by topology,,,,69.84,,912,910,2,39
S01M08_bin.49,S01M08,70.56530214424951,1.754385964912281,1018928,48.34738077665939,251,4439,Bacteria,Actinomycetota,Actinomycetes,Actinomycetales,Microbacteriaceae,Rhodoluna,,taxonomic classification fully defined by topology,,,,52.14,,928,927,1,39
S01M08_bin.50,S01M08,76.19462025316456,3.364708427999567,1703369,61.92457418210616,536,3532,Bacteria,Pseudomonadota,Alphaproteobacteria,Rhizobiales,Beijerinckiaceae,Methylocystis,Methylocystis sp023253795,ani_screen,GCA_023253795.1,97.84,0.804,,,1580,1579,1,41
S01M08_bin.51,S01M08,95.45454545454544,2.272727272727273,4615884,61.62700362487445,548,12574,Bacteria,Planctomycetota,Planctomycetia,Gemmatales,Gemmataceae,UBA6894,UBA6894 sp017853285,ani_screen,GCA_017853285.1,98.39,0.908,,,3007,3003,4,42
S01M08_bin.52,S01M08,62.22570532915361,0.8620689655172413,1111023,47.60873537271505,230,6128,Bacteria,Actinomycetota,Actinomycetes,Nanopelagicales,Nanopelagicaceae,Planktophila,,taxonomic classification defined by topology and ANI,,,,48.65,Genome not assigned to closest species as it falls outside its pre-defined ANI radius,1000,1000,0,36
S01M08_bin.53,S01M08,52.29885057471265,0.7183908045977011,1017429,74.64265319742212,251,4737,Bacteria,Actinomycetota,Thermoleophilia,Gaiellales,F1-60-MAGs149,F1-60-MAGs149,F1-60-MAGs149 sp041182985,ani_screen,GCA_041182985.1,98.33,0.73,,,957,956,1,39
S01M08_bin.56,S01M08,96.59863945578232,3.313122350389431,1968692,56.2410981504471,189,16733,Bacteria,Verrucomicrobiota,Verrucomicrobiia,Verrucomicrobiales,Akkermansiaceae,Luteolibacter,,taxonomic classification defined by topology and ANI,,,,85.72,,1476,1476,0,39
S01M08_bin.59,S01M08,57.63191763191763,3.59073359073359,1117262,57.70651825623712,403,2891,Bacteria,Actinomycetota,Actinomycetes,UBA12327,UBA12327,AcAMD-2,AcAMD-2 sp943332445,ani_screen,GCA_943332445.1,98.08,0.631,,,1061,1060,1,38
S01M08_bin.72,S01M08,74.83076563958917,2.707749766573296,2830581,54.93822646304769,646,5336,Bacteria,Bdellovibrionota_B,UBA2361,UBA2361,OMII01,OMII01,,taxonomic classification fully defined by topology,,,,65.21,,2279,2278,1,39
S01M09_bin.1,S01M09,80.5827067669173,4.868421052631579,1179765,48.67257462291219,157,10487,Bacteria,Actinomycetota,Actinomycetes,Nanopelagicales,Nanopelagicaceae,Planktophila,Planktophila sp029977785,ani_screen,GCA_029977785.1,97.58,0.875,,,1002,1002,0,37
S01M09_bin.15,S01M09,53.29667021761536,4.574056895485467,2235155,61.46598334343704,862,2624,Bacteria,Pseudomonadota,Gammaproteobacteria,Pseudomonadales,Pseudomonadaceae,Pseudomonas_E,Pseudomonas_E sp002256055,ani_screen,GCA_002256055.1,98.52,0.723,,,2222,2220,2,41
S01M09_bin.2,S01M09,70.4235907461714,4.032258064516129,2450862,36.24565561014859,633,4426,Bacteria,Bacteroidota,Bacteroidia,CAIKAF01,CAIKAF01,JANWKQ01,JANWKQ01 sp040376605,ani_screen,GCA_040376605.1,99.26,0.85,,,2012,2012,0,40
S01M09_bin.27,S01M09,91.66666666666666,1.954022988505747,2154309,70.62115973149628,497,5354,Bacteria,Actinomycetota,Thermoleophilia,Gaiellales,F1-60-MAGs149,F1-60-MAGs149,,taxonomic classification defined by topology and ANI,,,,84.25,Genome not assigned to closest species as it falls outside its pre-defined ANI radius,1887,1886,1,44
S01M09_bin.34,S01M09,50.43887147335423,1.724137931034483,1633624,59.78970681135929,610,2880,Bacteria,Pseudomonadota,Alphaproteobacteria,Rhodobacterales,Rhodobacteraceae,Stagnihabitans,Stagnihabitans antarcticus_A,ani_screen,GCA_945862465.1,96.48,0.806,,,1612,1612,0,41
S01M09_bin.35,S01M09,78.0564263322884,3.448275862068965,2018764,32.67449786106747,319,8312,Bacteria,Bacteroidota,Bacteroidia,Flavobacteriales,Flavobacteriaceae,Flavobacterium,,taxonomic classification defined by topology and ANI,,,,68.23,Genome not assigned to closest species as it falls outside its pre-defined ANI radius,1609,1608,1,39
S01M09_bin.38,S01M09,58.54331357048748,3.170289855072463,1301536,66.55520861505175,495,2666,Bacteria,Cyanobacteriota,Cyanobacteriia,PCC-6307,Cyanobiaceae,Vulcanococcus,Vulcanococcus sp039798305,ani_screen,GCA_039798305.1,98.64,0.594,,,1408,1406,2,37
S01M09_bin.41,S01M09,98.95833333333331,0.78125,4304220,70.92204859417038,35,193489,Bacteria,Actinomycetota,Actinomycetes,Propionibacteriales,Nocardioidaceae,Nocardioides,,taxonomic classification defined by topology and ANI,,,,94.26,Genome not assigned to closest species as it falls outside its pre-defined ANI radius,3176,3174,2,42
S01M09_bin.42,S01M09,88.2051282051282,1.92955192955193,2304033,65.15557719876408,451,6690,Bacteria,Actinomycetota,Acidimicrobiia,Acidimicrobiales,Ilumatobacteraceae,Casp-actino8,Casp-actino8 sp021298195,ani_screen,GCA_021298195.1,98.4,0.892,,,1982,1980,2,40
S01M09_bin.49,S01M09,58.96029258098224,9.482758620689657,2475347,59.65280827294113,947,2727,Bacteria,Pseudomonadota,Gammaproteobacteria,Burkholderiales,Burkholderiaceae,Limnohabitans_A,,taxonomic classification fully defined by topology,,,,37.33,Genome has more than 12.5% of markers with multiple hits,2422,2422,0,42
S01M09_bin.57,S01M09,93.8423645320197,1.231527093596059,2366351,39.86310568465963,300,10975,Bacteria,Bacteroidota,Bacteroidia,Chitinophagales,Chitinophagaceae,OLB11,OLB11 sp903881265,ani_screen,GCA_903881265.1,97.95,0.88,,,1647,1646,1,38
S01M09_bin.61,S01M09,77.03849303849304,2.882882882882882,3317951,41.58458036300114,875,4464,Bacteria,Bacteroidota,Bacteroidia,Flavobacteriales,Crocinitomicaceae,M2408,,taxonomic classification fully defined by topology,,,,57.74,,2719,2718,1,39
S01M09_bin.8,S01M09,93.87978142076504,1.703096539162113,2298210,32.88676839801411,399,7896,Bacteria,Bacteroidota_A,Kapaibacteriia,Kapaibacteriales,UBA961,UBA961,UBA961 sp023259575,ani_screen,GCA_023259575.1,98.46,0.821,,,1687,1686,1,38
S02M01_bin.2,S02M01,61.33631395926479,7.395264116575592,3652469,37.51648542396938,1217,3129,Bacteria,Bacteroidota,Bacteroidia,Chitinophagales,Chitinophagaceae,Pollutibacter,,taxonomic classification defined by topology and ANI,,,,44.2,,2974,2973,1,42
S02M01_bin.22,S02M01,67.35047410649162,0.1094091903719912,4376455,44.92165462686124,686,7885,Bacteria,Cyanobacteriota,Cyanobacteriia,Cyanobacteriales,Microcoleaceae,Microcoleus,,taxonomic classification defined by topology and ANI,,,,54.35,Genome not assigned to closest species as it falls outside its pre-defined ANI radius,3026,3022,4,42
S02M02_bin.10,S02M02,87.91916766706684,1.360544217687075,1983038,58.35697550929433,189,14903,Bacteria,Verrucomicrobiota,Verrucomicrobiia,Verrucomicrobiales,Akkermansiaceae,Luteolibacter,Luteolibacter muciniphilus_E,ani_screen,GCA_943324575.2,97.95,0.694,,,1482,1480,2,39
S02M02_bin.12,S02M02,51.46014601460146,0.495049504950495,596508,38.99562118194559,91,9265,Bacteria,Patescibacteriota,Doudnabacteria,UBA920,UBA920,UBA920,,taxonomic classification fully defined by topology,,,,43.86,,510,509,1,34
S02M02_bin.14,S02M02,96.98542805100182,0.1001821493624772,4651356,53.37789668217182,139,56342,Bacteria,Pseudomonadota,Gammaproteobacteria,Enterobacterales,Enterobacteriaceae,Rahnella,Rahnella rivi,ani_screen,GCF_019049655.1,98.55,0.918,,,3416,3408,8,42
S02M02_bin.20,S02M02,55.29114219114219,1.4,1377453,45.12364487209364,335,4936,Bacteria,Pseudomonadota,Gammaproteobacteria,Burkholderiales,Burkholderiaceae,Polynucleobacter,Polynucleobacter sp021395205,ani_screen,GCF_021395205.1,99.51,0.882,,,1244,1244,0,38
S02M02_bin.23,S02M02,72.41379310344827,0.8620689655172413,4982077,61.5448135386105,877,7566,Bacteria,Verrucomicrobiota,Verrucomicrobiia,Verrucomicrobiales,V1-33,CAIZWU01,CAIZWU01 sp903936775,ani_screen,GCA_903936775.1,98.8,0.864,,,3381,3377,4,41
S02M05_bin.11,S02M05,50.75433231396534,0.9174311926605504,773979,63.21269698531873,252,3324,Bacteria,Chloroflexota,Limnocylindria,Limnocylindrales,Limnocylindraceae,Limnocylindrus,,taxonomic classification defined by topology and ANI,,,,31.71,Genome not assigned to closest species as it falls outside its pre-defined ANI radius,709,708,1,37
S02M05_bin.17,S02M05,66.35453474676089,5.019837579815263,1873463,32.13033830932343,650,3041,Bacteria,Bacteroidota,Bacteroidia,Flavobacteriales,Flavobacteriaceae,Flavobacterium,Flavobacterium sp004293165,ani_screen,GCF_035195345.1,96.71,0.572,,,1937,1936,1,37
S02M05_bin.2,S02M05,85.38140327356014,3.18417965476789,1015867,37.0010050528268,187,8965,Bacteria,Pseudomonadota,Gammaproteobacteria,Burkholderiales,Methylophilaceae,Methylopumilus,Methylopumilus universalis,ani_screen,GCF_006364435.1,98.46,0.936,,,945,945,0,38
S02M05_bin.22,S02M05,79.48694767875803,2.737787356321839,1501141,60.05378575363673,395,4396,Bacteria,Pseudomonadota,Gammaproteobacteria,Xanthomonadales,Xanthomonadaceae,Arenimonas,Arenimonas sp021299355,ani_screen,GCA_021299355.1,99.04,0.861,,,1332,1331,1,42
S02M05_bin.33,S02M05,68.63960826024278,5.722073876279484,2322073,62.00524272923374,790,3072,Bacteria,Pseudomonadota,Gammaproteobacteria,Burkholderiales,Burkholderiaceae,Polaromonas,,taxonomic classification fully defined by topology,,,,48.29,,2185,2184,1,39
S02M05_bin.37,S02M05,79.95618838992333,0.2008032128514056,941449,29.45533958823048,259,4108,Bacteria,Pseudomonadota,Alphaproteobacteria,Pelagibacterales,Pelagibacteraceae,Fonsibacter,Fonsibacter sp018882565,ani_screen,GCA_018882565.1,99.11,0.727,,,960,960,0,36
S02M05_bin.5,S02M05,64.9446073639622,1.881720430107527,1579662,41.54274775236728,527,3090,Bacteria,Bacteroidota,Bacteroidia,Flavobacteriales,Sanyastnellaceae,CAIZGX01,,taxonomic classification defined by topology and ANI,,,,49.21,,1372,1371,1,40
S02M05_bin.6,S02M05,83.71957671957671,0.7142857142857143,1687724,53.38793546812156,378,5292,Bacteria,Bacteroidota,Bacteroidia,UBA7662,UBA7662,SYHX01,SYHX01 sp009926245,ani_screen,GCA_009926245.1,95.95,0.756,,,1283,1283,0,41
S02M06_bin.11,S02M06,75.22450721110337,2.071651090342679,2791442,61.24175247058689,592,6140,Bacteria,Pseudomonadota,Gammaproteobacteria,Burkholderiales,Burkholderiaceae,Limnohabitans_A,Limnohabitans_A sp017848645,ani_screen,GCF_017848645.1,95.76,0.757,,,2405,2405,0,41
S02M06_bin.26,S02M06,74.01913875598086,3.508771929824561,845180,49.45680210132753,227,4022,Bacteria,Actinomycetota,Actinomycetes,Actinomycetales,Microbacteriaceae,Rhodoluna,,taxonomic classification defined by topology and ANI,,,,54.92,Genome not assigned to closest species as it falls outside its pre-defined ANI radius,761,761,0,38
S02M06_bin.37,S02M06,76.94587733139134,2.482998330575803,2112128,55.93235826616569,425,6660,Bacteria,Pseudomonadota,Gammaproteobacteria,Burkholderiales,Burkholderiaceae,Limnohabitans,Limnohabitans sp036822095,ani_screen,GCA_036822095.1,97.15,0.687,,,1901,1901,0,42
S02M06_bin.4,S02M06,77.82131661442007,5.705329153605016,2495256,52.90062422452847,573,5107,Bacteria,Pseudomonadota,Gammaproteobacteria,Burkholderiales,Burkholderiaceae,Zwartia,Zwartia sp041175585,ani_screen,GCA_041175585.1,96.57,0.709,,,2225,2225,0,41
S02M07_bin.13,S02M07,65.44235588972431,4.649122807017544,1076962,46.43729305212255,294,4235,Bacteria,Actinomycetota,Actinomycetes,Nanopelagicales,Nanopelagicaceae,Planktophila,,taxonomic classification defined by topology and ANI,,,,63.56,,1039,1039,0,37
S02M07_bin.17,S02M07,57.11608196997808,3.896103896103896,1799221,68.31500966251505,687,2643,Bacteria,Pseudomonadota,Alphaproteobacteria,Caulobacterales,Caulobacteraceae,Brevundimonas,,taxonomic classification defined by topology and ANI,,,,45.73,,1724,1724,0,41
S02M07_bin.23,S02M07,86.566091954023,1.235632183908046,1904676,71.15745670129724,362,6459,Bacteria,Actinomycetota,Thermoleophilia,Miltoncostaeales,Miltoncostaeaceae,SYFI01,SYFI01 sp945873475,ani_screen,GCA_945873475.1,97.07,0.831,,,1614,1612,2,39
S02M07_bin.29,S02M07,92.25023342670404,2.72108843537415,4516236,63.73683749033488,678,9576,Bacteria,Verrucomicrobiota,Verrucomicrobiia,Verrucomicrobiales,V1-33,V1-33,,taxonomic classification defined by topology and ANI,,,,84.05,Genome not assigned to closest species as it falls outside its pre-defined ANI radius,2891,2888,3,39
S02M07_bin.5,S02M07,89.74358974358974,3.181386514719848,2058960,63.75101993239305,403,6610,Bacteria,Actinomycetota,Acidimicrobiia,Acidimicrobiales,Ilumatobacteraceae,F1-20-MAGs119,F1-20-MAGs119 sp040401695,ani_screen,GCA_040401695.1,97.82,0.873,,,1802,1800,2,41
S02M07_bin.9,S02M07,60.30501930501931,2.149292149292149,971852,44.06699785564057,275,3840,Bacteria,Actinomycetota,Actinomycetes,S36-B12,UBA5976,UBA5976,,taxonomic classification fully defined by topology,,,,59.59,,936,934,2,37
S02M08_bin.16,S02M08,54.74137931034483,4.310344827586207,674325,41.50713676639602,191,3852,Bacteria,Actinomycetota,Actinomycetes,Nanopelagicales,Nanopelagicaceae,Nanopelagicus,Nanopelagicus sp943324025,ani_screen,GCA_943324025.2,96.88,0.534,,,678,678,0,35
S02M08_bin.17,S02M08,62.63659147869674,7.124060150375939,1081160,48.44620592696734,279,4477,Bacteria,Actinomycetota,Actinomycetes,Nanopelagicales,Nanopelagicaceae,Planktophila,,taxonomic classification defined by topology and ANI,,,,46.29,Genome not assigned to closest species as it falls outside its pre-defined ANI radius;Genome has more than 10.0% of markers with multiple hits,1000,1000,0,36
S02M08_bin.21,S02M08,73.12155388471177,9.666666666666668,1296596,50.4142385137699,329,4464,Bacteria,Actinomycetota,Actinomycetes,Nanopelagicales,Nanopelagicaceae,IMCC26077,,taxonomic classification defined by topology and ANI,,,,57.86,Genome has more than 12.5% of markers with multiple hits;Genome not assigned to closest species as it falls outside its pre-defined ANI radius,1187,1186,1,37
S02M08_bin.24,S02M08,50.55216802168022,1.863143631436314,728525,59.86850142411036,268,2888,Bacteria,Pseudomonadota,Gammaproteobacteria,Burkholderiales,Burkholderiaceae,UBA2463,UBA2463 sp041171045,ani_screen,GCA_041171045.1,98.53,0.773,,,709,709,0,39
S02M08_bin.36,S02M08,68.65147198480533,5.394112060778728,1498073,60.57788906148098,472,3303,Bacteria,Actinomycetota,Acidimicrobiia,Acidimicrobiales,Ilumatobacteraceae,UBA3006,,taxonomic classification defined by topology and ANI,,,,49.4,Genome not assigned to closest species as it falls outside its pre-defined ANI radius,1407,1406,1,40
S02M08_bin.4,S02M08,70.82766921551968,3.987538940809969,1969685,53.59684416543762,451,5257,Bacteria,Pseudomonadota,Gammaproteobacteria,Burkholderiales,Burkholderiaceae,Limnohabitans_A,Limnohabitans_A sp001412575,ani_screen,GCF_001412575.1,98.31,0.939,,,1727,1727,0,39
S02M08_bin.50,S02M08,85.03466743536836,0.7690809968847351,2220718,50.36114445868408,309,11191,Bacteria,Pseudomonadota,Gammaproteobacteria,Burkholderiales,Burkholderiaceae,Limnohabitans,Limnohabitans sp009923345,ani_screen,GCA_009923345.1,99.41,0.799,,,1841,1841,0,40
S02M08_bin.55,S02M08,61.58646616541353,6.315789473684211,978598,46.47250454221243,203,6787,Bacteria,Actinomycetota,Actinomycetes,Nanopelagicales,Nanopelagicaceae,UBA7398,UBA7398 sp009927575,ani_screen,GCA_009927575.1,97.16,0.76,,,869,869,0,39
S02M08_bin.62,S02M08,58.43915343915343,4.761904761904762,1813168,49.98566045727699,584,3389,Bacteria,Bacteroidota,Bacteroidia,AKYH767-A,OLB10,JAJTFW01,,taxonomic classification fully defined by topology,,,,42.24,,1513,1512,1,40
S02M08_bin.78,S02M08,89.05309250136837,1.477832512315271,1653350,42.1270753319019,239,12503,Bacteria,Bacteroidota,Bacteroidia,Chitinophagales,Chitinophagaceae,JJ008,JJ008 sp014190475,ani_screen,GCA_014190475.1,98.65,0.888,,,1296,1295,1,40
S02M08_bin.79,S02M08,76.45773979107312,5.384615384615385,1585063,58.96327149141706,442,4101,Bacteria,Actinomycetota,Acidimicrobiia,Acidimicrobiales,Ilumatobacteraceae,UBA2093,,taxonomic classification defined by topology and ANI,,,,64.24,Genome not assigned to closest species as it falls outside its pre-defined ANI radius,1471,1470,1,39
S02M08_bin.81,S02M08,78.92773892773893,3.936803936803937,1356804,64.18554190583164,310,5046,Bacteria,Actinomycetota,Acidimicrobiia,Acidimicrobiales,Ilumatobacteraceae,UBA3006,,taxonomic classification defined by topology and ANI,,,,61.34,,1184,1182,2,38
S02M09_bin.1,S02M09,98.44559585492227,1.010362694300518,4455420,71.10467700014813,51,120548,Bacteria,Actinomycetota,Actinomycetes,Propionibacteriales,Nocardioidaceae,Nocardioides,Nocardioides glacieisoli,ani_screen,GCF_004137245.1,95.46,0.787,,,3379,3375,4,42
S02M09_bin.2,S02M09,58.94769306686406,6.260794473229708,2952050,71.758845548009,1025,3066,Bacteria,Actinomycetota,Actinomycetes,Propionibacteriales,Nocardioidaceae,Nocardioides,,taxonomic classification defined by topology and ANI,,,,50.36,Genome not assigned to closest species as it falls outside its pre-defined ANI radius,2823,2821,2,41
S02M09_bin.31,S02M09,83.07254000990199,9.815925335901245,3445276,64.3063139208586,961,4138,Bacteria,Pseudomonadota,Alphaproteobacteria,Sphingomonadales,Sphingomonadaceae,Sphingopyxis,,taxonomic classification defined by topology and ANI,,,,62.37,,3123,3122,1,41
S02M09_bin.34,S02M09,79.53925353925355,3.908622908622908,1422407,57.4175323940335,345,4716,Bacteria,Actinomycetota,Actinomycetes,UBA12327,UBA12327,AcAMD-2,AcAMD-2 sp000754455,ani_screen,GCA_000754455.1,97.71,0.87,,,1248,1244,4,38
S02M10_bin.19,S02M10,76.32407407407408,1.74074074074074,4644269,48.05815511547673,714,9729,Bacteria,Cyanobacteriota,Cyanobacteriia,Cyanobacteriales,Chroococcidiopsidaceae,JAFAVL01,,taxonomic novelty determined using RED,,,,61.2,,3735,3732,3,40
S02M10_bin.33,S02M10,83.59477124183006,0.0,3486213,53.94395006845537,151,47020,Bacteria,Bdellovibrionota_B,UBA2361,UBA2361,OMII01,OMII01,OMII01 sp023262305,ani_screen,GCA_023262305.1,99.6,0.864,,,2386,2384,2,39
S02M12_bin.13,S02M12,90.14005602240896,2.380952380952381,3859986,61.67392835103547,721,6992,Bacteria,Verrucomicrobiota,Verrucomicrobiia,Verrucomicrobiales,Akkermansiaceae,Luteolibacter,Luteolibacter sp041306405,ani_screen,GCA_041306405.1,99.3,0.735,,,3096,3093,3,41
S02M12_bin.37,S02M12,90.50682261208576,1.851851851851852,1982282,46.75182441247007,125,25725,Bacteria,Pseudomonadota,Gammaproteobacteria,Legionellales,Legionellaceae,DDPF01,,taxonomic classification defined by topology and ANI,,,,81.55,,1459,1458,1,40
S02M12_bin.38,S02M12,97.07602339181288,0.1949317738791422,2152731,40.8217283069738,63,59847,Bacteria,Pseudomonadota,Gammaproteobacteria,Legionellales,Legionellaceae,GCA-2786165,,taxonomic classification fully defined by topology,,,,96.72,,1515,1515,0,38
S03M01_bin.10,S03M01,90.74667781804663,1.211163770405476,3343911,52.70194093084415,485,10025,Bacteria,Pseudomonadota,Gammaproteobacteria,Burkholderiales,Burkholderiaceae,Zwartia,Zwartia sp030832095,ani_screen,GCA_030832095.1,98.64,0.82,,,2671,2670,1,41
S03M01_bin.20,S03M01,55.17241379310344,0.0,2816880,43.70420465195535,578,6093,Bacteria,Bacteroidota,Bacteroidia,Chitinophagales,Chitinophagaceae,Ferruginibacter,,taxonomic classification fully defined by topology,,,,46.07,,1985,1984,1,38
S03M01_bin.9,S03M01,78.19184491978609,0.5681818181818182,4258782,44.02394863132229,742,8101,Bacteria,Planctomycetota,Planctomycetia,Gemmatales,Gemmataceae,UBA969,,taxonomic classification defined by topology and ANI,,,,55.76,Genome not assigned to closest species as it falls outside its pre-defined ANI radius,2995,2994,1,40
S03M02_bin.14,S03M02,87.92163255126218,1.035665294924554,2078723,44.0497363044523,305,9567,Bacteria,Pseudomonadota,Gammaproteobacteria,Burkholderiales,Burkholderiaceae,Polynucleobacter,Polynucleobacter sp903944255,ani_screen,GCA_903944255.1,99.13,0.861,,,1754,1754,0,39
S03M02_bin.2,S03M02,63.80165289256199,0.0,748910,44.98123940126317,85,10892,Bacteria,Patescibacteriota,Saccharimonadia,Saccharimonadales,JALRHH01,JALRHH01,,taxonomic novelty determined using RED,,,,47.84,,670,668,2,35
S03M02_bin.5,S03M02,83.16178645371191,2.72108843537415,4293763,60.13142784080071,823,6672,Bacteria,Verrucomicrobiota,Verrucomicrobiia,Verrucomicrobiales,V1-33,CAJBME01,CAJBME01 sp023253575,ani_screen,GCA_023253575.1,95.44,0.689,,,2858,2854,4,40
S03M05_bin.24,S03M05,95.46485260770976,2.72108843537415,2599982,55.19468980939099,360,10273,Bacteria,Verrucomicrobiota,Verrucomicrobiia,Verrucomicrobiales,Akkermansiaceae,UBA956,,taxonomic classification defined by topology and ANI,,,,88.03,Genome not assigned to closest species as it falls outside its pre-defined ANI radius,1873,1870,3,39
S03M05_bin.49,S03M05,97.60425909494232,1.440576230492197,3398005,52.60886902756175,354,14487,Bacteria,Verrucomicrobiota,Verrucomicrobiia,Verrucomicrobiales,Akkermansiaceae,UBA956,,taxonomic classification fully defined by topology,,,,84.21,,2301,2300,1,40
S03M05_bin.60,S03M05,93.44128955930198,2.72108843537415,5064534,63.67634218666515,954,6870,Bacteria,Verrucomicrobiota,Verrucomicrobiia,Verrucomicrobiales,V1-33,V1-33,V1-33 sp947462995,ani_screen,GCA_947462995.1,96.21,0.711,,,3423,3421,2,41
S03M05_bin.7,S03M05,92.39180017801512,3.75,2897491,64.21966453045066,555,7030,Bacteria,Pseudomonadota,Gammaproteobacteria,Burkholderiales,Burkholderiaceae,PBB1,PBB1 sp947462065,ani_screen,GCA_947462065.1,99.0,0.848,,,2308,2307,1,41
S03M06_bin.15,S03M06,53.3437139561707,6.176470588235294,3977760,51.92548067253932,1425,2882,Bacteria,Planctomycetota,Planctomycetia,Pirellulales,Pirellulaceae,Pirellula_B,,taxonomic classification defined by topology and ANI,,,,37.33,,3019,3019,0,39
S03M06_bin.26,S03M06,86.96560846560848,3.73015873015873,2972699,37.89909439199865,726,4995,Bacteria,Bacteroidota,Bacteroidia,UBA4408,UBA4408,CAIKXD01,CAIKXD01 sp023262495,ani_screen,GCA_023262495.1,98.61,0.778,,,2314,2314,0,38
S03M06_bin.4,S03M06,91.34213421342136,3.894389438943894,2619146,44.20925752134474,527,6165,Bacteria,Bacteroidota,Bacteroidia,Chitinophagales,Saprospiraceae,CANHEE01,CANHEE01 sp947459655,ani_screen,GCA_947459655.1,98.28,0.935,,,1892,1891,1,37
S03M07_bin.26,S03M07,68.96551724137932,1.724137931034483,2525416,70.20019672006514,354,13096,Bacteria,Pseudomonadota,Gammaproteobacteria,Xanthomonadales,Xanthomonadaceae,Silanimonas,Silanimonas sp021297925,ani_screen,GCA_027532825.1,98.91,0.803,,,1963,1961,2,41
S03M08_bin.60,S03M08,70.55591467356173,3.296703296703297,1551438,71.78939796498474,494,3404,Bacteria,Gemmatimonadota,Gemmatimonadetes,Gemmatimonadales,Gemmatimonadaceae,Pseudogemmatithrix,,taxonomic classification defined by topology and ANI,,,,64.22,,1295,1295,0,37
S03M09_bin.26,S03M09,96.39299197940046,0.6802721088435374,2549544,51.61515157220271,320,11577,Bacteria,Verrucomicrobiota,Verrucomicrobiia,Verrucomicrobiales,Akkermansiaceae,Luteolibacter,,taxonomic classification defined by topology and ANI,,,,89.65,Genome not assigned to closest species as it falls outside its pre-defined ANI radius,1831,1828,3,37
S03M09_bin.4,S03M09,98.86553840431468,0.1766784452296819,2929121,32.82902959625089,64,115824,Bacteria,Bacteroidota,Bacteroidia,Flavobacteriales,Flavobacteriaceae,Flavobacterium,,taxonomic classification fully defined by topology,,,,94.56,,2019,2018,1,39
S03M10_bin.17,S03M10,88.35271317829456,0.6782945736434108,1634285,41.27327852853082,137,18685,Bacteria,Pseudomonadota,Gammaproteobacteria,Legionellales,Legionellaceae,UBA2653,,taxonomic classification fully defined by topology,,,,73.89,,1235,1235,0,39
S03M10_bin.19,S03M10,89.2833397726907,3.26797385620915,4384713,36.01724901949112,425,16777,Bacteria,Bacteroidota,Bacteroidia,Flavobacteriales,Weeksellaceae,Chryseobacterium,,taxonomic classification defined by topology and ANI,,,,62.39,Genome not assigned to closest species as it falls outside its pre-defined ANI radius,3300,3296,4,40
S03M10_bin.22,S03M10,55.43887147335423,3.448275862068965,2281451,54.12011916977397,452,6849,Bacteria,Bdellovibrionota_B,UBA2361,UBA2361,OMII01,OMII01,,taxonomic classification defined by topology and ANI,,,,38.64,,1783,1783,0,39
S03M10_bin.36,S03M10,59.43573667711598,0.0,1275868,43.48678703439541,196,9622,Bacteria,Chlamydiota,Chlamydiia,Chlamydiales,,,,taxonomic novelty determined using RED,,,,53.02,,859,859,0,35
S03M12_bin.23,S03M12,68.4142561983471,1.136363636363636,3595393,55.91252472261029,224,25395,Bacteria,Planctomycetota,Planctomycetia,Gemmatales,Gemmataceae,UBA6894,UBA6894 sp903912515,ani_screen,GCA_903912515.1,97.31,0.87,,,2227,2224,3,38
S04M01_bin.12,S04M01,92.51461988304092,0.9746588693957114,2219863,40.79400395429808,135,28694,Bacteria,Pseudomonadota,Gammaproteobacteria,Legionellales,Legionellaceae,DDPF01,,taxonomic novelty determined using RED,,,,78.3,,1634,1632,2,43
S04M05_bin.1,S04M05,50.50156739811912,6.896551724137931,2124965,63.4416096265115,377,8721,Bacteria,Verrucomicrobiota,Verrucomicrobiia,Opitutales,UBA953,UBA953,UBA953 sp943330755,ani_screen,GCA_943330755.2,97.61,0.596,,,1597,1597,0,39
S04M05_bin.13,S04M05,90.98553060294994,2.173913043478261,2886224,61.30788878479287,655,5302,Bacteria,Verrucomicrobiota,Verrucomicrobiia,Opitutales,Opitutaceae,Tous-C4FEB,Tous-C4FEB sp903938935,ani_screen,GCA_903938935.1,98.95,0.905,,,2182,2180,2,41
S04M05_bin.21,S04M05,99.14529914529916,1.424501424501424,2341078,58.08401087020595,253,15219,Bacteria,Actinomycetota,Acidimicrobiia,Acidimicrobiales,UBA8139,F1-20-MAGs160,F1-20-MAGs160 sp009703275,ani_screen,GCA_009703275.1,96.04,0.833,,,1888,1887,1,42
S04M05_bin.27,S04M05,88.61718600483671,1.173802854475124,3266121,59.30907030082474,550,8088,Bacteria,Verrucomicrobiota,Verrucomicrobiia,Verrucomicrobiales,Akkermansiaceae,Luteolibacter,,taxonomic classification fully defined by topology,,,,76.63,,2516,2512,4,40
S04M05_bin.3,S04M05,74.8041388444922,3.547050219405168,1675082,55.1142570930856,468,4060,Bacteria,Pseudomonadota,Alphaproteobacteria,Sphingomonadales,Sphingomonadaceae,Sphingorhabdus_B,,taxonomic classification defined by topology and ANI,,,,63.74,Genome not assigned to closest species as it falls outside its pre-defined ANI radius,1554,1554,0,41
S04M05_bin.30,S04M05,82.703886152162,1.970443349753694,1805358,36.56931201456997,403,5384,Bacteria,Bacteroidota,Bacteroidia,Chitinophagales,JADJOU01,CHPMRC01,CHPMRC01 sp947441115,ani_screen,GCA_947441115.1,95.84,0.762,,,1393,1392,1,39
S04M05_bin.49,S04M05,58.50301039956212,6.272577996715929,1401748,35.26354237708918,516,2751,Bacteria,Bacteroidota,Bacteroidia,Chitinophagales,Chitinophagaceae,Sediminibacterium,,taxonomic classification defined by topology and ANI,,,,50.6,Genome not assigned to closest species as it falls outside its pre-defined ANI radius,1301,1301,0,38
S04M05_bin.5,S04M05,64.40908757908758,4.434285714285714,1154326,50.69313174960973,349,3516,Bacteria,Pseudomonadota,Gammaproteobacteria,Burkholderiales,Burkholderiaceae,Polynucleobacter,Polynucleobacter difficilis,ani_screen,GCF_003065365.1,97.69,0.9,,,1117,1117,0,38
S04M05_bin.50,S04M05,97.04433497536944,1.231527093596059,3109542,43.88138188839385,209,22732,Bacteria,Bacteroidota,Bacteroidia,Chitinophagales,Chitinophagaceae,Pollutibacter,Pollutibacter sp947463105,ani_screen,GCA_947463105.1,99.12,0.953,,,2076,2075,1,40
S04M05_bin.60,S04M05,83.92720306513408,2.561576354679803,2218096,37.99803976022679,419,6962,Bacteria,Bacteroidota,Bacteroidia,Chitinophagales,Chitinophagaceae,Sediminibacterium,,taxonomic classification defined by topology and ANI,,,,74.46,Genome not assigned to closest species as it falls outside its pre-defined ANI radius,1751,1750,1,38
S04M06_bin.11,S04M06,76.33228840125392,0.0,2388381,38.72522851253631,157,24392,Bacteria,Bacteroidota,Bacteroidia,Flavobacteriales,Flavobacteriaceae,Flavobacterium,,taxonomic classification defined by topology and ANI,,,,71.6,Genome not assigned to closest species as it falls outside its pre-defined ANI radius,1740,1739,1,41
S04M06_bin.19,S04M06,57.75862068965517,1.724137931034483,617944,42.59803477337753,118,8011,Bacteria,Actinomycetota,Actinomycetes,Nanopelagicales,Nanopelagicaceae,Nanopelagicus,,taxonomic classification defined by topology and ANI,,,,41.08,,543,542,1,37
S04M06_bin.29,S04M06,71.00313479623824,0.0,2422805,37.65816894054618,144,25351,Bacteria,Bacteroidota,Bacteroidia,Flavobacteriales,Flavobacteriaceae,Flavobacterium,,taxonomic classification defined by topology and ANI,,,,68.84,,1747,1746,1,39
S04M06_bin.30,S04M06,70.84639498432601,4.310344827586207,1325963,41.92718801354186,318,4976,Bacteria,Bacteroidota,Bacteroidia,Sphingobacteriales,Sphingobacteriaceae,JAIPAN01,,taxonomic classification defined by topology and ANI,,,,51.79,Genome not assigned to closest species as it falls outside its pre-defined ANI radius,1160,1160,0,39
S04M06_bin.31,S04M06,81.83385579937305,1.724137931034483,2841624,32.44672764588137,148,34950,Bacteria,Bacteroidota,Bacteroidia,Flavobacteriales,Flavobacteriaceae,Flavobacterium,Flavobacterium cheniae,ani_screen,GCF_004363695.1,97.02,0.845,,,2111,2110,1,39
S04M06_bin.32,S04M06,67.22979414898607,1.459034792368125,2817820,47.39337502040585,651,5407,Bacteria,Pseudomonadota,Gammaproteobacteria,Enterobacterales,Alteromonadaceae,Pararheinheimera,,taxonomic classification fully defined by topology,,,,52.88,,2259,2254,5,40
S04M06_bin.37,S04M06,77.36363636363636,3.052749719416386,2076160,42.29919659371147,430,5736,Bacteria,Bacteroidota,Bacteroidia,Cytophagales,Spirosomataceae,Aquirufa,,taxonomic classification defined by topology and ANI,,,,77.56,Genome not assigned to closest species as it falls outside its pre-defined ANI radius,1684,1684,0,39
S04M06_bin.39,S04M06,98.16719360238052,0.4240282685512367,3027684,30.89166504826792,105,58257,Bacteria,Bacteroidota,Bacteroidia,Flavobacteriales,Flavobacteriaceae,Flavobacterium,,taxonomic classification defined by topology and ANI,,,,88.94,,2147,2146,1,39
S04M06_bin.6,S04M06,67.42095623674571,1.12781954887218,1800361,44.86266920911973,457,4237,Bacteria,Bacteroidota,Bacteroidia,Cytophagales,Cyclobacteriaceae,Algoriphagus,Algoriphagus sp947458475,ani_screen,GCA_947458475.1,99.31,0.922,,,1501,1500,1,42
S04M07_bin.13,S04M07,91.47364073834662,1.841377576671694,1810659,53.9725591621614,330,7058,Bacteria,Pseudomonadota,Gammaproteobacteria,Burkholderiales,Burkholderiaceae,UBA4657,UBA4657 sp002405475,ani_screen,GCA_002405475.1,98.73,0.951,,,1585,1585,0,39
S04M07_bin.16,S04M07,72.91604010025063,0.4385964912280701,1181186,55.20078971474434,267,5179,Bacteria,Actinomycetota,Actinomycetes,Nanopelagicales,Nanopelagicaceae,SYAN01,,taxonomic classification defined by topology and ANI,,,,72.76,Genome not assigned to closest species as it falls outside its pre-defined ANI radius,1068,1067,1,35
S04M07_bin.19,S04M07,62.52933869295158,4.069314641744548,1587765,65.77805909564702,560,2980,Bacteria,Pseudomonadota,Gammaproteobacteria,Burkholderiales,Burkholderiaceae,RFTU01,RFTU01 sp041160585,ani_screen,GCA_041160585.1,98.55,0.719,,,1421,1421,0,38
S04M07_bin.2,S04M07,50.68345199419368,3.04054054054054,1421256,67.09607558384978,370,4519,Bacteria,Verrucomicrobiota,Verrucomicrobiia,Opitutales,UBA953,UBA953,,taxonomic classification defined by topology and ANI,,,,35.23,,1170,1170,0,39
S04M07_bin.32,S04M07,51.75438596491228,0.8771929824561403,854357,50.32111868925988,275,3303,Bacteria,Actinomycetota,Actinomycetes,Actinomycetales,Microbacteriaceae,Aquiluna,,taxonomic classification fully defined by topology,,,,45.49,,828,827,1,38
S04M07_bin.44,S04M07,88.48734873487349,1.65016501650165,1805254,41.41234419090056,216,12750,Bacteria,Bacteroidota,Bacteroidia,Chitinophagales,Chitinophagaceae,JJ008,,taxonomic classification defined by topology and ANI,,,,87.75,,1382,1381,1,39
S04M08_bin.24,S04M08,65.67633665036263,2.878787878787879,1779045,68.8157972395302,664,2767,Bacteria,Pseudomonadota,Alphaproteobacteria,Caulobacterales,Caulobacteraceae,Phenylobacterium,Phenylobacterium sp020401865,ani_screen,GCF_020401865.1,98.43,0.877,,,1726,1726,0,38
S04M08_bin.28,S04M08,96.08710562414264,0.0411522633744856,3481627,69.86230862754684,553,8484,Bacteria,Pseudomonadota,Gammaproteobacteria,Burkholderiales,Burkholderiaceae,JALHMQ01,JALHMQ01 sp020248865,ani_screen,GCA_020248865.1,96.99,0.81,,,2671,2669,2,43
S04M08_bin.4,S04M08,62.02445302445302,0.0,1076414,48.11122857933843,316,3819,Bacteria,Actinomycetota,Actinomycetes,S36-B12,UBA5976,UBA5976,UBA5976 sp023257525,ani_screen,GCA_023257525.1,98.73,0.682,,,1013,1011,2,37
S04M08_bin.46,S04M08,74.90719157385826,6.837606837606837,2009975,65.69280712446673,719,2926,Bacteria,Actinomycetota,Acidimicrobiia,Acidimicrobiales,UBA8139,F1-20-MAGs160,,taxonomic classification fully defined by topology,,,,56.1,,1920,1920,0,42
S04M08_bin.56,S04M08,64.03508771929825,0.0,1012380,46.88180327544993,257,4646,Bacteria,Actinomycetota,Actinomycetes,Actinomycetales,Microbacteriaceae,Rhodoluna,,taxonomic classification fully defined by topology,,,,54.11,,922,921,1,39
S04M08_bin.72,S04M08,87.1584699453552,1.730418943533697,1990112,46.63687269862199,343,7688,Bacteria,Bacteroidota,Bacteroidia,NS11-12g,UBA955,UBA955,UBA955 sp005788145,ani_screen,GCA_005788145.1,96.79,0.838,,,1473,1473,0,39
S04M09_bin.29,S04M09,79.38697318007664,2.011494252873564,2077295,33.48089703195743,416,6357,Bacteria,Bacteroidota,Bacteroidia,Chitinophagales,Chitinophagaceae,CAIXQW01,CAIXQW01 sp903921675,ani_screen,GCA_903921675.1,98.73,0.89,,,1575,1574,1,39
S04M09_bin.46,S04M09,71.31661442006269,0.0,3455756,45.66309079691969,563,8240,Bacteria,Pseudomonadota,Gammaproteobacteria,Enterobacterales,Alteromonadaceae,Pararheinheimera,,taxonomic classification defined by topology and ANI,,,,59.73,,2650,2649,1,42
S04M09_bin.55,S04M09,70.77386163026509,0.7789011929599314,2422084,61.36327228948294,815,3193,Bacteria,Pseudomonadota,Alphaproteobacteria,Acetobacterales,Acetobacteraceae,Neoroseomonas,,taxonomic classification defined by topology and ANI,,,,56.51,,2250,2250,0,40
S04M09_bin.58,S04M09,50.65830721003135,5.172413793103448,2779187,56.10590435260384,684,4748,Bacteria,Pseudomonadota,Alphaproteobacteria,Caulobacterales,TH1-2,Aquidulcibacter,,taxonomic classification defined by topology and ANI,,,,53.06,,2298,2298,0,40
S04M09_bin.8,S04M09,73.60035603026256,3.167993262680917,3257095,59.11740369869469,831,4509,Bacteria,Pseudomonadota,Gammaproteobacteria,Burkholderiales,Burkholderiaceae,Rhodoferax_C,Rhodoferax_C sp963513355,ani_screen,GCF_963513355.1,95.67,0.718,,,2908,2908,0,42
S04M10_bin.15,S04M10,55.17241379310344,4.310344827586207,1371495,47.58136194444748,210,8767,Bacteria,Actinomycetota,Actinomycetes,S36-B12,UBA5976,UBA5976,,taxonomic classification fully defined by topology,,,,46.68,,1106,1104,2,38
S04M10_bin.31,S04M10,57.17703349282297,0.0,2648013,46.4191829873947,504,6414,Bacteria,Planctomycetota,Planctomycetia,Gemmatales,Gemmataceae,UBA969,UBA969 sp005786805,ani_screen,GCA_005786805.1,98.8,0.871,,,1821,1819,2,37
S04M12_bin.35,S04M12,68.20436507936508,0.8928571428571429,2388091,41.18812892808524,700,3824,Bacteria,Bdellovibrionota,Bacteriovoracia,Bacteriovoracales,Bacteriovoracaceae,Peredibacter,,taxonomic classification defined by topology and ANI,,,,53.89,Genome not assigned to closest species as it falls outside its pre-defined ANI radius,2156,2156,0,39
S04M12_bin.6,S04M12,62.92397660818713,2.550357374918778,1644400,40.73376307467769,135,22365,Bacteria,Pseudomonadota,Gammaproteobacteria,Legionellales,Legionellaceae,CAXNER01,,taxonomic novelty determined using RED,,,,50.91,,1186,1185,1,38
S05M02_bin.1,S05M02,72.36467236467236,1.282051282051282,1437394,52.80361543181618,223,8608,Bacteria,Actinomycetota,Acidimicrobiia,IMCC26256,PALSA-555,SHUY01,SHUY01 sp009694435,ani_screen,GCA_009694435.1,97.5,0.906,,,1208,1208,0,39
S05M05_bin.1,S05M05,99.45945945945944,0.5896805896805897,2743570,38.37583877940056,36,141635,Bacteria,Bacteroidota,Bacteroidia,Flavobacteriales,Crocinitomicaceae,UBA952,,taxonomic classification defined by topology and ANI,,,,97.36,Genome not assigned to closest species as it falls outside its pre-defined ANI radius,1858,1856,2,40
S05M05_bin.10,S05M05,68.89650190447003,0.9628154050464808,3252039,45.99831059836613,468,8806,Bacteria,Pseudomonadota,Gammaproteobacteria,Burkholderiales,Burkholderiaceae,Undibacterium,,taxonomic classification defined by topology and ANI,,,,71.54,,2340,2339,1,40
S05M05_bin.2,S05M05,90.06846240179574,1.515151515151515,2576979,41.49960088925832,299,12944,Bacteria,Bacteroidota,Bacteroidia,Cytophagales,Spirosomataceae,Aquirufa,Aquirufa sp947459055,ani_screen,GCA_947459055.1,97.53,0.893,,,1898,1897,1,42
S05M05_bin.29,S05M05,50.0,0.0,720665,40.65189789985638,274,2648,Bacteria,Bacteroidota,Bacteroidia,Sphingobacteriales,Sphingobacteriaceae,JAIPAN01,JAIPAN01 sp947458775,ani_screen,GCA_947458775.1,97.78,0.518,,,681,681,0,37
S05M05_bin.33,S05M05,98.82214369846878,0.4416961130742049,2261482,31.44009105533452,108,33502,Bacteria,Bacteroidota,Bacteroidia,Flavobacteriales,Flavobacteriaceae,Flavobacterium,,taxonomic classification defined by topology and ANI,,,,91.84,Genome not assigned to closest species as it falls outside its pre-defined ANI radius,1684,1683,1,38
S05M05_bin.37,S05M05,82.81926406926407,0.946969696969697,2236593,67.43260843613477,481,5985,Bacteria,Pseudomonadota,Alphaproteobacteria,Caulobacterales,Caulobacteraceae,Brevundimonas,Brevundimonas sp027487935,ani_screen,GCF_027487935.1,96.62,0.849,,,1944,1944,0,42
S05M05_bin.9,S05M05,95.91836734693878,0.9070294784580496,3481019,52.08515092850685,270,23458,Bacteria,Verrucomicrobiota,Verrucomicrobiia,Verrucomicrobiales,Akkermansiaceae,UBA956,UBA956 sp947460915,ani_screen,GCA_947460915.1,98.5,0.851,,,2337,2335,2,39
S05M06_bin.10,S05M06,81.68096936265898,2.141744548286604,2082461,66.49353817430435,528,4815,Bacteria,Pseudomonadota,Gammaproteobacteria,Burkholderiales,Burkholderiaceae,Limnohabitans_A,,taxonomic classification fully defined by topology,,,,59.27,,1920,1920,0,41
S05M06_bin.13,S05M06,87.35819735819737,2.564102564102564,2280564,65.78613886740298,560,4856,Bacteria,Actinomycetota,Acidimicrobiia,Acidimicrobiales,Ilumatobacteraceae,Casp-actino8,Casp-actino8 sp009704425,ani_screen,GCA_009704425.1,97.9,0.807,,,2021,2019,2,42
S05M06_bin.30,S05M06,82.1690031152648,6.103971962616822,2806232,63.54884414403371,612,6265,Bacteria,Pseudomonadota,Gammaproteobacteria,Burkholderiales,Burkholderiaceae,Hydrogenophaga,Hydrogenophaga sp040383055,ani_screen,GCA_040383055.1,98.41,0.699,,,2435,2435,0,42
S05M07_bin.1,S05M07,70.94690749863165,8.0623973727422,2342592,34.06568450673442,896,2639,Bacteria,Bacteroidota,Bacteroidia,Chitinophagales,Chitinophagaceae,Sediminibacterium,Sediminibacterium sp017856545,ani_screen,GCA_017856545.1,98.8,0.609,,,2199,2199,0,39
S05M07_bin.17,S05M07,98.9010989010989,3.296703296703297,4520400,68.92797097601982,164,63487,Bacteria,Gemmatimonadota,Gemmatimonadetes,Gemmatimonadales,Gemmatimonadaceae,Gemmatimonas,Gemmatimonas sp021299375,ani_screen,GCA_021299375.1,99.48,0.944,,,2987,2987,0,41
S05M07_bin.18,S05M07,94.5533608490566,0.589622641509434,4045002,41.61001650926254,589,9412,Bacteria,Cyanobacteriota,Cyanobacteriia,Pseudanabaenales,Pseudanabaenaceae,Pseudanabaena,Pseudanabaena mucicola_A,ani_screen,GCF_030323025.1,99.74,0.91,,,3066,3063,3,39
S05M07_bin.20,S05M07,71.94235588972431,0.9649122807017544,1061553,44.22379287703958,231,5636,Bacteria,Actinomycetota,Actinomycetes,Nanopelagicales,Nanopelagicaceae,MAG-120802,MAG-120802 sp003569145,ani_screen,GCA_003569145.1,97.72,0.838,,,960,959,1,38
S05M07_bin.5,S05M07,87.29050711193568,5.541125541125542,3019885,56.96567915665662,619,6302,Bacteria,Pseudomonadota,Alphaproteobacteria,Caulobacterales,TH1-2,Aquidulcibacter,Aquidulcibacter bacilliformis,ani_screen,GCF_003112735.1,98.43,0.865,,,2549,2549,0,40
S05M07_bin.7,S05M07,93.7031312882887,3.021396950319724,2572569,66.02578978445281,410,8689,Bacteria,Pseudomonadota,Gammaproteobacteria,Burkholderiales,Burkholderiaceae,RFTU01,RFTU01 sp009925955,ani_screen,GCA_009925955.1,99.03,0.799,,,2044,2043,1,39
S05M08_bin.3,S05M08,75.6752305665349,0.9963768115942028,2340803,69.35585779751649,727,3523,Bacteria,Cyanobacteriota,Cyanobacteriia,PCC-6307,Cyanobiaceae,Cyanobium,,taxonomic classification fully defined by topology,,,,59.75,,1900,1900,0,40
S05M08_bin.7,S05M08,62.06896551724138,1.724137931034483,948205,45.24897042306253,215,5155,Bacteria,Actinomycetota,Actinomycetes,Nanopelagicales,Nanopelagicaceae,MAG-120802,MAG-120802 sp018969585,ani_screen,GCA_018969585.1,97.72,0.715,,,857,856,1,39
S05M09_bin.6,S05M09,97.05535924617196,0.0,3525477,35.0418964582665,263,24962,Bacteria,Bacteroidota,Bacteroidia,Flavobacteriales,Flavobacteriaceae,Flavobacterium,Flavobacterium succinicans_A,ani_screen,GCF_001662485.1,97.88,0.783,,,2552,2550,2,39
S05M09_bin.8,S05M09,52.75862068965517,0.0,850951,45.74517216619994,224,4226,Bacteria,Actinomycetota,Actinomycetes,Nanopelagicales,Nanopelagicaceae,Planktophila,,taxonomic classification defined by topology and ANI,,,,44.14,Genome not assigned to closest species as it falls outside its pre-defined ANI radius,791,790,1,35
S05M10_bin.1,S05M10,81.66144200626958,7.210031347962382,2295237,40.37090723093083,325,11400,Bacteria,Pseudomonadota,Gammaproteobacteria,Legionellales,Legionellaceae,DDPF01,,taxonomic novelty determined using RED,,,,63.9,Genome has more than 14.2% of markers with multiple hits,1761,1760,1,39
S05M10_bin.11,S05M10,94.44444444444444,0.3898635477582845,2286701,42.68686636337676,158,22713,Bacteria,Pseudomonadota,Gammaproteobacteria,Legionellales,Legionellaceae,DDPF01,,taxonomic classification fully defined by topology,,,,95.41,,1672,1671,1,41
S05M10_bin.16,S05M10,91.42441860465117,2.51937984496124,2017110,42.63114059223344,103,27035,Bacteria,Pseudomonadota,Gammaproteobacteria,Legionellales,Legionellaceae,GCA-2786165,,taxonomic classification fully defined by topology,,,,76.37,,1441,1440,1,41
S05M10_bin.22,S05M10,87.48953784570597,1.273653566229985,4073195,38.79885446191504,684,8181,Bacteria,Cyanobacteriota,Cyanobacteriia,Cyanobacteriales,Microcoleaceae,,,taxonomic classification fully defined by topology,,,,71.58,,3015,3014,1,40
S05M10_bin.7,S05M10,68.96551724137932,9.482758620689657,2846270,36.88146240518292,470,8484,Bacteria,Pseudomonadota,Gammaproteobacteria,Legionellales,Legionellaceae,UBA2653,,taxonomic classification defined by topology and ANI,,,,51.59,Genome has more than 15.0% of markers with multiple hits,2239,2239,0,40
S06M01_bin.11,S06M01,85.66719829877725,2.00956937799043,3538881,33.78339085151493,628,7872,Bacteria,Bacteroidota,Bacteroidia,Sphingobacteriales,Sphingobacteriaceae,Pelobium,,taxonomic classification defined by topology and ANI,,,,70.06,,2582,2582,0,41
S06M04_bin.9,S06M04,81.45299145299145,1.282051282051282,2676389,56.31673871025475,356,10853,Bacteria,Actinomycetota,Acidimicrobiia,Acidimicrobiales,Microtrichaceae,IMCC26207,,taxonomic classification defined by topology and ANI,,,,67.24,,1998,1996,2,42
S06M06_bin.10,S06M06,52.67310167310167,0.1801801801801801,980348,48.17850395981835,320,3239,Bacteria,Actinomycetota,Actinomycetes,S36-B12,UBA5976,UBA5976,,taxonomic classification defined by topology and ANI,,,,46.96,,937,937,0,37
S06M06_bin.27,S06M06,77.58620689655173,1.724137931034483,3270294,51.84717337340312,693,5773,Bacteria,Pseudomonadota,Gammaproteobacteria,Enterobacterales,Alteromonadaceae,Pararheinheimera,,taxonomic classification fully defined by topology,,,,61.97,,2685,2682,3,40
S06M06_bin.41,S06M06,56.51917582544181,0.3775834658187599,1377231,58.08604366297302,551,2504,Bacteria,Verrucomicrobiota,Verrucomicrobiia,Chthoniobacterales,Terrimicrobiaceae,UBA967,,taxonomic classification defined by topology and ANI,,,,38.84,,1338,1338,0,39
S06M06_bin.7,S06M06,63.08777429467085,0.0,737621,44.14706197356095,166,5110,Bacteria,Actinomycetota,Actinomycetes,Nanopelagicales,Nanopelagicaceae,MAG-120802,,taxonomic classification fully defined by topology,,,,49.27,,681,681,0,35
S06M07_bin.12,S06M07,93.92172961138478,1.111111111111111,2389204,43.48586391116037,332,10733,Bacteria,Bacteroidota,Bacteroidia,Chitinophagales,Chitinophagaceae,Lacibacter,,taxonomic classification defined by topology and ANI,,,,83.6,,1776,1775,1,37
S06M07_bin.21,S06M07,70.5021820640482,2.298850574712644,2440766,67.727426553795,696,3966,Bacteria,Planctomycetota,Planctomycetia,Pirellulales,UBA1268,RGVT01,,taxonomic classification fully defined by topology,,,,47.92,,1877,1876,1,39
S06M07_bin.22,S06M07,70.96856725146199,3.184523809523809,2396227,44.50893008049739,749,3514,Bacteria,Bacteroidota,Bacteroidia,Cytophagales,Cyclobacteriaceae,ELB16-189,ELB16-189 sp018267275,ani_screen,GCA_018267275.1,96.52,0.733,,,2168,2167,1,38
S06M07_bin.3,S06M07,75.22734598734598,2.053333333333333,1419550,47.63988587932796,305,5744,Bacteria,Pseudomonadota,Gammaproteobacteria,Burkholderiales,Burkholderiaceae,Polynucleobacter,Polynucleobacter sp009928245,ani_screen,GCF_018687475.1,97.35,0.929,,,1290,1290,0,40
S06M07_bin.30,S06M07,65.68622076023391,3.701963241436926,2215096,39.61701885606764,669,3631,Bacteria,Bacteroidota,Bacteroidia,Cytophagales,Spirosomataceae,,,taxonomic classification fully defined by topology,,,,54.47,,1868,1866,2,40
S06M07_bin.32,S06M07,60.3448275862069,1.724137931034483,1957088,42.25374638238036,401,6178,Bacteria,Bacteroidota,Bacteroidia,Flavobacteriales,Flavobacteriaceae,Flavobacterium,Flavobacterium fontis,ani_screen,GCF_900129405.1,98.07,0.901,,,1565,1564,1,38
S06M08_bin.32,S06M08,81.96369215306747,3.271028037383178,3327774,60.42615874755918,692,6185,Bacteria,Pseudomonadota,Gammaproteobacteria,Burkholderiales,Burkholderiaceae,Rhodoferax_C,Rhodoferax_C potami,ani_screen,GCF_032193765.1,95.32,0.807,,,2863,2863,0,40
S06M08_bin.37,S06M08,87.67772511848341,1.421800947867299,1079078,33.46125117924747,254,5156,Bacteria,Pseudomonadota,Alphaproteobacteria,Rickettsiales,Rickettsiaceae,Megaera,Megaera sp903828265,ani_screen,GCA_903828265.1,97.33,0.731,,,868,867,1,39
S06M08_bin.39,S06M08,57.21003134796238,3.448275862068965,1453093,50.94945746762252,386,4075,Bacteria,Actinomycetota,Acidimicrobiia,Acidimicrobiales,Ilumatobacteraceae,UBA3006,UBA3006 sp029977615,ani_screen,GCA_029977615.1,98.48,0.784,,,1363,1362,1,41
S06M08_bin.40,S06M08,82.35839598997492,1.991228070175438,1279692,43.95690525532706,158,10936,Bacteria,Actinomycetota,Actinomycetes,Nanopelagicales,Nanopelagicaceae,ZLKRG08,ZLKRG08 sp018883345,ani_screen,GCA_018883345.1,98.89,0.875,,,1089,1088,1,36
S06M08_bin.42,S06M08,50.0,0.0,1654677,42.1125694017624,543,3131,Bacteria,Pseudomonadota,Gammaproteobacteria,Pseudomonadales,Moraxellaceae,Acinetobacter,Acinetobacter johnsonii,ani_screen,GCF_000368045.1,96.3,0.841,,,1516,1514,2,41
S07M01_bin.2,S07M01,53.21942466763439,2.027027027027027,1216737,34.69788458804162,361,4082,Bacteria,Chlamydiota,Chlamydiia,Chlamydiales,VFKH01,,,taxonomic novelty determined using RED,,,,29.47,,958,958,0,35
S07M04_bin.12,S07M04,68.02507836990596,0.0,3844197,67.15196957908245,936,5198,Bacteria,Planctomycetota,Planctomycetia,Pirellulales,UBA1268,QWOP01,QWOP01 sp903949225,ani_screen,GCA_903949225.1,97.51,0.728,,,2746,2744,2,39
S07M05_bin.19,S07M05,98.36309523809524,0.3968253968253967,4636863,37.26745862450541,285,34276,Bacteria,Bacteroidota,Bacteroidia,Cytophagales,Spirosomataceae,Leadbetterella,Leadbetterella fluvialis_A,ani_screen,GCA_945885545.1,97.17,0.859,,,3274,3272,2,39
S07M05_bin.2,S07M05,97.7798540829101,1.787002679859823,4255248,60.06291525194302,273,23543,Bacteria,Pseudomonadota,Gammaproteobacteria,Pseudomonadales,Pseudomonadaceae,Pseudomonas_E,Pseudomonas_E peli,ani_screen,GCF_900099645.1,96.34,0.868,,,3287,3283,4,42
S07M05_bin.28,S07M05,83.10344827586206,0.0,4245814,51.72275563649279,814,6519,Bacteria,Pseudomonadota,Gammaproteobacteria,Enterobacterales,Alteromonadaceae,Pararheinheimera,,taxonomic classification defined by topology and ANI,,,,72.58,,3425,3421,4,41
S07M05_bin.40,S07M05,62.38448844884488,1.98019801980198,1982462,45.76239040143014,670,3103,Bacteria,Bacteroidota,Bacteroidia,Chitinophagales,Saprospiraceae,M3007,,taxonomic classification defined by topology and ANI,,,,52.1,Genome not assigned to closest species as it falls outside its pre-defined ANI radius,1657,1657,0,38
S07M05_bin.5,S07M05,67.71929824561404,0.0,4132836,61.55656793543223,652,8323,Bacteria,Pseudomonadota,Gammaproteobacteria,Pseudomonadales,Pseudomonadaceae,Pseudomonas_E,Pseudomonas_E sp000346755,ani_screen,GCF_030687495.1,98.67,0.856,,,3291,3286,5,41
S07M05_bin.7,S07M05,86.63952713952713,3.843434343434344,2844066,63.20099463233272,795,4021,Bacteria,Pseudomonadota,Alphaproteobacteria,Rhodobacterales,Rhodobacteraceae,Tabrizicola_A,,taxonomic classification defined by topology and ANI,,,,78.55,Genome not assigned to closest species as it falls outside its pre-defined ANI radius,2538,2538,0,41
S07M06_bin.18,S07M06,91.7329093799682,2.702702702702702,2278247,60.09734677583247,339,9045,Bacteria,Verrucomicrobiota,Verrucomicrobiia,Chthoniobacterales,UBA6821,UBA6821,UBA6821 sp041164985,ani_screen,GCA_041164985.1,95.55,0.56,,,1739,1735,4,39
S07M06_bin.19,S07M06,70.38619347109913,1.761006289308176,2252325,67.32798330613922,721,3393,Bacteria,Actinomycetota,Actinomycetes,Mycobacteriales,Mycobacteriaceae,Mycobacterium,Mycobacterium sp964202555,ani_screen,GCA_964202555.1,95.41,0.687,,,2026,2025,1,42
S07M06_bin.21,S07M06,91.24818049490538,4.912663755458516,5443669,41.44787274905951,1117,6098,Bacteria,Cyanobacteriota,Cyanobacteriia,Cyanobacteriales,Microcystaceae,Woronichinia,Woronichinia naegeliana,ani_screen,GCA_025370055.1,95.31,0.576,,,4521,4519,2,41
S07M06_bin.42,S07M06,59.98872180451128,2.894736842105264,1009537,47.49474263944759,248,4604,Bacteria,Actinomycetota,Actinomycetes,Nanopelagicales,Nanopelagicaceae,Planktophila,,taxonomic classification defined by topology and ANI,,,,53.49,,915,915,0,38
S07M07_bin.12,S07M07,57.41776741776743,0.0,904484,50.28513494987197,336,2648,Bacteria,Actinomycetota,Acidimicrobiia,Acidimicrobiales,Ilumatobacteraceae,BACL27,BACL27 sp014190055,ani_screen,GCA_014190055.1,98.56,0.802,,,893,893,0,37
S07M07_bin.16,S07M07,54.95780391931401,4.794170004450378,1479725,58.03355353190626,589,2594,Bacteria,Pseudomonadota,Gammaproteobacteria,Burkholderiales,Burkholderiaceae,SYFN01,SYFN01 sp041182625,ani_screen,GCA_041182625.1,99.33,0.837,,,1459,1459,0,38
S07M07_bin.30,S07M07,71.64892513997374,3.924880763116057,1884082,67.36007243846075,555,3810,Bacteria,Verrucomicrobiota,Verrucomicrobiia,Opitutales,UBA953,UBA953,UBA953 sp005798925,ani_screen,GCA_005798925.1,99.13,0.714,,,1592,1592,0,38
S07M07_bin.37,S07M07,51.06746983014732,1.149425287356322,2342987,67.15414980962335,654,4127,Bacteria,Planctomycetota,Planctomycetia,Pirellulales,UBA1268,RGVT01,,taxonomic classification fully defined by topology,,,,36.66,,1807,1806,1,40
S07M08_bin.17,S07M08,68.68922305764411,1.885964912280702,1107738,51.67711137471135,232,5857,Bacteria,Actinomycetota,Actinomycetes,Nanopelagicales,Nanopelagicaceae,IMCC26077,IMCC26077 sp002284915,ani_screen,GCA_002284915.1,96.26,0.907,,,975,974,1,37
S07M08_bin.22,S07M08,83.20204699515044,2.087854674061571,2121864,52.33827427205514,441,6093,Bacteria,Pseudomonadota,Alphaproteobacteria,Rhizobiales,Beijerinckiaceae,CAIUPE01,CAIUPE01 sp009920595,ani_screen,GCA_009920595.1,98.95,0.801,,,1881,1881,0,43
S07M08_bin.27,S07M08,76.72413793103448,5.172413793103448,2175732,32.3132628467109,374,8961,Bacteria,Bacteroidota,Bacteroidia,Flavobacteriales,Flavobacteriaceae,Flavobacterium,,taxonomic classification defined by topology and ANI,,,,61.3,Genome not assigned to closest species as it falls outside its pre-defined ANI radius,1727,1726,1,39
S07M08_bin.39,S07M08,89.74358974358974,4.112060778727445,1882534,53.02432784746517,271,10722,Bacteria,Actinomycetota,Acidimicrobiia,Acidimicrobiales,Ilumatobacteraceae,UBA2093,UBA2093 sp021299715,ani_screen,GCA_021299715.1,96.52,0.859,,,1599,1597,2,39
S07M08_bin.50,S07M08,78.70615717615716,1.28,1426723,46.77151766670896,337,4807,Bacteria,Pseudomonadota,Gammaproteobacteria,Burkholderiales,Burkholderiaceae,Polynucleobacter,Polynucleobacter sp002359975,ani_screen,GCF_040409815.1,97.84,0.846,,,1317,1317,0,40
S07M08_bin.53,S07M08,52.7896246630262,6.297493145319232,2451286,57.0019573399432,834,3027,Bacteria,Verrucomicrobiota,Verrucomicrobiia,Chthoniobacterales,Terrimicrobiaceae,UBA967,,taxonomic classification defined by topology and ANI,,,,31.79,,2181,2179,2,40
S07M08_bin.55,S07M08,70.34653527300587,1.461510530137981,902434,36.42249737930973,252,3912,Bacteria,Pseudomonadota,Gammaproteobacteria,Burkholderiales,Methylophilaceae,Methylopumilus,Methylopumilus sp041180025,ani_screen,GCA_041180025.1,98.67,0.764,,,843,843,0,36
S07M08_bin.9,S07M08,79.99899355877616,3.750251610305959,2078301,60.38648877135698,454,5668,Bacteria,Pseudomonadota,Gammaproteobacteria,Steroidobacterales,Steroidobacteraceae,UBA964,UBA964 sp023253235,ani_screen,GCA_023253235.1,98.3,0.802,,,1786,1785,1,42
S07M09_bin.16,S07M09,70.35876001393243,5.405372180220051,3878724,70.40908298708544,1280,3245,Bacteria,Planctomycetota,Planctomycetia,Pirellulales,UBA1268,QWPN01,QWPN01 sp964202525,ani_screen,GCA_964202525.1,95.2,0.63,,,2920,2917,3,40
S07M09_bin.6,S07M09,96.07776216288563,1.820250284414106,2582838,58.4252283728209,351,10339,Bacteria,Pseudomonadota,Alphaproteobacteria,Sphingomonadales,Sphingomonadaceae,Sphingorhabdus_B,Sphingorhabdus_B sp021298455,ani_screen,GCA_035196065.1,98.79,0.962,,,2151,2151,0,41
S08M01_bin.25,S08M01,89.69610636277302,1.282051282051282,2725474,57.09021623394683,351,11746,Bacteria,Actinomycetota,Acidimicrobiia,Acidimicrobiales,Microtrichaceae,IMCC26207,IMCC26207 sp009701845,ani_screen,GCA_009701845.1,99.23,0.892,,,2046,2044,2,42
S08M03_bin.15,S08M03,55.17241379310344,0.0,1576068,52.20980313032179,350,5651,Bacteria,Actinomycetota,Actinomycetes,S36-B12,S36-B12,UBA4592,,taxonomic classification defined by topology and ANI,,,,43.23,,1400,1400,0,38
S08M04_bin.21,S08M04,51.14942528735632,1.724137931034483,1780316,51.97712091561273,366,6192,Bacteria,Pseudomonadota,Gammaproteobacteria,Burkholderiales,Burkholderiaceae,Zwartia,,taxonomic classification defined by topology and ANI,,,,38.96,,1557,1557,0,41
S08M04_bin.28,S08M04,73.79310344827586,1.724137931034483,3030171,52.49918238937671,561,6586,Bacteria,Bdellovibrionota_B,UBA2361,UBA2361,OMII01,OMII01,,taxonomic classification fully defined by topology,,,,59.11,,2268,2266,2,40
S08M04_bin.30,S08M04,73.42830009496676,2.564102564102564,2306639,59.91774178794341,514,5783,Bacteria,Actinomycetota,Acidimicrobiia,Acidimicrobiales,Microtrichaceae,CAJANQ01,,taxonomic novelty determined using RED,,,,58.08,,1855,1853,2,42
S08M05_bin.12,S08M05,93.5297418630752,1.80976430976431,3168646,66.70947149034635,493,8169,Bacteria,Actinomycetota,Actinomycetes,Actinomycetales,Microbacteriaceae,Microbacterium,Microbacterium profundi,ani_screen,GCF_000763375.1,98.7,0.823,,,2600,2599,1,43
S08M05_bin.19,S08M05,55.77694235588972,2.048872180451128,870959,44.74401206026919,232,4378,Bacteria,Actinomycetota,Actinomycetes,Nanopelagicales,Nanopelagicaceae,Planktophila,Planktophila sp014190015,ani_screen,GCA_014190015.1,98.96,0.863,,,844,843,1,38
S08M05_bin.25,S08M05,94.28695858508694,2.151946637240755,4150996,65.70596550803711,664,9253,Bacteria,Pseudomonadota,Gammaproteobacteria,Burkholderiales,Burkholderiaceae,Acidovorax,Acidovorax sp001464865,ani_screen,GCA_001464865.1,98.45,0.828,,,3187,3186,1,41
S08M05_bin.29,S08M05,54.12280701754386,1.910331384015595,775748,45.78342451414635,256,3192,Bacteria,Actinomycetota,Actinomycetes,Actinomycetales,Microbacteriaceae,Rhodoluna,,taxonomic classification defined by topology and ANI,,,,49.74,Genome not assigned to closest species as it falls outside its pre-defined ANI radius,733,733,0,37
S08M05_bin.38,S08M05,80.40059981687685,5.106917888916719,4144425,59.65102517237011,1136,4201,Bacteria,Pseudomonadota,Alphaproteobacteria,Rhizobiales,Rhizobiaceae,Agrobacterium,Agrobacterium oryzihabitans,ani_screen,GCF_010669145.1,97.42,0.813,,,3631,3628,3,41
S08M05_bin.5,S08M05,57.43281323285339,1.796509274927264,1771714,61.14649429874122,639,2850,Bacteria,Pseudomonadota,Alphaproteobacteria,Sphingomonadales,Sphingomonadaceae,Sphingopyxis,,taxonomic classification fully defined by topology,,,,43.92,,1654,1653,1,39
S08M06_bin.14,S08M06,76.84807256235827,3.753501400560224,3138091,62.22515535719009,1173,2792,Bacteria,Verrucomicrobiota,Verrucomicrobiia,Verrucomicrobiales,Verrucomicrobiaceae,Prosthecobacter,,taxonomic classification fully defined by topology,,,,59.83,,2729,2728,1,39
S08M06_bin.15,S08M06,94.07787552948842,2.795698924731183,2516780,46.78795921773059,305,12739,Bacteria,Bacteroidota,Bacteroidia,CAIKAF01,CAIKAF01,JAKRSD01,,taxonomic novelty determined using RED,,,,85.11,,1869,1867,2,41
S08M06_bin.21,S08M06,90.21108424772176,1.778563015312132,2534476,31.37962245450342,390,9173,Bacteria,Bacteroidota,Bacteroidia,Flavobacteriales,Flavobacteriaceae,Flavobacterium,Flavobacterium sp947457105,ani_screen,GCA_947457105.1,99.05,0.835,,,2077,2076,1,38
S08M06_bin.24,S08M06,65.11223344556679,0.9820426487093152,2412759,37.46698281925381,883,2797,Bacteria,Bacteroidota,Bacteroidia,Chitinophagales,Saprospiraceae,BJGN01,BJGN01 sp030728245,ani_screen,GCA_030728245.1,95.6,0.702,,,2099,2099,0,40
S08M06_bin.25,S08M06,77.61904761904762,0.7936507936507936,2473483,32.88662182032381,277,13323,Bacteria,Bacteroidota,Bacteroidia,UBA4408,UBA4408,CAIMMJ01,CAIMMJ01 sp903842515,ani_screen,GCA_903842515.1,95.14,0.782,,,1629,1628,1,38
S08M06_bin.3,S08M06,93.84391534391534,1.19047619047619,2423132,36.2281543060799,222,17555,Bacteria,Bacteroidota,Bacteroidia,NS11-12g,UKL13-3,B1,B1 sp021298155,ani_screen,GCA_021298155.1,99.45,0.946,,,1636,1635,1,40
S08M06_bin.36,S08M06,99.10913140311804,0.2969561989606533,4490507,37.6426759829124,278,33405,Bacteria,Cyanobacteriota,Cyanobacteriia,Cyanobacteriales,Nostocaceae,Dolichospermum,Dolichospermum planctonicum,ani_screen,GCF_005402965.1,96.26,0.746,,,3306,3303,3,40
S08M06_bin.38,S08M06,78.73544973544973,3.73015873015873,2277021,35.39743375225788,407,7225,Bacteria,Bacteroidota,Bacteroidia,NS11-12g,UKL13-3,B1,,taxonomic classification defined by topology and ANI,,,,61.93,Genome not assigned to closest species as it falls outside its pre-defined ANI radius,1694,1693,1,40
S08M06_bin.42,S08M06,92.06256109481916,2.394916911045943,3097738,42.28827615505249,473,9207,Bacteria,Bacteroidota,Bacteroidia,Flavobacteriales,Sanyastnellaceae,JAIXWP01,JAIXWP01 sp947457285,ani_screen,GCA_947457285.1,96.61,0.726,,,2318,2316,2,40
S08M06_bin.5,S08M06,64.66064586754241,2.030651340996168,1998988,44.0399842320214,646,3276,Bacteria,Bacteroidota,Bacteroidia,Chitinophagales,Chitinophagaceae,Sediminibacterium,Sediminibacterium sp020403455,ani_screen,GCA_020403455.1,97.9,0.871,,,1724,1723,1,40
S08M07_bin.16,S08M07,79.87892662892664,3.547979797979798,2897398,62.10102995860424,798,4091,Bacteria,Pseudomonadota,Alphaproteobacteria,Rhodobacterales,Rhodobacteraceae,Tabrizicola_A,,taxonomic classification defined by topology and ANI,,,,66.92,,2607,2607,0,41
S08M07_bin.35,S08M07,88.88888888888889,0.8903133903133902,1243936,36.23337535050035,171,14079,Bacteria,Pseudomonadota,Gammaproteobacteria,Burkholderiales,Methylophilaceae,Methylopumilus,Methylopumilus rimovensis,ani_screen,GCF_006364615.1,96.99,0.812,,,1083,1083,0,39
S08M07_bin.39,S08M07,70.86954322935632,1.713395638629284,2068348,60.39032116452358,568,4221,Bacteria,Pseudomonadota,Gammaproteobacteria,Burkholderiales,Burkholderiaceae,Limnohabitans_A,Limnohabitans_A sp027484105,ani_screen,GCA_027484105.1,98.05,0.877,,,1950,1950,0,39
S08M07_bin.54,S08M07,80.04761904761905,1.140350877192982,1194185,38.76057729748741,266,5721,Bacteria,Actinomycetota,Actinomycetes,S36-B12,UBA5976,ATZT02,ATZT02 sp005789325,ani_screen,GCA_005789325.1,97.92,0.912,,,1093,1092,1,38
S08M07_bin.57,S08M07,84.91084260692104,1.953976034858388,2197978,60.63154408278881,471,5619,Bacteria,Pseudomonadota,Gammaproteobacteria,Burkholderiales,Burkholderiaceae,UBA954,,taxonomic classification fully defined by topology,,,,76.31,,1871,1871,0,39
S08M07_bin.6,S08M07,74.61365794699127,1.424501424501424,1380617,51.57954740525432,358,4559,Bacteria,Actinomycetota,Acidimicrobiia,Acidimicrobiales,Ilumatobacteraceae,UBA3006,,taxonomic classification defined by topology and ANI,,,,64.2,Genome not assigned to closest species as it falls outside its pre-defined ANI radius,1270,1269,1,39
S08M08_bin.11,S08M08,96.45341268365256,3.18951087967268,2307484,31.54955787342404,208,18147,Bacteria,Bacteroidota,Bacteroidia,Flavobacteriales,Flavobacteriaceae,Flavobacterium,Flavobacterium sp004293045,ani_screen,GCA_004293045.1,99.8,0.937,,,1720,1719,1,39
S08M08_bin.13,S08M08,64.27899686520377,5.172413793103448,914515,40.67587737762639,255,4053,Bacteria,Actinomycetota,Actinomycetes,Nanopelagicales,Nanopelagicaceae,Nanopelagicus,Nanopelagicus sp035441405,ani_screen,GCA_035441405.1,99.15,0.641,,,854,854,0,37
S08M08_bin.22,S08M08,98.27536231884058,0.5434782608695652,2164944,57.57432986719287,137,29394,Bacteria,Pseudomonadota,Alphaproteobacteria,Sphingomonadales,Sphingomonadaceae,Aquisediminimonas,Aquisediminimonas sp041191345,ani_screen,GCA_041191345.1,99.04,0.929,,,1692,1692,0,41
S08M08_bin.23,S08M08,66.14434947768281,0.9971509971509972,1098253,60.2993117250761,389,2938,Bacteria,Actinomycetota,Acidimicrobiia,Acidimicrobiales,Ilumatobacteraceae,F1-60-MAGs027,F1-60-MAGs027 sp040401775,ani_screen,GCA_040401775.1,96.64,0.713,,,1086,1085,1,39
S08M08_bin.27,S08M08,59.63949843260189,0.0,1694705,54.98266659979171,472,4296,Bacteria,Pseudomonadota,Alphaproteobacteria,Sphingomonadales,Sphingomonadaceae,Sphingorhabdus_B,Sphingorhabdus_B sp002299895,ani_screen,GCA_002299895.1,96.69,0.836,,,1558,1558,0,40
S08M08_bin.31,S08M08,71.14394152330699,8.803859691710159,2120078,57.97951773472485,661,3391,Bacteria,Pseudomonadota,Gammaproteobacteria,Burkholderiales,Burkholderiaceae,Limnohabitans_A,Limnohabitans_A sp041179665,ani_screen,GCA_041179665.1,98.42,0.692,,,1978,1978,0,41
S08M09_bin.6,S08M09,97.57785467128028,2.352941176470588,6225287,50.3659991900775,427,33866,Bacteria,Planctomycetota,Planctomycetia,Pirellulales,Pirellulaceae,Pirellula_B,Pirellula_B sp021300155,ani_screen,GCA_021300155.1,99.04,0.871,,,3908,3908,0,40
S08M10_bin.3,S08M10,89.95339912280701,0.219298245614035,3518849,43.23689365471493,448,9705,Bacteria,Cyanobacteriota,Cyanobacteriia,Cyanobacteriales,Microcystaceae,Microcystis,Microcystis wesenbergii_A,ani_screen,GCF_032027425.1,99.28,0.955,,,2708,2706,2,40
S09M02_bin.23,S09M02,54.3859649122807,0.0,2271323,52.28428541427177,807,2862,Bacteria,Planctomycetota,Planctomycetia,Isosphaerales,Isosphaeraceae,QWQI01,QWQI01 sp945872325,ani_screen,GCA_945872325.1,96.76,0.548,,,1766,1766,0,37
S09M04_bin.40,S09M04,60.81504702194358,1.724137931034483,1525634,52.33411158901807,281,7019,Bacteria,Actinomycetota,Actinomycetes,S36-B12,S36-B12,UBA4592,,taxonomic classification defined by topology and ANI,,,,55.6,Genome not assigned to closest species as it falls outside its pre-defined ANI radius,1371,1370,1,38
S09M04_bin.9,S09M04,93.95183360700602,0.2463054187192118,2069618,33.16694191875023,82,47021,Bacteria,Bacteroidota,Bacteroidia,Chitinophagales,Chitinophagaceae,Ferruginibacter,Ferruginibacter sp903837525,ani_screen,GCA_903837525.1,98.72,0.933,,,1468,1467,1,41
S09M05_bin.20,S09M05,56.42578668894459,5.263157894736842,874623,49.75206460383502,308,2861,Bacteria,Actinomycetota,Actinomycetes,Actinomycetales,Microbacteriaceae,Rhodoluna,,taxonomic classification defined by topology and ANI,,,,45.63,,845,843,2,38
S09M05_bin.34,S09M05,78.39911171080001,2.75974025974026,2649820,55.7908461706833,644,4887,Bacteria,Pseudomonadota,Alphaproteobacteria,Caulobacterales,TH1-2,Aquidulcibacter,,taxonomic classification defined by topology and ANI,,,,66.72,Genome not assigned to closest species as it falls outside its pre-defined ANI radius,2270,2270,0,39
S09M05_bin.36,S09M05,87.35307517244536,3.045267489711934,3627120,47.25473654028541,841,5118,Bacteria,Pseudomonadota,Gammaproteobacteria,Enterobacterales,Alteromonadaceae,Pararheinheimera,,taxonomic classification fully defined by topology,,,,66.04,,2893,2892,1,40
S09M05_bin.8,S09M05,66.32792207792208,3.162781662781663,2161507,62.63426396490966,803,2764,Bacteria,Pseudomonadota,Alphaproteobacteria,Rhodobacterales,Rhodobacteraceae,Tabrizicola_A,Tabrizicola_A sp040377235,ani_screen,GCA_040377235.1,97.4,0.803,,,2103,2103,0,43
S09M07_bin.18,S09M07,61.20689655172414,0.0,808422,45.8948420503153,230,3660,Bacteria,Actinomycetota,Actinomycetes,Nanopelagicales,Nanopelagicaceae,MAG-120802,MAG-120802 sp018883365,ani_screen,GCA_018883365.1,95.76,0.795,,,737,737,0,39
S09M07_bin.35,S09M07,63.45595918618231,0.5747126436781609,4742256,63.74645316490717,1490,3440,Bacteria,Planctomycetota,Planctomycetia,Planctomycetales,Planctomycetaceae,UBA10511,,taxonomic classification defined by topology and ANI,,,,56.45,,3388,3387,1,41
S09M07_bin.4,S09M07,50.93413746227045,0.8445945945945946,676067,48.66633040808085,236,2982,Bacteria,Verrucomicrobiota,Verrucomicrobiia,Opitutales,UBA953,UBA953,UBA953 sp947463395,ani_screen,GCA_947463395.1,98.99,0.693,,,609,609,0,34
S09M07_bin.40,S09M07,84.02981753449043,3.241822429906542,2355570,63.30421087040504,454,6693,Bacteria,Pseudomonadota,Gammaproteobacteria,Burkholderiales,Burkholderiaceae,Limnohabitans_A,,taxonomic classification fully defined by topology,,,,76.53,,2076,2076,0,40
S09M07_bin.43,S09M07,76.07212475633528,0.8966861598440544,1034790,50.28749794644324,221,5938,Bacteria,Actinomycetota,Actinomycetes,Actinomycetales,Microbacteriaceae,Aquiluna,,taxonomic classification defined by topology and ANI,,,,62.99,,946,945,1,39
S09M07_bin.48,S09M07,94.0484429065744,1.176470588235294,4695785,58.01745608029329,728,8721,Bacteria,Planctomycetota,Planctomycetia,Pirellulales,Pirellulaceae,JBEISR01,JBEISR01 sp040375295,ani_screen,GCA_040375295.1,98.85,0.945,,,3025,3025,0,41
S09M07_bin.6,S09M07,84.92359492359492,2.136752136752137,1907436,69.13385298379605,474,4595,Bacteria,Actinomycetota,Acidimicrobiia,Acidimicrobiales,Ilumatobacteraceae,UBA2093,,taxonomic classification defined by topology and ANI,,,,79.15,,1689,1687,2,42
S09M08_bin.17,S09M08,77.70313472039814,3.04054054054054,1837116,68.67182039675231,518,3950,Bacteria,Verrucomicrobiota,Verrucomicrobiia,Opitutales,UBA953,UBA953,UBA953 sp003569245,ani_screen,GCA_003569245.1,98.14,0.907,,,1488,1487,1,40
S09M08_bin.19,S09M08,64.80965845063207,0.0,4354516,63.08742464145269,1457,3146,Bacteria,Planctomycetota,Planctomycetia,Planctomycetales,Planctomycetaceae,UBA10511,,taxonomic classification fully defined by topology,,,,55.3,,3111,3111,0,39
S09M08_bin.23,S09M08,98.14814814814817,0.925925925925926,2977102,52.94736290526828,275,18153,Bacteria,Pseudomonadota,Gammaproteobacteria,Burkholderiales,Burkholderiaceae,UBA3064,UBA3064 sp005787245,ani_screen,GCA_900299025.1,99.46,0.933,,,2287,2287,0,42
S09M08_bin.28,S09M08,59.7335423197492,1.724137931034483,770951,62.4421007301372,275,2946,Bacteria,Chloroflexota,Limnocylindria,Limnocylindrales,Limnocylindraceae,Limnocylindrus,Limnocylindrus sp964228585,ani_screen,GCA_964228585.1,98.75,0.653,,,691,690,1,37
S09M08_bin.40,S09M08,78.03418803418803,2.991452991452991,1213362,65.24260690544125,320,4602,Bacteria,Actinomycetota,Acidimicrobiia,Acidimicrobiales,Ilumatobacteraceae,F1-60-MAGs027,F1-60-MAGs027 sp036771295,ani_screen,GCA_036771295.1,98.85,0.882,,,1086,1086,0,41
S09M08_bin.44,S09M08,97.77777777777776,1.333333333333333,8359384,44.21605706831986,851,13939,Bacteria,Cyanobacteriota,Cyanobacteriia,Cyanobacteriales,Aerosakkonemataceae,Aerosakkonema,Aerosakkonema funiforme,ani_screen,GCF_014696265.1,99.86,0.915,,,5895,5893,2,40
S09M08_bin.48,S09M08,81.36752136752136,1.709401709401709,1378113,54.31644574864325,302,5790,Bacteria,Actinomycetota,Acidimicrobiia,Acidimicrobiales,Ilumatobacteraceae,UBA3006,UBA3006 sp903850275,ani_screen,GCA_903850275.1,97.44,0.743,,,1262,1260,2,40
S09M09_bin.25,S09M09,78.12027147307519,5.392467734757454,4444575,65.8782673258973,1373,3580,Bacteria,Pseudomonadota,Gammaproteobacteria,Burkholderiales,Burkholderiaceae,Rubrivivax,,taxonomic classification fully defined by topology,,,,73.83,,3822,3822,0,42
S09M09_bin.27,S09M09,96.72489082969432,0.4366812227074236,4971722,39.24728695610897,385,18621,Bacteria,Cyanobacteriota,Cyanobacteriia,Cyanobacteriales,Microcoleaceae,Planktothrix,,taxonomic classification defined by topology and ANI,,,,89.44,,3507,3506,1,40
S09M09_bin.35,S09M09,97.67467734757452,1.214953271028037,3571554,66.1078622918763,187,30628,Bacteria,Pseudomonadota,Gammaproteobacteria,Burkholderiales,Burkholderiaceae,Malikia,Malikia sp026400105,ani_screen,GCA_026400105.1,95.18,0.837,,,2647,2646,1,41
S09M09_bin.38,S09M09,92.18614718614718,2.717223252937538,3262402,55.85924113582569,473,10515,Bacteria,Pseudomonadota,Alphaproteobacteria,Caulobacterales,TH1-2,Aquidulcibacter,,taxonomic classification defined by topology and ANI,,,,82.27,,2562,2562,0,39
S09M09_bin.9,S09M09,56.94572499846334,0.0,2993672,56.14676557752486,932,3450,Bacteria,Planctomycetota,Planctomycetia,Pirellulales,Pirellulaceae,BJ22,,taxonomic classification fully defined by topology,,,,42.85,,2165,2164,1,41
S09M10_bin.3,S09M10,92.12330921673482,0.5882352941176471,6318105,51.33284426263888,603,15828,Bacteria,Planctomycetota,Planctomycetia,Pirellulales,Pirellulaceae,Pirellula_B,,taxonomic classification fully defined by topology,,,,77.08,,3841,3840,1,40
S09M12_bin.34,S09M12,58.29028925619835,0.0,2388175,55.59642823494928,644,4162,Bacteria,Planctomycetota,Planctomycetia,Gemmatales,Gemmataceae,REEB421,REEB421 sp945875585,ani_screen,GCA_945875585.1,97.6,0.878,,,1810,1810,0,39
S10M01_bin.26,S10M01,68.91060531637616,7.756714060031596,3275994,52.28541322114754,607,7311,Bacteria,Pseudomonadota,Gammaproteobacteria,Burkholderiales,Burkholderiaceae,Zwartia,Zwartia hollandica,ani_screen,GCF_019923725.1,99.09,0.694,,,2759,2758,1,41
S10M02_bin.4,S10M02,56.03448275862069,3.448275862068965,3179490,42.5436469370874,848,4186,Bacteria,Cyanobacteriota,Cyanobacteriia,Cyanobacteriales,Chroococcidiopsidaceae,Aliterella,,taxonomic classification fully defined by topology,,,,39.59,,2767,2764,3,40
S10M05_bin.11,S10M05,78.31541218637993,2.688172043010753,2723269,65.45618519507254,709,4535,Bacteria,Planctomycetota,UBA11346,UBA11346,UBA11346,CAIUVD01,,taxonomic classification fully defined by topology,,,,65.55,,2089,2088,1,37
S10M05_bin.2,S10M05,82.66898148148148,3.888888888888889,5270961,38.24260889048506,1409,4342,Bacteria,Cyanobacteriota,Cyanobacteriia,Cyanobacteriales,Nostocaceae,Dolichospermum,Dolichospermum heterosporum,ani_screen,GCF_001277295.1,97.87,0.604,,,4348,4346,2,41
S10M05_bin.24,S10M05,71.45989974937343,2.484962406015038,1053105,38.61276890718399,301,3815,Bacteria,Actinomycetota,Actinomycetes,S36-B12,UBA5976,ATZT02,ATZT02 sp014190035,ani_screen,GCA_014190035.1,95.29,0.729,,,1029,1029,0,37
S10M07_bin.18,S10M07,84.29184941520468,3.08531746031746,2831228,51.71822968690618,668,5023,Bacteria,Bacteroidota,Bacteroidia,Cytophagales,Cyclobacteriaceae,ELB16-189,ELB16-189 sp947457025,ani_screen,GCA_947457025.1,98.89,0.769,,,2252,2251,1,40
S10M07_bin.2,S10M07,71.86520376175548,2.586206896551724,949187,39.94881935804009,296,3478,Bacteria,Actinomycetota,Actinomycetes,Nanopelagicales,Nanopelagicaceae,Nanopelagicus,Nanopelagicus sp009700155,ani_screen,GCA_009700155.1,96.78,0.686,,,900,900,0,36
S10M07_bin.23,S10M07,75.15673981191222,8.620689655172415,1316894,48.33000985652604,373,3866,Bacteria,Actinomycetota,Actinomycetes,Nanopelagicales,Nanopelagicaceae,MAG-120802,,taxonomic classification defined by topology and ANI,,,,50.0,,1249,1248,1,39
S10M07_bin.24,S10M07,96.62921348314607,1.35792825812654,5720956,59.5015588303773,671,13572,Bacteria,Planctomycetota,Planctomycetia,Planctomycetales,Planctomycetaceae,SXXK01,SXXK01 sp005791255,ani_screen,GCA_005791255.1,98.77,0.892,,,3370,3366,4,40
S10M07_bin.29,S10M07,92.4758953168044,4.204545454545454,3703229,68.09044215197062,537,9951,Bacteria,Planctomycetota,Phycisphaerae,Phycisphaerales,SM1A02,QWPT01,,taxonomic classification fully defined by topology,,,,82.29,,2385,2385,0,41
S10M07_bin.38,S10M07,97.97482211275312,0.3448275862068966,2962131,39.92284608614541,202,25344,Bacteria,Bacteroidota,Bacteroidia,Chitinophagales,Chitinophagaceae,OLB11,OLB11 sp036804585,ani_screen,GCA_036804585.1,98.55,0.904,,,1914,1913,1,39
S10M08_bin.10,S10M08,90.78752583654546,0.7241215574548907,1730324,53.99116003707977,261,8639,Bacteria,Pseudomonadota,Gammaproteobacteria,Burkholderiales,Burkholderiaceae,UBA954,UBA954 sp002293155,ani_screen,GCA_002293155.1,98.12,0.863,,,1473,1473,0,39
S10M08_bin.21,S10M08,90.64328405158857,1.176470588235294,4573640,52.20863469796486,959,5875,Bacteria,Planctomycetota,Planctomycetia,Pirellulales,Pirellulaceae,Pirellula_B,,taxonomic classification defined by topology and ANI,,,,74.52,Genome not assigned to closest species as it falls outside its pre-defined ANI radius,3106,3104,2,40
S10M08_bin.22,S10M08,67.80594996619337,0.0,2254309,68.95465528461271,762,3134,Bacteria,Planctomycetota,Planctomycetia,Pirellulales,UBA1268,QWPN01,QWPN01 sp018970605,ani_screen,GCA_018970605.1,99.39,0.725,,,1691,1691,0,38
S10M08_bin.43,S10M08,96.04542966611932,3.218390804597701,2394747,39.0706408651937,261,14214,Bacteria,Bacteroidota,Bacteroidia,Chitinophagales,Chitinophagaceae,Pollutibacter,Pollutibacter sp041177565,ani_screen,GCA_041177565.1,99.0,0.897,,,1713,1712,1,38
S10M08_bin.55,S10M08,89.37678833512166,2.878929349517585,1653781,57.22873826703777,373,5438,Bacteria,Pseudomonadota,Gammaproteobacteria,Burkholderiales,Burkholderiaceae,UBA954,,taxonomic classification defined by topology and ANI,,,,80.94,Genome not assigned to closest species as it falls outside its pre-defined ANI radius,1455,1455,0,38
S10M09_bin.18,S10M09,80.48096885813149,1.283422459893048,5112121,53.09391150952805,1122,5594,Bacteria,Planctomycetota,Planctomycetia,Pirellulales,Pirellulaceae,Pirellula_B,,taxonomic classification defined by topology and ANI,,,,55.74,Genome not assigned to closest species as it falls outside its pre-defined ANI radius,3376,3373,3,40
S10M09_bin.2,S10M09,95.57222889155663,0.6802721088435374,2934613,49.68774417614861,175,24671,Bacteria,Verrucomicrobiota,Verrucomicrobiia,Verrucomicrobiales,Akkermansiaceae,Luteolibacter,,taxonomic classification defined by topology and ANI,,,,85.48,Genome not assigned to closest species as it falls outside its pre-defined ANI radius,1975,1973,2,39
S10M09_bin.3,S10M09,73.46801346801347,1.978114478114478,3115752,35.37489504941343,877,4092,Bacteria,Bacteroidota,Bacteroidia,Chitinophagales,Saprospiraceae,BJGN01,BJGN01 sp041159865,ani_screen,GCA_041159865.1,99.72,0.92,,,2601,2601,0,40
S10M09_bin.7,S10M09,59.46708463949843,1.724137931034483,2971947,63.15728376044392,1096,2750,Bacteria,Pseudomonadota,Alphaproteobacteria,Rhodobacterales,Rhodobacteraceae,Cypionkella,,taxonomic classification defined by topology and ANI,,,,41.84,,2809,2809,0,41
S10M10_bin.10,S10M10,50.28735632183908,0.8620689655172413,310288,42.67486979838086,81,4275,Bacteria,Patescibacteriota,Saccharimonadia,CAILAD01,BJGX01,,,taxonomic novelty determined using RED,,,,35.19,,297,296,1,32
S10M10_bin.20,S10M10,98.09160305343512,1.145038167938931,2981262,38.78038897621209,225,28125,Bacteria,Pseudomonadota,Gammaproteobacteria,Legionellales,Legionellaceae,Legionella,,taxonomic classification fully defined by topology,,,,90.75,,2079,2078,1,42
S10M10_bin.8,S10M10,83.79435107376284,0.8403361344537815,4674441,46.61922142134215,170,49720,Bacteria,Bdellovibrionota_B,UBA2361,UBA2361,OMII01,,,taxonomic novelty determined using RED,,,,75.83,,3090,3089,1,40
S10M12_bin.13,S10M12,80.6686046511628,3.246124031007751,2182622,38.88566137425537,371,8285,Bacteria,Pseudomonadota,Gammaproteobacteria,Legionellales,Legionellaceae,UBA2653,,taxonomic classification defined by topology and ANI,,,,64.65,,1687,1687,0,40
