variable,category,n,na_pct,rho,p_value,p_adj,sig
water_level_mean_ELm,Hydrology,107,0.0%,-0.983,0.0,0.0,***
storage_mean_Mm3,Hydrology,107,0.0%,0.6363,0.0,0.0,***
inflow_max_m3s,Hydrology,107,0.0%,0.6146,0.0,0.0,***
inflow_mean_m3s,Hydrology,107,0.0%,0.5048,0.0,0.0,***
discharge_mean_m3s,Hydrology,107,0.0%,0.403,1.7e-05,0.0001428,***
discharge_max_m3s,Hydrology,107,0.0%,0.3421,0.000311,0.002177,**
storage_rate_pct,Hydrology,107,0.0%,-0.3231,0.000687,0.004122000000000001,**
pH,Field(n=49),107,0.0%,0.2724,0.004537,0.023819250000000004,*
Oscillatoria_cells,Cyanobacteria,30,72.0%,-0.2467,0.188683,0.601152,ns
TN_mg_L,WQ_DB(n=107),107,0.0%,-0.2179,0.024139,0.11264866666666667,ns
Aphanizomenon_cells,Cyanobacteria,30,72.0%,-0.1611,0.394962,0.921578,ns
NO3N_mg_L,WQ_DB(n=107),107,0.0%,-0.1567,0.107065,0.449673,ns
EC_uS_cm,WQ_DB(n=107),107,0.0%,0.1514,0.119645,0.45682636363636364,ns
pressure_avg_hPa,Meteorology,107,0.0%,-0.136,0.162368,0.5682880000000001,ns
precip_sum_mm,Meteorology,107,0.0%,0.1248,0.200384,0.601152,ns
Chl_a_mg_m3,WQ_DB(n=107),107,0.0%,0.1196,0.219818,0.6154904,ns
MC_ppb,Field(n=49),107,0.0%,0.1035,0.288567,0.7574883750000001,ns
Microcystis_cells,Cyanobacteria,30,72.0%,0.1019,0.591957,0.97677,ns
CON_uS_cm,Field(n=49),49,54.2%,-0.0981,0.502316,0.97677,ns
air_temp_min_C,Meteorology,107,0.0%,0.0869,0.373705,0.921578,ns
NH3N_mg_L,WQ_DB(n=107),107,0.0%,-0.0689,0.480443,0.97677,ns
cloud_avg_tenth,Meteorology,107,0.0%,-0.0578,0.554048,0.97677,ns
air_temp_avg_C,Meteorology,107,0.0%,0.051,0.601818,0.97677,ns
PO4P_mg_L,WQ_DB(n=107),87,18.7%,-0.0506,0.641922,0.97677,ns
BOD_mg_L,WQ_DB(n=107),107,0.0%,-0.0501,0.608324,0.97677,ns
air_temp_max_C,Meteorology,107,0.0%,0.0453,0.642932,0.97677,ns
water_temp_C,WQ_DB(n=107),107,0.0%,0.0426,0.663231,0.97677,ns
pH_wq,WQ_DB(n=107),107,0.0%,-0.0418,0.669352,0.97677,ns
solar_rad_avg_MJ,Meteorology,74,30.8%,0.0417,0.724427,0.97677,ns
humidity_avg_pct,Meteorology,107,0.0%,-0.0372,0.703502,0.97677,ns
DO_mg_L_wq,WQ_DB(n=107),107,0.0%,-0.0344,0.725359,0.97677,ns
DO_mg_L,Field(n=49),49,54.2%,-0.0333,0.820333,0.97677,ns
sunshine_avg_hr,Meteorology,107,0.0%,-0.0263,0.788375,0.97677,ns
precip_days,Meteorology,107,0.0%,-0.0202,0.836203,0.97677,ns
SS_mg_L,WQ_DB(n=107),107,0.0%,0.0191,0.844891,0.97677,ns
COD_mg_L,WQ_DB(n=107),107,0.0%,-0.0164,0.86648,0.97677,ns
TP_mg_L,WQ_DB(n=107),107,0.0%,-0.0116,0.905653,0.97677,ns
유해남조류_세포수,Cyanobacteria,30,72.0%,-0.0109,0.95447,0.97677,ns
rainfall_total_mm,Hydrology,107,0.0%,-0.0091,0.925507,0.97677,ns
Anabaena_cells,Cyanobacteria,30,72.0%,0.0056,0.97677,0.97677,ns
wind_speed_avg_ms,Meteorology,107,0.0%,-0.0041,0.966396,0.97677,ns
TOC_mg_L,WQ_DB(n=107),107,0.0%,0.004,0.967181,0.97677,ns
Geosmin_ng_L,Toxin,6,94.4%,,,,
MIB_2_ng_L,Toxin,6,94.4%,,,,
MC_LR_ppb,Toxin,6,94.4%,,,,
