feature,beta,se_ols,ci_ols_low,ci_ols_high,p_ols,site_fixed_bh_q_global_1064,mde80_log2_bonf_18
aminoglycoside,1.9166879851596352,1.1898232212570563,-0.4464036341697213,4.279779604488992,0.110626982905324,0.8611000602453133,4.674523530763604
beta_lactam,1.7261172671929081,1.111883309546048,-0.48217895994283566,3.934413494328652,0.12399358685036498,0.8735023413257827,4.368316739057332
carbapenem,2.0016712945402966,1.2507806945593238,-0.48248712843060737,4.4858297175112005,0.11295228411656993,0.8611000602453133,4.9140104883523925
cephalosporin,1.854915434867027,1.175630156311282,-0.4799875323779288,4.189818402111983,0.11804278510282458,0.8611000602453133,4.618762460650531
fluoroquinolone,1.794658414188498,1.1451914899382767,-0.4797907342667911,4.069107562643787,0.12051871551415129,0.8713445937415356,4.499176408148252
fosfomycin,1.2981061661537383,0.8229913629833063,-0.33642571883636707,2.9326380511438437,0.11815846691335762,0.8611000602453133,3.233331156384893
glycopeptide,1.6793039734956938,1.084877767616163,-0.475356916331255,3.8339648633226426,0.12507477521258603,0.8735023413257827,4.262218590225693
lincosamide,1.4972549845298864,1.0309076473187282,-0.5502165878501208,3.5447265569098936,0.14980199603415298,0.9006513332015255,4.050183228349026
macrolide,2.072015473355964,1.2993620411862574,-0.5086296974097522,4.6526606441216805,0.11422242911940475,0.8611000602453133,5.104874680533696
other,1.9525738093027896,1.2200146003153065,-0.47048049486404264,4.375628113469622,0.11292706192495322,0.8611000602453133,4.793138052074501
oxazolidinone,0.7024322951632054,0.5122651864501936,-0.31497058229594344,1.7198351726223542,0.1736394252811031,0.9354771178815138,2.01256424086473
peptide,1.7346296320123837,1.1461776858128148,-0.5417781865751592,4.011037450599927,0.13360502128588192,0.8875568662995345,4.50305092979072
phenicol,1.452582261321745,0.900316238879411,-0.3355235016455582,3.240688024289048,0.11007976465228635,0.8611000602453133,3.537121623264364
rifamycin,1.5720881088419885,0.9116613804017782,-0.2385500844667623,3.382726302150739,0.08799026223135445,0.8611000602453133,3.5816939009428235
streptogramin,1.220239020987711,0.7412129331915184,-0.2518738435711758,2.6923518855465978,0.1031195951285697,0.8611000602453133,2.912043768862959
sulfonamide,0.9843717864744835,0.6044173013123184,-0.2160531453904403,2.1847967183394075,0.10681125757575768,0.8611000602453133,2.3746072919975902
tetracycline,1.8514232694558879,1.1451889302514935,-0.4230207952405052,4.1258673341522805,0.10936775040582335,0.8611000602453133,4.4991663517668625
trimethoprim,1.3179656416353447,0.8135644360994225,-0.2978435528597805,2.93377483613047,0.10865749602287476,0.8611000602453133,3.1962950734154028
