feature,beta,se_ols,ci_ols_low,ci_ols_high,count_plus_one_ratio,ratio_ci_ols_low,ratio_ci_ols_high,p_ols,site_fixed_bh_q_global_1064,mde80_log2_bonf_18
aminoglycoside,1.916687985159635,1.189823221257056,-0.4464036341697213,4.279779604488992,3.77555304110797,0.733869968703321,19.4241505636298,0.110626982905324,0.8611000602453133,4.674523530763604
beta_lactam,1.726117267192908,1.111883309546048,-0.4821789599428357,3.934413494328652,3.30836237786655,0.715895561412493,15.288908345356,0.123993586850365,0.8735023413257827,4.368316739057332
carbapenem,2.001671294540297,1.250780694559324,-0.4824871284306074,4.485829717511201,4.00463649745787,0.71574265807154,22.4062563491482,0.1129522841165699,0.8611000602453133,4.914010488352393
cephalosporin,1.854915434867027,1.175630156311282,-0.4799875323779288,4.189818402111983,3.61730547175043,0.716983820081527,18.2499221174443,0.1180427851028246,0.8611000602453133,4.618762460650531
fluoroquinolone,1.794658414188498,1.145191489938277,-0.4797907342667911,4.069107562643787,3.46933321995846,0.7170816305555,16.7850806354964,0.1205187155141513,0.8713445937415356,4.499176408148252
fosfomycin,1.298106166153738,0.8229913629833063,-0.3364257188363671,2.932638051143844,2.45905868695551,0.792001068161957,7.63505236163999,0.1181584669133576,0.8611000602453133,3.233331156384893
glycopeptide,1.679303973495694,1.084877767616163,-0.475356916331255,3.833964863322643,3.20273398237388,0.719288819139629,14.2606206142922,0.125074775212586,0.8735023413257827,4.262218590225693
lincosamide,1.497254984529886,1.030907647318728,-0.5502165878501208,3.544726556909894,2.82305059379318,0.682917596135036,11.6699506649411,0.149801996034153,0.9006513332015255,4.050183228349026
macrolide,2.072015473355964,1.299362041186257,-0.5086296974097522,4.65266064412168,4.20473673322679,0.702889740610893,25.1530360656294,0.1142224291194048,0.8611000602453133,5.104874680533696
other,1.95257380930279,1.220014600315307,-0.4704804948640426,4.375628113469622,3.87064450042521,0.721724184846791,20.7584686272531,0.1129270619249532,0.8611000602453133,4.793138052074501
oxazolidinone,0.7024322951632054,0.5122651864501936,-0.3149705822959434,1.719835172622354,1.62724591797733,0.803867382073944,3.29398771068723,0.1736394252811031,0.9354771178815138,2.01256424086473
peptide,1.734629632012384,1.146177685812815,-0.5417781865751592,4.011037450599927,3.32794048186855,0.686923722672067,16.1228786913605,0.1336050212858819,0.8875568662995345,4.50305092979072
phenicol,1.452582261321745,0.900316238879411,-0.3355235016455582,3.240688024289048,2.73697500831534,0.792496516220042,9.45244810901201,0.1100797646522863,0.8611000602453133,3.537121623264364
rifamycin,1.572088108841988,0.9116613804017782,-0.2385500844667623,3.382726302150739,2.97334755277452,0.847596723284344,10.4304269078968,0.08799026223135445,0.8611000602453133,3.581693900942823
streptogramin,1.220239020987711,0.7412129331915184,-0.2518738435711758,2.692351885546598,2.32985314339843,0.839804926452474,6.46366257070384,0.1031195951285697,0.8611000602453133,2.912043768862959
sulfonamide,0.9843717864744835,0.6044173013123184,-0.2160531453904403,2.184796718339407,1.9784516194886,0.860917473640568,4.54662720934766,0.1068112575757577,0.8611000602453133,2.37460729199759
tetracycline,1.851423269455888,1.145188930251493,-0.4230207952405052,4.12586733415228,3.60856006656695,0.745861262302942,17.4586165177898,0.1093677504058233,0.8611000602453133,4.499166351766863
trimethoprim,1.317965641635345,0.8135644360994225,-0.2978435528597805,2.93377483613047,2.49314301263612,0.813467406482264,7.64107084306617,0.1086574960228748,0.8611000602453133,3.196295073415403
