sample_id,site,month,season,time_idx,site_idx,Comm_PC1,Comm_PC2,Comm_PC3,Comm_PC4,Comm_PC5,Comm_PC6,Comm_PC7,Comm_PC8,Comm_PC9,Comm_PC10,MC_ppb,bloom,aminoglycoside,beta_lactam,carbapenem,cephalosporin,fluoroquinolone,fosfomycin,glycopeptide,lincosamide,macrolide,other,oxazolidinone,peptide,phenicol,rifamycin,streptogramin,sulfonamide,tetracycline,trimethoprim,ARG_total,ARG_PC1,ARG_PC2,ARG_PC3,ARG_PC4,ARG_PC5,water_temp_C,TN_mg_L,TP_mg_L,Chl_a_mg_m3,DO_mg_L_wq,pH_wq,BOD_mg_L,COD_mg_L,EC_uS_cm,NH3N_mg_L,NO3N_mg_L,PO4P_mg_L,TOC_mg_L,SS_mg_L,air_temp_avg_C,air_temp_max_C,air_temp_min_C,humidity_avg_pct,precip_sum_mm,wind_speed_avg_ms,sunshine_avg_hr,solar_rad_avg_MJ,pressure_avg_hPa,cloud_avg_tenth,precip_days,discharge_mean_m3s,discharge_max_m3s,inflow_mean_m3s,inflow_max_m3s,water_level_mean_ELm,rainfall_total_mm,storage_mean_Mm3,storage_rate_pct
S01M01,S01,M01,fall,0,0,-9.887789282970951,5.640460133048103,2.2220404599929524,6.833962222004292,-5.1124247451240175,-1.0811720440637709,5.166608445786906,-6.873659978738412,0.8563611488118407,-2.378855063252173,0.112,0,194,150,303,183,144,22,110,88,388,229,5,165,36,40,14,9,149,25,2254,0.9103555454435708,-0.4494158667171761,-0.1887352259217413,0.1597932320008881,-0.092362844877765,21.349999999999998,2.76275,0.07,17.799999999999997,9.875,8.2,1.725,5.625,319.5,0.059,2.02275,0.02725,3.375,7.1,17.161538461538463,23.261538461538464,12.342307692307692,73.03076923076922,57.80000000000001,1.5923076923076922,6.953846153846153,13.898076923076925,1020.8000000000001,4.569230769230769,6,90.52478365384614,218.097,88.6554375,202.47,46.79290064102564,43.400000000000006,26.24545032051282,95.78967948717948
S01M02,S01,M02,winter,1,0,-10.67064061967026,-3.3862350934580854,-2.3774202573253507,3.8805438222695336,-3.5740602132971664,1.1061344939366022,-0.5004204307808102,-2.0107010894176804,1.413658799847053,-1.0804107432303651,0.021,0,0,0,0,0,0,0,0,0,0,0,0,0,0,0,0,0,0,0,0,-6.2173957911107545,0.1274770973014657,0.0199209035662006,-0.0058842210561139,0.0027729511477224,7.824999999999999,3.22625,0.035250000000000004,11.825,13.250000000000002,8.125,1.7,5.375,380.0,0.10575000000000001,2.54725,0.008,2.9,4.15,5.086666666666668,10.973333333333334,-0.17333333333333323,58.75,16.0,2.35,7.010000000000001,9.782333333333336,1023.2966666666666,2.8200000000000003,3,49.99955555555555,93.717,50.015573611111115,100.882,47.06883333333333,16.7,27.690772222222225,101.06211111111111
S01M03,S01,M03,winter,2,0,-11.771600367582396,-6.93894437025319,-3.5764241245169828,8.352122576031064,-0.2018690197224238,-1.2525753628524752,0.2226903879014894,-1.3322383730936038,-0.0337094002613633,1.4641972765527005,0.093,0,0,0,0,0,0,0,0,0,0,0,0,0,0,0,0,0,0,0,0,-6.2173957911107545,0.1274770973014659,0.0199209035662006,-0.0058842210561138,0.0027729511477224,4.699999999999999,3.7135,0.03,11.85,13.674999999999999,8.024999999999999,1.8499999999999999,6.050000000000001,406.25,0.221,2.99575,,2.975,2.8499999999999996,0.83,6.7266666666666675,-4.199999999999999,48.199999999999996,0.0,2.3399999999999994,7.213333333333334,10.865666666666664,1024.4533333333334,3.27,0,45.877061111111104,58.929,45.811904166666665,73.704,47.03176388888888,0.30000000000000004,27.53444166666667,100.50125
S01M04,S01,M04,winter,3,0,-12.02478955123313,-0.981236671827861,-3.82190361585725,7.557758763455078,0.4056939725333319,-1.854676819392979,0.4612197555071609,-1.6751940852120035,-0.784035365793726,1.911338163398196,0.096,0,0,0,0,0,0,0,0,0,0,0,0,0,0,0,0,0,0,0,0,-6.2173957911107545,0.1274770973014653,0.0199209035662005,-0.0058842210561139,0.0027729511477224,5.9,4.55125,0.0345,16.925,13.775,8.0,2.15,6.7,513.0,0.42125,3.48,,3.375,7.1,1.4566666666666668,6.71,-3.0,45.78999999999999,0.0,2.933333333333333,7.8900000000000015,13.500333333333336,1024.2933333333335,3.7166666666666663,0,43.88685138888889,55.311,43.87095833333333,65.184,47.02302777777778,0.4,27.496827777777778,100.363625
S01M05,S01,M05,spring,4,0,15.51938077896523,-1.2669467107528714,2.133658768547195,0.3036650516925904,-6.067700417194601,-4.10431845542375,3.701470326713581,0.4152337943828048,-0.6943998056081624,5.539640997996822,0.127,0,821,587,1129,813,647,115,504,355,1471,991,22,642,186,201,72,36,735,142,9469,3.5310635766699656,0.1987415438343899,0.019079442188071,0.0353971198143832,0.0237882043739198,9.45,3.735,0.0265,15.95,13.425,8.05,2.2249999999999996,6.2,400.75,0.193,3.00825,,3.3,16.650000000000002,9.693333333333333,15.966666666666665,3.7466666666666666,57.18333333333332,34.2,2.3633333333333337,6.810000000000001,15.470666666666665,1017.19,4.876666666666666,6,61.71963749999999,249.179,61.898579166666664,220.889,47.083513888888895,93.5,27.74945555555555,101.28347222222223
S01M06,S01,M06,spring,5,0,13.855187756716168,-0.9051437552498532,-0.4848334936036554,-0.6246570775902394,-4.839909361748551,-3.9787994609091113,-2.064299150340468,1.0941940452725452,9.357826347918108,0.1716756572902314,0.0,0,531,332,650,480,441,71,298,182,929,653,10,330,114,148,49,24,409,61,5712,2.5936217410728712,-0.1452195796752746,0.1184299563303346,0.0709331782094591,0.0473709306162764,17.975,2.9044999999999996,0.0305,18.925,11.674999999999999,8.575000000000001,2.375,6.550000000000001,353.75,0.0485,2.1625,,3.375,7.85,13.5,20.383333333333333,6.913333333333333,53.686666666666675,16.099999999999998,2.3000000000000003,8.580000000000002,20.211,1019.2833333333333,4.243333333333334,5,75.16285277777777,249.179,74.95140972222222,220.889,47.09780555555555,52.3,27.813051388888884,101.50819444444444
S01M08,S01,M08,summer,7,0,8.48509307669404,-0.6406766901838262,-1.0174411486680697,-6.223281293868149,4.999477055425101,-4.238720807632561,0.9916683711997124,-6.329899720125097,-4.536271734890091,4.877093962212662,0.0,0,1743,1207,2368,1659,1347,262,1035,721,3141,2058,51,1311,436,462,157,74,1491,256,19779,4.857908219610491,0.5938653398654252,0.055515082283333,0.0553681647294422,0.0687415781636978,24.3,2.06,0.04475,38.62499999999999,8.3,8.075000000000001,2.6250000000000004,8.0,400.25,0.18433333333333332,1.1905000000000001,0.0105,4.175,17.15,23.329999999999995,29.236666666666668,18.113333333333333,64.74999999999999,43.30000000000001,2.4299999999999997,8.176666666666666,22.145666666666664,1007.43,5.113333333333333,7,62.63025000000001,140.014,62.72781805555556,114.885,47.077083333333334,48.5,27.721237499999997,101.17750000000001
S01M09,S01,M09,summer,8,0,16.989434524088285,-0.4396487856376191,-0.2562850109376331,4.526968975523172,-0.1201184190321467,13.071050614504738,10.560795588469746,4.843608757343715,-8.613499241252473,-1.7305918688430622,1.335,1,2343,1500,3061,1976,1774,343,1328,925,4117,2595,42,1776,485,589,209,87,1914,321,25385,5.205664675183567,0.4438291166645525,0.2189733163447567,-0.0119238329317012,0.0549759148434172,29.375,2.2695,0.13425,77.575,9.225000000000001,8.4,3.25,15.75,342.25,0.08600000000000001,0.8837499999999998,0.01575,4.275,14.274999999999999,28.093333333333327,33.120000000000005,23.993333333333332,73.66666666666667,118.7,2.026666666666667,6.316666666666666,18.77033333333333,1005.4866666666665,6.646666666666667,11,81.92623055555555,187.549,81.95875972222223,175.827,47.140166666666666,165.39999999999998,27.990834722222225,102.15527777777778
S01M10,S01,M10,summer,9,0,-9.191286677254588,11.110464770503285,-8.441666628911602,-8.027515450261173,-7.8664059605328305,8.13790367349806,-8.625559095626075,-0.4008941008607218,-3.834344309580989,8.629105834237135,0.38,0,0,0,0,0,0,0,0,0,0,0,0,0,0,0,0,0,0,0,0,-6.2173957911107545,0.1274770973014656,0.0199209035662006,-0.0058842210561138,0.0027729511477224,26.775000000000002,2.06725,0.067,19.35,7.949999999999999,7.875000000000001,1.8249999999999997,7.2,277.25,0.0955,1.5605000000000002,0.028,3.375,9.75,27.113333333333333,31.643333333333334,23.459999999999994,80.03999999999999,130.0,1.7433333333333334,4.636666666666667,14.85233333333333,1007.6133333333333,7.183333333333334,13,166.89019583333334,911.959,166.67879027777778,837.278,47.16343055555555,243.1,28.08315277777778,102.49861111111112
S01M12,S01,M12,fall,10,0,-6.92451917759194,-0.7738555685859605,-4.722537585950926,6.114972105210718,-7.124770133910853,-6.186683297546082,4.0455031898601055,-3.082824907974895,-0.1847605492060936,-2.8761132285426525,0.096,0,0,0,0,0,0,0,0,0,0,0,0,0,0,0,0,0,0,0,0,-6.2173957911107545,0.127477097301466,0.0199209035662018,-0.0058842210561167,0.0027729511477239,23.674999999999997,3.226,0.10250000000000001,15.95,9.125,8.05,1.875,8.55,245.0,0.05466666666666667,2.54275,0.03875000000000001,4.6,48.9,21.879999999999995,26.38,18.149999999999995,81.30333333333334,153.7,2.326666666666667,4.873333333333334,14.068999999999996,1013.0333333333331,6.836666666666668,9,151.55481111111112,990.011,152.01253888888888,947.818,47.135291666666674,119.79999999999998,27.957441666666668,102.03680555555556
S02M01,S02,M01,fall,0,1,-5.145564341422215,5.2518509238448665,7.143926400837429,-0.0513141442275649,-7.796046904837572,-0.304026537786709,2.381886738991836,-5.314581216068816,0.883317038481227,-4.051465725440732,0.245,0,501,361,739,531,409,68,375,247,946,606,13,392,116,127,70,25,397,77,6000,2.7596977854911064,0.0205276404942604,0.0665186328509745,-0.0519242782381831,-0.1279920117924514,21.475,2.17475,0.05875,16.525,9.275,8.274999999999999,2.25,5.25,254.5,0.04125000000000001,1.4425000000000001,0.01675,3.3,9.0,17.161538461538463,23.261538461538464,12.342307692307692,73.03076923076922,57.80000000000001,1.5923076923076922,6.953846153846153,13.898076923076925,1020.8000000000001,4.569230769230769,6,97.95354647435897,256.814,98.04066666666667,286.296,32.59434294871795,45.0,53.34734134615385,101.17227564102564
S02M02,S02,M02,winter,1,1,-11.60308004056685,-8.59112506741,25.378224692954245,-12.122687239387234,-8.312022656704968,6.9732034886942,-2.0393993478477177,-2.34096103263734,-0.1723307235544139,-9.101055849976133,0.0,0,936,601,1256,811,749,132,518,366,1620,1017,20,659,203,199,95,34,694,123,10033,3.5929743028717867,0.1397060698927547,0.0546825214858788,-0.0646781479768909,-0.0104030350501806,7.925,2.3522499999999997,0.026000000000000002,7.6,12.650000000000002,8.1,1.7,4.875,322.5,0.06325,1.7835,,2.8,4.4,5.086666666666668,10.973333333333334,-0.17333333333333323,58.75,16.0,2.35,7.010000000000001,9.782333333333336,1023.2966666666666,2.8200000000000003,3,80.92507916666666,159.985,81.327425,201.303,30.600694444444443,16.0,38.96395416666667,73.89459722222222
S02M03,S02,M03,winter,2,1,-11.988309055700402,-11.681989331409202,-2.3822199740212304,8.720007491806577,-1.1133404429066145,-1.0305428637836558,-0.2652810279121823,-2.217133003784076,-0.4522831678104703,-0.1320318613787543,0.0,0,0,0,0,0,0,0,0,0,0,0,0,0,0,0,0,0,0,0,0,-6.2173957911107545,0.1274770973014658,0.0199209035662007,-0.0058842210561138,0.0027729511477223,4.449999999999999,2.6365,0.021500000000000002,7.375,13.325000000000001,8.075,1.5750000000000002,5.175,318.25,0.0665,2.083,,2.3,3.0,0.83,6.7266666666666675,-4.199999999999999,48.199999999999996,0.0,2.3399999999999994,7.213333333333334,10.865666666666664,1024.4533333333334,3.27,0,72.05820833333334,121.2,72.19061666666667,153.344,30.57979166666666,0.1,38.82240833333333,73.62666666666667
S02M04,S02,M04,winter,3,1,-10.003634706663169,-4.268746336568522,-3.573129393479447,8.88925339440816,5.515599541439926,-1.6043913492007644,-1.1994277154725643,1.6996294399076286,1.2574328248704094,3.0893772765902856,0.086,0,0,0,0,0,0,0,0,0,0,0,0,0,0,0,0,0,0,0,0,-6.2173957911107545,0.1274770973014657,0.0199209035662007,-0.0058842210561137,0.0027729511477223,4.575,2.8350000000000004,0.022250000000000002,10.124999999999998,14.024999999999999,7.925,1.425,4.9,332.75,0.12275,2.26325,,2.6,4.3500000000000005,1.4566666666666668,6.71,-3.0,45.78999999999999,0.0,2.933333333333333,7.8900000000000015,13.500333333333336,1024.2933333333335,3.7166666666666663,0,45.63505277777777,136.037,51.37885694444445,134.438,31.778152777777777,0.2,47.45272361111112,89.9951388888889
S02M05,S02,M05,spring,4,1,16.688611399069266,-2.684264201026682,2.847637577630586,-0.3199145052430513,-8.676972436978001,-6.079985609543556,5.409370744984739,0.7941835155575407,-0.0272759669810678,6.925799392164876,0.0,0,951,691,1362,843,694,136,600,438,1662,1146,24,665,236,209,96,32,794,144,10723,3.724748497460652,0.2065065994710357,-0.0373580995751203,-0.1089179511074481,0.0001611933722836,9.825,2.8907499999999997,0.019000000000000003,10.575,13.625,8.1,1.5750000000000002,5.45,258.0,0.043000000000000003,2.34425,,2.8,4.75,9.693333333333333,15.966666666666665,3.7466666666666666,57.18333333333332,34.2,2.3633333333333337,6.810000000000001,15.470666666666665,1017.19,4.876666666666666,6,74.02287638888889,360.705,74.05724583333334,416.361,32.568486111111106,80.60000000000001,53.17122083333333,100.84027777777777
S02M06,S02,M06,spring,5,1,15.961723257188632,-0.6291039236771584,1.1934245598668725,0.1622222731022438,-5.686369489514342,-6.811296994266188,-0.6943310538487553,-0.4137689793710047,0.3877090771352288,1.6956395612175903,0.0,0,638,405,870,585,527,93,406,273,1170,792,25,466,164,165,60,29,533,91,7292,3.1438988075166083,0.3142735325019805,-0.1313676257200947,0.0748366718423787,0.0465133970968499,19.25,2.1647499999999997,0.0245,10.8,11.45,8.700000000000001,2.025,6.074999999999999,255.0,0.03233333333333333,1.5542500000000001,,3.1,5.25,13.5,20.383333333333333,6.913333333333333,53.686666666666675,16.099999999999998,2.3000000000000003,8.580000000000002,20.211,1019.2833333333333,4.243333333333334,5,91.8152625,360.705,91.48461666666667,416.361,32.55373611111111,44.50000000000001,53.08249444444444,100.67416666666666
S02M07,S02,M07,spring,6,1,8.913321509046241,-0.924334379296778,-1.583756548310109,-1.7746969479801302,3.406881126369961,-1.119638103196634,-5.020110940685709,-2.2529044978995945,0.6236414902976026,-2.653815241873743,0.058,0,879,575,1265,809,705,137,505,318,1595,1098,15,659,174,254,88,46,766,118,10006,3.5758187816020817,0.0371535565590597,0.2896013466886304,0.0715459330376523,0.0286454574101278,21.925,2.1779999999999995,0.02375,7.175,9.975000000000001,8.149999999999999,1.2,5.824999999999999,279.5,0.08025,1.5590000000000002,0.006,2.8,3.7499999999999996,19.1,25.450000000000003,12.973333333333334,55.6,37.300000000000004,2.466666666666667,9.033333333333335,23.238000000000003,1014.0999999999999,4.296666666666667,5,56.37883055555556,120.761,56.53222222222223,127.303,32.52480555555556,34.400000000000006,52.89210138888888,100.31791666666666
S02M08,S02,M08,summer,7,1,9.407012850930288,-2.6011391127174344,-1.4310137199659028,-5.543696115059848,2.8079088187063164,-2.826908991377417,2.3275320218420728,-5.571422948374819,-2.6698019564679307,2.7850033624921497,0.538,0,1383,898,1798,1189,1022,192,767,550,2340,1600,21,984,278,369,112,59,1135,185,14882,4.244795717338016,0.1294816089369575,0.2718591545611858,0.0557224253587748,0.0494433973162667,25.0,1.3367499999999999,0.034,46.875,9.8,8.525,2.9499999999999997,8.75,295.0,0.063,0.55325,0.004333333333333334,3.3,7.175000000000001,23.329999999999995,29.236666666666668,18.113333333333333,64.74999999999999,43.30000000000001,2.4299999999999997,8.176666666666666,22.145666666666664,1007.43,5.113333333333333,7,58.14716805555555,150.057,58.70695277777777,183.234,32.52525,49.4,52.88457361111111,100.29894444444443
S02M09,S02,M09,summer,8,1,21.47301404172691,0.1417658060793425,1.6941702245021435,7.20900802949614,-10.187909828899985,-8.578994976544344,-10.100355670703845,13.727702703704148,-17.898152491027236,-8.877933327653196,7.198,1,973,610,1191,874,805,129,518,338,1739,1224,18,641,221,274,82,29,777,130,10573,3.61225489583632,0.0146034755629082,0.0223778355953621,-0.0689063923093703,0.1411123207531986,29.525,1.9184999999999999,0.10350000000000001,38.75,10.475000000000001,8.625,2.325,10.5,257.25,0.036500000000000005,0.36525,0.00875,4.1,7.0,28.093333333333327,33.120000000000005,23.993333333333332,73.66666666666667,118.7,2.026666666666667,6.316666666666666,18.77033333333333,1005.4866666666665,6.646666666666667,11,89.94960277777778,200.213,90.15196805555556,254.788,32.59504166666667,155.7,53.3484,101.17305555555556
S02M10,S02,M10,summer,9,1,-10.12735834534454,2.2126558071848144,-7.338805850057735,-5.033455657173431,-6.861246035537333,6.11718930054026,-6.304831373616654,0.4969701770199786,-2.590803481279108,6.198230764167231,0.446,0,595,331,730,487,432,76,344,220,1026,583,14,446,139,130,55,21,410,82,6121,2.758753987311062,0.0014127945355272,-0.0388343425363939,-0.0522420382338512,0.0265423656144956,27.4,1.7925,0.059000000000000004,14.7,8.575,8.174999999999999,1.5499999999999998,6.525,215.5,0.08025,1.2875,0.020749999999999998,3.5,5.3500000000000005,27.113333333333333,31.643333333333334,23.459999999999994,80.03999999999999,130.0,1.7433333333333334,4.636666666666667,14.85233333333333,1007.6133333333333,7.183333333333334,13,244.4828652777778,1437.594,244.97316805555553,1448.904,32.66945833333333,220.2,53.83596111111111,102.10194444444444
S02M12,S02,M12,fall,10,1,-11.267795870119052,16.404324365603788,-2.179880487251193,2.2088428649517784,0.5998480080830499,-5.913350748688443,4.671562601352164,-0.974671337216348,-0.2176037445859968,-3.805337505821849,0.08,0,574,396,762,467,400,80,311,277,930,635,8,412,121,125,52,20,423,77,6070,2.654423207637272,-0.3072464861784298,0.1340799700054701,-0.1048837831723031,-0.0247377941306006,23.475,2.794,0.094,12.075,8.55,7.9,1.3,7.5,186.25,0.07525,2.11475,0.03825,4.6,21.75,21.879999999999995,26.38,18.149999999999995,81.30333333333334,153.7,2.326666666666667,4.873333333333334,14.068999999999996,1013.0333333333331,6.836666666666668,9,233.62844444444445,1854.829,233.50459027777777,1773.086,32.67202777777778,118.8,53.84919444444444,102.1248611111111
S03M01,S03,M01,fall,0,2,-8.808339415884417,7.1269590280056505,4.601165905591038,1.846917115776508,-8.000923985842796,-0.3534943457785531,4.493132676870129,-7.024493619885979,-0.2984511559518142,-6.387847232023233,0.226,0,698,489,935,656,479,94,442,298,1198,757,14,509,156,164,75,37,550,100,7651,3.175133489852644,0.0487919685728231,0.2092300516646488,0.0374412287256125,-0.0834833765183399,21.174999999999997,2.5685000000000002,0.050749999999999997,10.600000000000001,9.625,7.575,1.25,5.525,316.0,0.10375000000000001,2.02225,0.034249999999999996,3.7,5.4,17.161538461538463,23.261538461538464,12.342307692307692,73.03076923076922,57.80000000000001,1.5923076923076922,6.953846153846153,13.898076923076925,1020.8000000000001,4.569230769230769,6,117.25989903846153,361.085,117.10641506410255,294.976,25.589102564102564,45.2,76.22381891025641,101.20548076923077
S03M02,S03,M02,winter,1,2,-6.53534999163076,5.519436417961117,9.177012005929848,-2.740091076425644,-1.7755189386706205,2.635022317273666,-3.6350006010741134,-2.610667198408421,0.7095564111278058,-0.8406221220758203,0.042,0,464,322,647,469,314,66,265,189,838,576,14,351,113,120,53,18,380,83,5282,2.548163613530404,0.0388327807996739,-0.0793329905681419,-0.1024981583997264,0.0234815631637082,8.9,2.9675000000000002,0.032,15.75,12.2,7.949999999999999,1.9,5.2,400.5,0.132,2.574,,3.5,6.6,5.086666666666668,10.973333333333334,-0.17333333333333323,58.75,16.0,2.35,7.010000000000001,9.782333333333336,1023.2966666666666,2.8200000000000003,3,72.93693611111111,415.011,70.30579305555555,240.748,24.84193055555556,15.7,66.38210138888888,88.14279166666667
S03M03,S03,M03,winter,2,2,-9.603962009169678,-11.724969406920971,-4.566612505952103,8.101565597383702,0.7323725672042776,-1.0177749904382536,-0.842164501263465,-1.841626963998616,0.6681825379146571,-1.243799751088001,0.008,0,0,0,0,0,0,0,0,0,0,0,0,0,0,0,0,0,0,0,0,-6.2173957911107545,0.1274770973014657,0.0199209035662006,-0.0058842210561138,0.0027729511477224,4.8,3.4293333333333336,0.027,11.833333333333334,13.466666666666667,7.966666666666666,2.2333333333333334,5.533333333333334,396.6666666666667,0.35966666666666663,2.9480000000000004,,3.9,4.0,0.83,6.7266666666666675,-4.199999999999999,48.199999999999996,0.0,2.3399999999999994,7.213333333333334,10.865666666666664,1024.4533333333334,3.27,0,52.843018055555554,89.43,53.051306944444455,142.216,24.62976388888889,0.0,63.548543055555555,84.38319444444444
S03M04,S03,M04,winter,3,2,-11.811407549388418,-7.621636694273239,-5.194656714493514,13.142894630975128,6.278271824703666,-2.5589274659508856,-0.7260384367905303,1.3309359489755284,0.539845202046081,4.947055657735596,0.11,0,0,0,0,0,0,0,0,0,0,0,0,0,0,0,0,0,0,0,0,-6.2173957911107545,0.1274770973014657,0.0199209035662006,-0.0058842210561138,0.0027729511477224,6.033333333333334,4.194,0.03166666666666667,14.433333333333332,12.799999999999999,8.266666666666666,1.9000000000000001,6.2,556.0,0.41566666666666663,3.449666666666667,,3.7,4.8,1.4566666666666668,6.71,-3.0,45.78999999999999,0.0,2.933333333333333,7.8900000000000015,13.500333333333336,1024.2933333333335,3.7166666666666663,0,38.96748888888889,106.31,45.02500416666666,213.54,25.050597222222223,0.1,69.09075,91.74000000000001
S03M05,S03,M05,spring,4,2,14.774034051048876,1.2292305587405723,1.7439824410260962,1.5597811522967933,-4.260670739674985,-1.3328900317194172,2.769651751156987,-0.7030224833404284,-2.33664837531992,3.95041447408437,0.0,0,874,580,1263,935,622,102,499,346,1638,1001,23,676,213,210,93,46,651,133,9905,3.6230840275507967,0.2737953965943847,0.1081037576433082,0.0874621740540392,-0.0773367821533158,10.175,3.739,0.037750000000000006,25.625,12.075,8.125,2.4250000000000003,6.800000000000001,583.25,0.1825,3.2005,,4.4,6.6,9.693333333333333,15.966666666666665,3.7466666666666666,57.18333333333332,34.2,2.3633333333333337,6.810000000000001,15.470666666666665,1017.19,4.876666666666666,6,80.08625972222222,278.626,80.3512,302.547,25.569944444444445,74.2,76.02557916666667,100.94125000000001
S03M06,S03,M06,spring,5,2,13.359903928643792,-1.135422533384933,-0.5093749780584244,0.0959251150844163,-1.081971017999143,-2.0946360689387054,-1.1184008523058144,-0.6191421441426493,4.387286247190486,-1.077859931300713,0.0,0,603,503,937,640,418,87,392,309,1114,693,14,515,160,146,66,31,488,109,7225,3.0747492214459693,0.0317215783735467,0.1331862682258334,-0.0167703774615229,-0.0806960613493244,17.25,2.6755,0.03175,22.749999999999996,10.899999999999999,8.4,2.5500000000000003,6.975,403.0,0.060500000000000005,2.2642499999999997,0.0035,4.3,6.6,13.5,20.383333333333333,6.913333333333333,53.686666666666675,16.099999999999998,2.3000000000000003,8.580000000000002,20.211,1019.2833333333333,4.243333333333334,5,89.88643194444444,278.626,89.43915277777778,302.547,25.53151388888889,42.5,75.62935416666666,100.41166666666666
S03M07,S03,M07,spring,6,2,7.040677716522035,-5.466781235961968,-4.192661864509296,-3.617413760543181,3.540281797964425,-0.8151530226244983,-2.473333871274048,-1.402350539158446,3.215443377354749,-3.924939100971504,0.0,0,176,108,236,162,139,17,128,59,362,211,7,117,37,41,13,6,123,21,1963,0.7074245400699453,-0.3046200886669159,-0.4501559853349538,0.1147408557028608,0.0187941526113363,22.0,2.999333333333333,0.035333333333333335,4.533333333333333,9.066666666666668,7.8,1.5333333333333332,6.133333333333333,449.3333333333333,0.13199999999999998,2.308666666666667,0.012333333333333335,4.0,3.0666666666666664,19.1,25.450000000000003,12.973333333333334,55.6,37.300000000000004,2.466666666666667,9.033333333333335,23.238000000000003,1014.0999999999999,4.296666666666667,5,66.25487916666667,208.164,66.38574722222222,204.108,25.521138888888892,34.0,75.47993888888888,100.21444444444445
S03M08,S03,M08,summer,7,2,7.712569229765863,-4.965371289169613,-3.663485696589814,-5.343850828639947,4.710600638170654,1.1576829423587771,4.2329674092341225,-4.346384858619248,-2.0831457899774284,-0.4143096220187375,2.971,1,126,62,157,118,69,14,65,40,237,129,4,74,28,40,11,3,101,17,1295,0.0464500376329857,-0.4960044990112284,-0.4124982341085275,-0.0985832322779462,0.1690431506359957,25.15,2.16875,0.0365,21.875,9.225,8.1,2.7249999999999996,7.35,455.5,0.13424999999999998,1.546,0.009,6.6,5.9,23.329999999999995,29.236666666666668,18.113333333333333,64.74999999999999,43.30000000000001,2.4299999999999997,8.176666666666666,22.145666666666664,1007.43,5.113333333333333,7,66.53185694444444,208.164,67.38596111111111,204.108,25.548791666666666,52.5,75.80151111111111,100.64416666666665
S03M09,S03,M09,summer,8,2,14.68864258907255,5.843497384787996,1.047454422126874,5.194790031866757,1.8816232350121305,5.712395902259168,-3.549143368451028,-3.570332163623659,-2.645954148064461,0.31158403342447,5.009,1,314,227,499,331,281,44,194,187,594,356,14,280,70,72,49,13,280,45,3850,2.0242467548290883,0.0716455404522235,-0.2623642670449932,-0.1118245524066923,-0.1590565944155561,28.55,1.9264999999999999,0.052,16.65,8.0,7.75,2.2,8.0,352.5,0.16799999999999998,1.3275000000000001,0.025500000000000002,5.0,4.8,28.093333333333327,33.120000000000005,23.993333333333332,73.66666666666667,118.7,2.026666666666667,6.316666666666666,18.77033333333333,1005.4866666666665,6.646666666666667,11,107.07126666666667,255.515,107.63201666666666,261.203,25.651000000000003,148.8,76.85829583333333,102.0501388888889
S03M10,S03,M10,summer,9,2,-9.765435434604974,1.0271625520937104,-6.2516620940913965,-8.390140164859544,-7.320590333131507,5.471157711807156,-3.0777589116040174,0.1109278340483142,-3.1988820328961536,3.389138290885952,0.641,0,630,454,920,585,471,93,414,324,1136,687,19,495,140,152,54,15,510,78,7177,2.960165424902073,0.0210888192432752,-0.3239778625497349,-0.1531406919247192,0.0710781499548699,26.700000000000003,2.8,0.0785,14.8,8.55,7.25,1.9,6.2,238.0,0.1355,1.939,0.055,4.0,11.4,27.113333333333333,31.643333333333334,23.459999999999994,80.03999999999999,130.0,1.7433333333333334,4.636666666666667,14.85233333333333,1007.6133333333333,7.183333333333334,13,246.91041666666666,1597.038,247.50358333333335,1617.693,25.676055555555557,210.2,77.11621527777777,102.39638888888888
S03M12,S03,M12,fall,10,2,-12.808229205673165,20.657471121737128,0.9821551640303716,2.0929779283921883,5.9315387859237125,-8.066578620690048,3.880869113195101,2.993795320832308,0.034151140686598,-2.699918056957024,0.0,0,193,148,284,217,152,18,115,71,328,240,7,125,53,59,23,10,157,27,2227,1.0634323672436778,-0.199402753509455,-0.170427920300473,0.0968678469501506,-0.0694792589272469,23.266666666666666,3.469333333333333,0.05433333333333334,33.36666666666667,9.566666666666665,8.033333333333333,2.033333333333333,7.133333333333333,305.0,0.044000000000000004,2.9756666666666667,0.035,5.9,8.799999999999999,21.879999999999995,26.38,18.149999999999995,81.30333333333334,153.7,2.326666666666667,4.873333333333334,14.068999999999996,1013.0333333333331,6.836666666666668,9,285.41219027777777,2907.856,285.2294055555555,2771.189,25.647638888888892,125.4,76.81342777777779,101.99541666666666
S04M01,S04,M01,fall,0,3,-8.975261291069046,2.88857377148138,4.791965416975832,3.0494275099322534,-6.803116396795828,0.2557663852262001,4.228252310864672,-5.893725436094981,-0.6474238371013382,-3.597319292661239,0.312,0,135,88,202,120,138,23,98,73,259,163,3,112,31,34,11,8,115,21,1634,0.4747980173673465,-0.5662668691155662,-0.0110073350155442,0.1155376302010498,-0.0057372214563129,21.675,2.6025,0.05349999999999999,22.3,10.200000000000001,7.05,1.7000000000000002,5.949999999999999,319.25,0.08524999999999999,1.663,0.01675,3.2749999999999995,5.55,14.703846153846154,22.36538461538461,8.942307692307692,79.56153846153846,54.599999999999994,1.0692307692307692,6.4423076923076925,,1020.7192307692306,4.776923076923077,6,132.5825496794872,307.196,132.42760416666667,529.678,18.374439102564104,45.5,74.74640865384616,80.94741987179488
S04M02,S04,M02,winter,1,3,-12.929173803461625,-4.900467628880207,5.539072248157257,-2.6764182068537954,-5.6097227443696696,5.344848934987176,-2.244956506582505,-1.1738776455538935,-0.200015033897231,-2.37735947669057,0.086,0,0,0,0,0,0,0,0,0,0,0,0,0,0,0,0,0,0,0,0,-6.2173957911107545,0.1274770973014657,0.0199209035662006,-0.0058842210561138,0.0027729511477224,8.675,2.85525,0.022749999999999996,25.45,12.600000000000001,7.525,1.9749999999999999,5.7250000000000005,429.75,0.16375,2.31825,0.004666666666666667,2.775,8.05,3.2133333333333334,10.809999999999997,-3.103448275862069,66.52333333333334,13.6,1.6133333333333333,6.249999999999999,,1023.4066666666665,3.693333333333334,1,74.29297361111111,330.668,76.3064,414.298,18.336708333333334,15.700000000000001,74.19345694444443,80.3517638888889
S04M03,S04,M03,winter,2,3,-5.886614847473969,-11.216604780935269,-3.994262978615595,0.4849014078252204,2.325815281735902,-1.1439555759697395,-0.1515838284922052,0.70626760605798,0.5880140011438594,-2.4159042008068243,0.061,0,0,0,0,0,0,0,0,0,0,0,0,0,0,0,0,0,0,0,0,-6.2173957911107545,0.1274770973014657,0.0199209035662006,-0.0058842210561138,0.0027729511477224,3.9499999999999997,3.91825,0.01975,13.975000000000001,14.149999999999999,7.825,1.9,5.75,462.5,0.095,3.0897499999999996,0.004,3.15,6.65,-0.8166666666666668,6.596666666666666,-7.319999999999999,55.220000000000006,0.0,1.4333333333333333,6.926666666666666,,1024.4233333333332,4.056666666666667,0,53.80352222222222,87.171,53.517951388888896,150.885,18.307694444444447,0.0,73.76830138888889,79.89486111111111
S04M04,S04,M04,winter,3,3,-9.424682082942333,-0.8594631435830148,-1.12437607019109,5.594949026278454,6.659923454023246,-1.457306950322971,0.5513972598386089,3.3504064520779644,0.0028892615925871,4.304644539242572,0.013,0,0,0,0,0,0,0,0,0,0,0,0,0,0,0,0,0,0,0,0,-6.2173957911107545,0.1274770973014657,0.0199209035662006,-0.0058842210561138,0.0027729511477224,4.866666666666666,4.164333333333333,0.030333333333333337,16.433333333333334,13.833333333333334,8.066666666666666,1.5333333333333332,5.8,492.0,0.21433333333333335,3.279666666666667,,2.5,7.0,-0.4866666666666665,6.106666666666667,-6.175,49.60666666666667,0.0,1.7666666666666666,7.556666666666667,,1024.3300000000002,4.77,0,36.15063472222222,94.406,39.50587083333333,173.505,18.403847222222222,0.1,75.17753472222222,81.41763888888889
S04M05,S04,M05,spring,4,3,14.887246306858062,-0.6816635086315626,2.583269281539036,-1.61330501232528,-6.807923112703166,-7.335890538293095,6.000485799676249,-0.2202233769319711,0.6503422816912796,6.993897643076109,0.0,0,1471,1149,2232,1452,1132,242,839,666,2698,1861,39,1252,311,342,171,51,1229,238,17375,4.574276349207014,0.4342728663162986,0.0180345302088874,-0.1358311248109234,-0.0058817235959042,11.95,3.5,0.01975,14.5,11.724999999999998,7.824999999999999,2.0250000000000004,6.05,467.0,0.15749999999999997,2.7012500000000004,0.0065,2.75,5.05,7.593333333333333,15.33,0.056666666666666615,60.480000000000004,65.19999999999999,1.4866666666666661,6.749999999999999,,1017.0099999999999,5.1866666666666665,6,82.30887777777778,359.287,84.0005861111111,446.938,18.421638888888886,72.1,75.43792361111112,81.69875
S04M06,S04,M06,spring,5,3,12.7464799103581,0.2379215286364003,-2.924775616464473,1.8096280111687368,3.3131511236533018,18.69756600919444,23.06175665269275,8.245861887181999,2.2876351139018936,-3.172897894062483,0.0,0,1224,949,1927,1217,1027,189,879,605,2316,1516,38,1053,315,234,149,44,1014,196,14892,4.316844016582997,0.4320340657685934,-0.0656870535498224,-0.1325730130973406,-0.0817857866424596,18.0,2.2505,0.02325,18.425,11.475,8.2,2.1,6.45,387.75,0.053500000000000006,1.652,0.006,2.95,6.8,11.336666666666666,19.706666666666667,3.1733333333333333,57.70333333333333,43.300000000000004,1.5233333333333332,8.296666666666667,,1018.94,4.78,6,95.05280416666666,359.287,96.7687875,446.938,18.49716666666667,41.7,76.54357499999999,82.89527777777779
S04M07,S04,M07,spring,6,3,7.914776802462732,-3.9848404236363786,-3.4539090225955587,-3.362554880291058,3.090411633271419,-1.5306896563357908,-1.8866212460437108,-2.0419174766755632,2.910843986616309,-3.4071952209407868,0.202,0,680,468,891,606,509,97,378,273,1192,817,13,479,137,160,69,23,580,82,7454,3.021994958063393,-0.0885631793227511,0.0245949829284767,-0.086289400421881,0.0075920767302502,22.275,2.45625,0.045750000000000006,30.974999999999998,10.125,7.575,1.9249999999999998,7.1,428.0,0.20299999999999999,1.9115,0.01833333333333333,3.425,6.250000000000001,16.803333333333335,24.413333333333338,8.966666666666667,59.57,29.5,1.4300000000000002,7.723333333333332,,1013.8733333333333,4.606666666666667,2,64.44214027777778,175.586,65.16760833333333,383.729,18.479625,34.5,76.2877375,82.61416666666666
S04M08,S04,M08,summer,7,3,5.97525800850517,-5.213020951558788,-3.964765342603216,-6.053736748106995,4.994127499675608,-2.2541923230610297,-0.7724456336223698,-2.9795802564735405,-0.1133929464135325,-0.6343764277969218,2.15,1,937,554,1133,777,686,129,487,341,1579,1041,25,673,178,241,69,38,711,126,9725,3.578235741785861,0.263372923640276,-0.0110689539608267,0.1018946970913389,0.0991930429913237,26.625,2.017,0.046,24.35,9.725,8.475,2.075,7.975,441.75,0.18466666666666667,1.16875,0.046,4.725,6.8500000000000005,21.34333333333333,28.043333333333333,14.97,66.92,22.0,1.4833333333333334,7.433333333333334,,1007.0566666666666,5.423333333333334,5,64.59995833333333,237.713,66.17019166666667,383.729,18.484888888888886,55.4,76.36454583333332,82.69902777777779
S04M09,S04,M09,summer,8,3,16.270130874304808,3.564969530727049,0.7903035144679821,5.547880433681574,0.2784757738058844,8.72971410725961,3.106372841306891,-1.293118427326094,-5.1341677925608815,0.6071479792503927,3.144,1,1048,706,1437,951,838,134,692,397,1885,1237,29,758,245,251,93,28,815,137,11681,3.817939963931914,0.2322769114471205,-0.192564225028692,-0.0954438445807581,0.0776146113801529,30.3,1.4064999999999999,0.055749999999999994,52.075,11.425,8.825,2.875,9.05,357.25,0.11225,0.7555,0.02025,4.575,11.125,25.94,31.326666666666668,21.393333333333327,78.49,133.0,1.413333333333333,6.486666666666666,,1005.3533333333334,6.716666666666668,13,106.65252083333334,364.024,107.28400833333333,386.001,18.504902777777776,146.8,76.65759166666666,83.01958333333333
S04M10,S04,M10,summer,9,3,-12.094267497136755,3.517592810396766,-11.36368861131308,-3.270052759221173,-8.415684702699382,3.5184467131445145,-2.112482383443893,-0.618344827936536,-2.417360806583132,2.386385346373465,1.283,1,273,205,335,298,197,46,172,112,396,265,1,215,76,67,25,8,195,41,2927,1.2886098126183794,-1.1023558915542158,0.3844704522048413,-0.2977869165654462,0.0740968271853638,28.4,1.57925,0.25225,38.175,8.9,7.9,2.125,7.65,277.25,0.10375000000000001,1.13625,0.03875,3.4749999999999996,11.9,24.983333333333334,29.879999999999995,21.15,82.86333333333333,113.10000000000001,1.1466666666666667,4.813333333333333,,1007.5100000000001,7.42,14,275.5598638888889,1777.581,276.026675,1850.965,18.547444444444444,206.2,77.27984722222222,83.69263888888888
S04M12,S04,M12,fall,10,3,-10.296006345202978,13.70532895783432,0.5530343899600807,2.1929353200044406,3.3598984018832274,-4.664825921610642,2.657754400395907,0.844733357294872,-0.2978609187943526,-2.0264910202082667,0.374,0,317,227,390,273,218,49,193,151,514,325,7,212,61,70,31,13,244,47,3342,1.7379257496806193,-0.2579145045973827,-0.0034987189735703,-0.0699330689577236,-0.0317889033827987,24.125,3.01925,0.0695,22.575,9.8,7.8,1.525,7.45,256.75,0.07200000000000001,2.56625,0.03900000000000001,4.425,9.25,20.156666666666663,25.77,15.433333333333332,80.71666666666665,137.20000000000002,1.1933333333333331,4.510000000000001,,1012.5966666666666,7.35,8,296.24198888888884,2809.321,297.79097083333335,3691.614,18.554333333333332,125.6,77.39034305555555,83.81055555555555
S05M01,S05,M01,fall,0,4,-9.551145130718943,-1.7250481739222217,0.1346175925282947,4.545034176647315,-4.936746534769416,0.9154386379423456,2.7498775694031843,-3.822689119061783,-1.5966726243310785,-1.1252873219325994,0.43,0,0,0,0,0,0,0,0,0,0,0,0,0,0,0,0,0,0,0,0,-6.2173957911107545,0.1274770973014657,0.0199209035662006,-0.0058842210561138,0.0027729511477224,21.449999999999996,2.339,0.04275,29.5,11.125,7.275,1.825,5.8500000000000005,298.75,0.04475,1.5145,0.015999999999999997,3.15,6.05,17.953846153846154,23.165384615384617,14.03076923076923,68.03461538461539,25.0,1.2538461538461538,6.919230769230769,13.541923076923077,1019.8846153846155,4.0307692307692315,5,112.7042580128205,260.132,112.12884775641028,279.024,13.590849358974356,46.900000000000006,54.226966346153844,92.59350961538462
S05M02,S05,M02,winter,1,4,-11.66357924717562,-11.653244583405908,-5.748753862263044,8.001896493763628,-0.6549473034483569,-0.4773824782619146,-0.8230180124562881,-0.8989501244011896,0.5015437413545522,0.8276836117033028,0.059,0,99,54,132,93,79,25,68,41,202,142,1,92,21,24,12,4,98,21,1208,-0.0905486760581008,-0.9054942953559928,0.1238246100170598,-0.2427311024131126,0.0919702653646216,8.649999999999999,2.37125,0.013999999999999999,20.975,12.3,7.25,1.675,5.199999999999999,366.0,0.06325,1.9465,0.00375,2.325,5.3,6.303333333333334,11.386666666666667,1.5899999999999996,53.32000000000001,33.1,1.2933333333333334,6.97,9.015333333333333,1022.6133333333333,2.6599999999999997,2,89.24603194444445,331.294,90.08272916666667,390.183,13.57651388888889,16.099999999999998,54.07452361111111,92.33120833333334
S05M03,S05,M03,winter,2,4,-13.278150348459269,-11.739196582260078,3.306241225395272,6.100913279059427,-1.8940391262185343,2.102236042345291,-2.333908605392738,-1.6822703768815668,-0.6314926766426764,-1.0026013037127306,0.069,0,0,0,0,0,0,0,0,0,0,0,0,0,0,0,0,0,0,0,0,-6.2173957911107545,0.1274770973014657,0.0199209035662006,-0.0058842210561138,0.0027729511477224,3.675,3.33375,0.018000000000000002,17.425,14.499999999999998,8.1,1.75,5.25,396.25,0.04125,2.7222500000000003,0.005,2.8,4.550000000000001,1.9666666666666666,7.090000000000001,-2.3200000000000007,40.940000000000005,0.0,1.4533333333333331,7.073333333333334,9.949333333333335,1023.4366666666667,3.033333333333333,0,95.63923888888888,215.953,95.19995138888888,215.953,13.56925,0.0,53.99778055555556,92.20402777777777
S05M04,S05,M04,winter,3,4,-8.807681085726436,-0.2060619466765939,-0.738184560169629,3.021539673260077,9.34295231491828,-3.756529020349885,1.1766891147894414,6.502939618673761,0.2343673493819603,3.943785635703671,0.129,0,0,0,0,0,0,0,0,0,0,0,0,0,0,0,0,0,0,0,0,-6.2173957911107545,0.1274770973014657,0.0199209035662006,-0.0058842210561138,0.0027729511477224,5.033333333333333,3.579,0.025666666666666667,16.766666666666666,14.233333333333334,8.266666666666667,2.1,5.466666666666666,457.6666666666667,0.09466666666666666,2.811666666666667,,2.2666666666666666,5.933333333333334,2.24,7.083333333333333,-1.7499999999999998,37.15666666666666,0.0,1.7666666666666664,7.39,12.751999999999999,1023.3133333333332,3.486666666666667,0,65.97793055555556,213.894,67.07156388888889,200.859,13.80551388888889,0.0,56.47128750000001,96.42112499999999
S05M05,S05,M05,spring,4,4,17.960895758430052,2.297729958400604,6.312593031223793,3.717036968010789,-8.355633502459057,-1.9889694783915344,2.662150557689955,3.381878704389956,2.874943901169409,5.478903803620419,0.162,0,1104,800,1662,1018,854,180,702,492,1961,1360,31,875,218,250,114,52,909,160,12742,4.068075313811913,0.3872896734329498,0.0690467648649263,0.0301631720093719,-0.0391255889442642,11.3,3.2635999999999994,0.018,13.160000000000002,12.3,7.76,1.8400000000000003,5.6,412.2,0.09359999999999999,2.5596,0.004,2.4200000000000004,4.24,9.4,14.919999999999998,4.503333333333334,56.66666666666666,132.9,1.5766666666666669,6.446666666666668,14.382999999999994,1016.7666666666668,5.196666666666667,8,86.57119166666666,323.183,87.55056388888889,272.952,13.620847222222222,64.7,54.545090277777774,93.13916666666667
S05M06,S05,M06,spring,5,4,16.82839380620173,-3.209759083491957,-0.5057595985342761,0.6979739174948966,-4.461200010420416,-5.056776263805367,-2.2499541876570794,2.956537784319064,-0.7480534750571547,-3.9396094345669854,0.0,0,564,342,754,505,436,90,325,204,1095,731,14,405,116,156,47,32,489,71,6376,2.825461023988169,0.0469638961339614,0.1075901058319044,0.1807265622598789,0.067742630197125,18.625,2.03925,0.02375,14.95,10.675,8.125,2.05,5.9,366.5,0.046000000000000006,1.50525,0.005,2.55,5.5,12.609999999999998,18.62,7.633333333333335,54.35666666666666,92.7,1.6633333333333333,8.000000000000002,18.479666666666667,1018.9533333333334,4.836666666666668,3,102.4043013888889,545.525,101.82477638888888,574.997,13.65361111111111,36.0,54.89234722222223,93.72555555555554
S05M07,S05,M07,spring,6,4,7.097771488262231,-6.445123271520399,-4.872167110433914,-3.845549030594719,3.166920618187676,-1.1715442247631376,-2.59893036890006,-1.4126101238879585,3.717762744197665,-4.692709582234902,0.217,0,1315,777,1625,1228,973,177,748,513,2215,1382,34,873,257,323,136,47,1011,171,13805,4.202415065357853,0.4036110317558936,0.015163084644374,-0.042197916258558,0.0175023814075674,22.075,2.18275,0.034,10.975,9.575,7.75,1.7249999999999999,6.25,381.0,0.1485,1.7955,0.012499999999999999,3.25,3.1500000000000004,17.776666666666664,23.84333333333333,12.83,56.80666666666666,92.80000000000001,1.5066666666666666,8.683333333333334,22.2248275862069,1013.8966666666668,4.569999999999999,3,77.3536861111111,247.025,77.00405972222221,292.895,13.572041666666665,35.400000000000006,54.02700277777778,92.25458333333331
S05M08,S05,M08,summer,7,4,10.70758179829199,-4.189610750441204,-1.6016465651561709,-4.362564492115095,0.9943048030811804,-4.943373472839512,-1.3205314871904628,-1.834227594418409,-3.3180589440817987,-0.7871931102157135,28.982,1,270,167,338,226,178,35,142,85,423,279,5,195,52,66,22,15,220,39,2757,1.386522587136299,-0.3595623443466407,0.1339752111923839,0.1308573435429164,0.0167510736737132,25.925,1.5225,0.0385,34.975,9.725,8.649999999999999,2.2,7.300000000000001,358.0,0.064,0.8637499999999999,0.010333333333333333,4.475,7.949999999999999,21.55,26.743333333333336,17.37666666666667,65.87333333333332,70.3,1.5766666666666664,8.07,21.298333333333332,1007.3933333333334,5.453333333333333,6,76.26322361111112,330.745,76.53457222222221,330.745,13.552847222222221,54.39999999999999,53.82315694444445,91.90652777777777
S05M09,S05,M09,summer,8,4,1.3689280833005533,-10.583508305802816,-7.865484490649742,-7.321727138328709,6.225790566367692,-2.471415652602474,-0.5749996350985481,5.459595681165904,-2.860894538137513,-7.505151161241449,35.719,1,294,208,424,249,241,34,185,141,517,384,7,244,59,49,34,12,224,37,3343,1.6334642182913557,-0.2980708713793621,-0.1104973797978824,-0.0401213298988628,-0.2031117806769566,29.974999999999998,1.05425,0.07225,72.875,10.55,8.65,3.0999999999999996,9.3,320.0,0.07675,0.793,0.021,4.65,14.45,26.11,29.999999999999996,23.310000000000002,78.71333333333334,225.80000000000004,1.6933333333333338,5.89,17.584666666666667,1005.8366666666666,7.003333333333334,12,128.95843194444444,440.732,129.1221666666667,500.704,13.676180555555556,145.2,55.132022222222226,94.13874999999999
S05M10,S05,M10,summer,9,4,-13.988791561593528,6.599810834542607,-14.054603422821202,-3.4548825827481635,-9.75111965700298,2.4121538546754984,-1.53425941904942,0.4469451048326583,0.5947706409525492,-0.2273581747892904,0.47,0,918,548,1225,868,718,137,564,458,1550,1078,25,709,182,185,91,33,699,140,10128,3.645609969006103,0.2499834511292908,-0.0495318935860232,-0.0793661020035147,-0.0312915607386797,28.45,1.41075,0.05575,40.699999999999996,8.3,7.8500000000000005,2.075,6.9750000000000005,260.25,0.03775,0.9047499999999999,0.03025,3.8,11.425,26.536666666666672,30.533333333333328,23.476666666666667,77.22,206.3,1.2333333333333336,5.256666666666667,15.176666666666666,1007.5400000000001,7.166666666666668,11,258.8009652777778,1547.554,258.3701375,1736.464,13.769,192.0,56.11610833333333,95.81875
S05M12,S05,M12,fall,10,4,-10.56171247208071,11.787038334462167,-2.0470579853231445,-0.7819766015059574,1.6136712676282998,-6.565211609468499,4.747451693734187,0.3235554211220778,-2.4444909445940737,-3.002759386766037,0.0,0,0,0,0,0,0,0,0,0,0,0,0,0,0,0,0,0,0,0,0,-6.2173957911107545,0.1274770973014657,0.0199209035662006,-0.0058842210561138,0.0027729511477224,24.05,2.11775,0.058499999999999996,37.1,9.275,7.824999999999999,1.8499999999999999,7.550000000000001,184.0,0.043,1.7239999999999998,0.0205,4.074999999999999,16.05,22.593333333333337,26.84333333333333,19.279999999999998,69.69666666666666,192.60000000000002,1.4266666666666663,4.4366666666666665,12.66,1011.75,6.960000000000003,11,324.2381013888889,4219.867,323.34812222222223,4623.459,13.732416666666667,130.79999999999998,55.69007916666667,95.09027777777777
S06M01,S06,M01,fall,0,5,-10.553767108609,-5.479666843244166,-0.333433669722765,9.077790926870788,-2.632779230001651,-0.194860539946419,4.250595633230991,-2.6927692608467524,-1.4554529066986568,2.3298406178425126,0.49,0,191,161,327,224,200,36,135,118,372,255,5,220,60,43,26,5,163,41,2582,1.2087050302451967,-0.501481614379069,-0.2502741443549471,-0.3681215750866944,-0.0061243318599821,20.775,2.2312499999999997,0.03225,35.6,10.925,8.25,1.875,5.7749999999999995,281.25,0.03925,1.749,0.01025,4.05,7.8999999999999995,17.953846153846154,23.165384615384617,14.03076923076923,68.03461538461539,25.0,1.2538461538461538,6.919230769230769,13.541923076923077,1019.8846153846155,4.0307692307692315,5,112.7042580128205,260.132,112.12884775641028,279.024,13.590849358974356,46.900000000000006,54.226966346153844,92.59350961538462
S06M02,S06,M02,winter,1,5,-11.611748355797817,-12.078229460808696,-1.830638048448768,4.54420536819575,-0.8183727748210576,1.2548799051376145,-2.3562177910204865,0.5696001585706439,0.7138969408029998,0.5130766781186251,0.045,0,0,0,0,0,0,0,0,0,0,0,0,0,0,0,0,0,0,0,0,-6.2173957911107545,0.1274770973014657,0.0199209035662006,-0.0058842210561138,0.0027729511477224,6.4,2.8287500000000003,0.0265,15.05,12.35,7.700000000000001,1.75,5.4,374.5,0.054,2.39,0.004,3.475,4.4,6.303333333333334,11.386666666666667,1.5899999999999996,53.32000000000001,33.1,1.2933333333333334,6.97,9.015333333333333,1022.6133333333333,2.6599999999999997,2,89.24603194444445,331.294,90.08272916666667,390.183,13.57651388888889,16.099999999999998,54.07452361111111,92.33120833333334
S06M03,S06,M03,winter,2,5,-12.161288347260289,-12.086430163468927,3.122998258267076,5.04932906698792,-0.2495736664642532,1.0767351590877952,-1.1902005903980124,-0.281899610887685,-0.4152553936749182,-0.5424145488098304,0.018,0,0,0,0,0,0,0,0,0,0,0,0,0,0,0,0,0,0,0,0,-6.2173957911107545,0.1274770973014657,0.0199209035662006,-0.0058842210561138,0.0027729511477224,3.125,3.018,0.02875,13.95,13.725,7.800000000000001,1.775,5.425,410.5,0.06125,2.68925,,3.425,4.6,1.9666666666666666,7.090000000000001,-2.3200000000000007,40.940000000000005,0.0,1.4533333333333331,7.073333333333334,9.949333333333335,1023.4366666666667,3.033333333333333,0,95.63923888888888,215.953,95.19995138888888,215.953,13.56925,0.0,53.99778055555556,92.20402777777777
S06M04,S06,M04,winter,3,5,-9.536166824683544,2.3032166637907885,-1.1064677413192583,4.083027972202941,11.287763898072717,-4.016110981364265,0.2392654374859929,6.069924349445871,0.7907810901513427,3.0402362915519743,0.045,0,185,96,223,170,173,30,90,71,318,216,4,160,42,43,8,12,139,18,1998,0.7579762382160208,-0.4944995134574344,-0.011626707670498,0.4041086388758036,0.130026170598687,3.9499999999999997,3.37425,0.02875,14.25,13.575,8.15,2.0999999999999996,5.7,469.75,0.09325,2.8514999999999997,0.003,3.725,5.300000000000001,2.24,7.083333333333333,-1.7499999999999998,37.15666666666666,0.0,1.7666666666666664,7.39,12.751999999999999,1023.3133333333332,3.486666666666667,0,65.97793055555556,213.894,67.07156388888889,200.859,13.80551388888889,0.0,56.47128750000001,96.42112499999999
S06M05,S06,M05,spring,4,5,14.888430666383648,0.5225998614117126,2.283918747168179,2.106991471201438,-5.440356173656708,-2.312304561736079,-0.848835307561207,0.4347037232522558,0.26536272605368,3.441975522947938,0.0,0,0,0,0,0,0,0,0,0,0,0,0,0,0,0,0,0,0,0,0,-6.2173957911107545,0.1274770973014657,0.0199209035662006,-0.0058842210561138,0.0027729511477224,9.25,3.364,0.026500000000000003,14.925,11.95,8.125,2.05,5.8,498.5,0.08950000000000001,2.85175,0.003,3.6,4.5,9.4,14.919999999999998,4.503333333333334,56.66666666666666,132.9,1.5766666666666669,6.446666666666668,14.382999999999994,1016.7666666666668,5.196666666666667,8,86.57119166666666,323.183,87.55056388888889,272.952,13.620847222222222,64.7,54.545090277777774,93.13916666666667
S06M06,S06,M06,spring,5,5,7.024649105357471,-3.0587691186065054,-4.115315627624632,-3.365161036319765,4.729781486709111,2.810101457836687,3.34553298636238,0.978929064000896,3.641568522950061,-2.2410415555745367,0.061,0,498,382,676,501,397,62,311,212,898,569,11,356,97,139,37,20,414,61,5641,2.5263253824405574,-0.1713684844868071,-0.051828757018883,0.1000801199508453,0.0329928503083586,16.0,2.30575,0.026250000000000002,13.274999999999999,11.025,8.375,1.9500000000000002,5.975,411.75,0.027499999999999997,1.9645000000000001,0.003,3.9000000000000004,5.1000000000000005,12.609999999999998,18.62,7.633333333333335,54.35666666666666,92.7,1.6633333333333333,8.000000000000002,18.479666666666667,1018.9533333333334,4.836666666666668,3,102.4043013888889,545.525,101.82477638888888,574.997,13.65361111111111,36.0,54.89234722222223,93.72555555555554
S06M07,S06,M07,spring,6,5,7.134632974061768,-5.531839562326019,-5.160486527090044,-2.48809120186136,5.739214036070996,7.653446938534309,5.33937774076247,2.679476391293298,3.739154221406968,-4.176735623518927,0.0,0,942,624,1272,860,677,142,563,450,1706,1101,25,723,209,228,103,40,743,136,10544,3.749200761366553,0.2876772836259627,0.0504990206784328,-0.0354877280571298,-0.025691572908959,20.98,2.1942,0.0312,11.559999999999999,8.9,7.9799999999999995,1.52,5.880000000000001,406.2,0.0722,1.6622,0.009750000000000002,3.8,3.6800000000000006,17.776666666666664,23.84333333333333,12.83,56.80666666666666,92.80000000000001,1.5066666666666666,8.683333333333334,22.2248275862069,1013.8966666666668,4.569999999999999,3,77.3536861111111,247.025,77.00405972222221,292.895,13.572041666666665,35.400000000000006,54.02700277777778,92.25458333333331
S06M08,S06,M08,summer,7,5,5.954055122147007,-7.854123021113694,-5.773618269737223,-6.2742512072807655,4.4176591030505366,-4.31602603657014,-2.003065833573091,4.4736145854683365,-5.911974474124246,-8.094610136427628,7.919,1,759,441,863,584,558,92,422,306,1242,826,18,497,163,154,58,35,599,82,7699,3.1566423894648628,0.1292582333170332,0.0332650459993393,0.1543289129977152,-0.024369880101371,24.725,1.62575,0.0305,30.075000000000003,9.325000000000001,8.175,3.0999999999999996,7.35,424.5,0.04675,1.15575,0.0075,4.875,6.5,21.55,26.743333333333336,17.37666666666667,65.87333333333332,70.3,1.5766666666666664,8.07,21.298333333333332,1007.3933333333334,5.453333333333333,6,76.26322361111112,330.745,76.53457222222221,330.745,13.552847222222221,54.39999999999999,53.82315694444445,91.90652777777777
S06M09,S06,M09,summer,8,5,9.843675116022066,9.793662486148564,1.6016789304009666,6.099013219493687,6.673034854743048,11.027523109532378,-4.908620423354647,-1.886777285005525,-1.2813006162962362,-0.6081662421069604,4.432,1,0,0,0,0,0,0,0,0,0,0,0,0,0,0,0,0,0,0,0,-6.2173957911107545,0.1274770973014657,0.0199209035662006,-0.0058842210561138,0.0027729511477224,28.6,1.2705,0.0555,34.175000000000004,8.875,8.174999999999999,3.45,8.35,392.5,0.05125,0.8574999999999999,0.026,5.7749999999999995,8.5,26.11,29.999999999999996,23.310000000000002,78.71333333333334,225.80000000000004,1.6933333333333338,5.89,17.584666666666667,1005.8366666666666,7.003333333333334,12,128.95843194444444,440.732,129.1221666666667,500.704,13.676180555555556,145.2,55.132022222222226,94.13874999999999
S06M10,S06,M10,summer,9,5,-14.55029269169333,11.087792772488031,-13.770409781381511,-3.377449148890605,-8.95914172385529,1.3283092958213332,-1.3029328194813137,2.112895327968778,4.118915770107653,-0.6136374041083452,0.425,0,0,0,0,0,0,0,0,0,0,0,0,0,0,0,0,0,0,0,0,-6.2173957911107545,0.1274770973014657,0.0199209035662006,-0.0058842210561138,0.0027729511477224,27.849999999999998,1.673,0.057999999999999996,35.5,8.6,7.8999999999999995,2.3000000000000003,7.025,283.5,0.05450000000000001,1.1335,0.028249999999999997,4.5249999999999995,10.299999999999999,26.536666666666672,30.533333333333328,23.476666666666667,77.22,206.3,1.2333333333333336,5.256666666666667,15.176666666666666,1007.5400000000001,7.166666666666668,11,258.8009652777778,1547.554,258.3701375,1736.464,13.769,192.0,56.11610833333333,95.81875
S06M12,S06,M12,fall,10,5,-10.614045050359206,16.772610225358573,0.2961946373083458,-2.1263765073889784,0.1542899077852225,-7.299368392970391,7.617748059683946,0.3551800864535593,-1.3128243350016646,-4.234869025898488,0.0,0,0,0,0,0,0,0,0,0,0,0,0,0,0,0,0,0,0,0,0,-6.2173957911107545,0.1274770973014657,0.0199209035662006,-0.0058842210561138,0.0027729511477224,23.166666666666668,2.792333333333333,0.05833333333333333,44.5,9.8,7.933333333333333,1.6000000000000003,7.0,240.66666666666666,0.026,2.3233333333333337,0.0405,5.3,13.6,22.593333333333337,26.84333333333333,19.279999999999998,69.69666666666666,192.60000000000002,1.4266666666666663,4.4366666666666665,12.66,1011.75,6.960000000000003,11,324.2381013888889,4219.867,323.34812222222223,4623.459,13.732416666666667,130.79999999999998,55.69007916666667,95.09027777777777
S07M01,S07,M01,fall,0,6,-9.8800455556048,2.332966497132237,0.6316628202652672,2.3214532510353925,-5.582284268646749,1.9622370111190968,3.77454116856981,-2.6394841214534663,-1.7471661723006306,-1.3327548970594736,0.487,0,72,59,120,78,56,10,47,44,175,93,2,71,22,19,9,5,67,9,958,-0.4226726451211284,-0.6312917865267662,-0.1112818434168555,0.1211149726854675,-0.1686210543024163,22.0,2.09325,0.027500000000000004,42.9,10.975,8.85,1.675,6.1,284.0,0.028,1.58875,0.0035000000000000005,4.125,11.200000000000001,17.157692307692308,23.807692307692307,12.103846153846156,73.06923076923077,61.2,0.8615384615384616,6.884615384615385,,1019.9423076923075,4.507692307692308,6,155.82365224358975,396.229,158.64311858974355,451.736,8.813317307692309,47.0,51.36025,73.41863782051281
S07M02,S07,M02,winter,1,6,-12.284676997600393,-9.38435107214125,5.155051377207271,0.0510053582178133,-1.707057348705571,2.768212246179861,-2.7285947194531195,2.0800870658561466,0.5022483626977107,0.75641318476377,0.058,0,0,0,0,0,0,0,0,0,0,0,0,0,0,0,0,0,0,0,0,-6.2173957911107545,0.1274770973014657,0.0199209035662006,-0.0058842210561138,0.0027729511477224,8.45,2.2655000000000003,0.025,10.25,12.6,8.2,1.0,5.0,356.0,0.061,1.8765,,2.95,4.4,4.596666666666667,12.033333333333337,-1.53,62.65666666666666,32.0,1.0433333333333334,6.253333333333335,,1022.6433333333332,2.7166666666666663,2,111.75385833333333,299.852,105.90640555555555,453.313,7.493166666666666,15.6,39.80901805555556,56.910208333333344
S07M03,S07,M03,winter,2,6,-11.687082722971892,-13.89984562661854,9.87706792641255,3.203783826757542,-0.4344802974355086,1.6955128521682308,-2.074604722873197,0.727946544855273,-0.1050274285928091,-0.4014135695346173,0.044,0,0,0,0,0,0,0,0,0,0,0,0,0,0,0,0,0,0,0,0,-6.2173957911107545,0.1274770973014657,0.0199209035662006,-0.0058842210561138,0.0027729511477224,3.266666666666667,3.23,0.02366666666666667,9.0,15.199999999999998,7.7,1.9333333333333336,5.2,435.3333333333333,0.06333333333333334,2.656333333333333,,3.3666666666666667,2.9333333333333336,0.9466666666666668,8.196666666666665,-5.080000000000001,47.58,0.0,1.0533333333333332,5.903333333333333,,1023.5233333333332,3.2166666666666663,0,48.143874999999994,95.86,48.089241666666666,126.003,4.9655,0.0,18.754941666666667,26.854999999999997
S07M04,S07,M04,winter,3,6,-8.598731115227823,7.79789693669165,8.175064266155077,0.3267593499089193,6.862640072092233,-1.063362300430552,-2.197514342832924,4.929444324907867,-0.5570844398536733,3.2406287767223816,0.095,0,284,156,324,267,179,34,125,108,445,284,5,177,52,61,20,10,183,32,2746,1.2874975761327443,-0.4535960798712325,-0.0604261186384142,0.0341901177912256,0.0292677881062349,4.8999999999999995,3.0666666666666664,0.030333333333333334,13.933333333333332,13.966666666666667,7.8,2.266666666666667,5.666666666666667,450.3333333333333,0.076,2.6886666666666663,0.004,3.6999999999999997,5.2,1.953333333333333,8.336666666666666,-3.7999999999999994,39.35333333333334,0.0,1.3666666666666667,7.546666666666665,,1023.3233333333334,3.6566666666666667,0,25.280193055555557,96.855,36.09712777777778,139.811,5.208138888888889,0.0,20.728433333333335,29.662083333333335
S07M05,S07,M05,spring,4,6,17.70605716024237,0.3344847246318516,1.9827476049533084,4.117414889497032,-6.097123641913316,-1.1017447236850737,0.9250732477161796,4.385280742906071,1.241512486326417,-0.5978715898256941,0.0,0,1573,1039,2141,1375,1367,221,991,659,2845,1811,34,1170,329,374,140,49,1144,210,17472,4.5210655127830846,0.3137606087389795,0.0133634421729647,-0.0648501142900788,0.046434579200225,10.4,3.2015000000000002,0.028,14.65,12.600000000000001,7.925,1.9500000000000002,5.6,436.5,0.06625,2.6945,0.004,3.5999999999999996,6.199999999999999,9.513333333333332,16.52,2.606666666666667,57.133333333333326,58.400000000000006,1.2133333333333334,6.536666666666668,,1016.5933333333334,5.026666666666667,8,96.11510694444445,369.715,97.39797638888889,539.281,9.457236111111111,64.0,57.086594444444444,81.60097222222223
S07M06,S07,M06,spring,5,6,10.924728555297753,-0.8081971982608904,-1.8901174212428264,-1.6746459067036912,-0.0289172980988581,-1.8359962162939232,-3.1280905524338243,0.5486927660442497,8.421032044767038,-1.2132243351808778,0.051,0,874,547,1065,756,628,101,501,367,1519,914,17,647,200,205,72,38,632,118,9201,3.445200803861997,0.0710646390136378,0.1216400168444169,0.0722829812598528,-0.0171631605452864,17.9,2.6039999999999996,0.03025,18.425,10.175,7.9750000000000005,2.1,6.2,405.25,0.0485,2.18825,,3.775,5.6,13.026666666666667,20.536666666666658,5.773333333333334,53.28333333333334,32.7,1.3366666666666667,8.483333333333333,,1018.7433333333332,4.663333333333333,4,113.06988055555556,393.47,115.55639305555556,539.281,9.153097222222222,36.0,54.425701388888896,77.8026388888889
S07M07,S07,M07,spring,6,6,8.54965617274314,-2.422380300507358,-3.219309046171504,-2.6562432982135995,3.208035911549928,-1.9945755837253103,-3.594196697646326,-1.9198451324816737,2.9077790502315297,-3.099008423255326,2.129,1,536,354,734,507,365,84,280,200,935,574,8,384,100,130,48,20,417,75,5751,2.5590520828993752,-0.2863531335535855,0.1455685298408075,-0.0706958475692112,0.0478419209160096,22.166666666666668,2.0486666666666666,0.028999999999999998,13.933333333333332,8.666666666666666,8.133333333333333,1.5666666666666667,6.0,376.3333333333333,0.07566666666666666,1.518,0.005,3.8333333333333335,3.6,18.653333333333332,26.033333333333335,12.023333333333332,52.72666666666667,57.699999999999996,1.2433333333333334,8.520689655172413,,1013.5966666666666,4.613333333333333,3,78.34391388888889,266.008,86.73672777777779,430.624,8.857430555555556,35.199999999999996,51.76347222222223,73.99805555555557
S07M08,S07,M08,summer,7,6,11.542477125031718,-3.707001874747655,-1.4504754472953283,-3.697929863894261,1.3655997306163132,-0.2020122336339073,4.792335314695021,-2.5531561534213374,-1.4591220468537,1.6322772041857572,2.381,1,1083,734,1520,948,832,167,628,490,2033,1277,33,802,246,274,120,39,941,142,12309,4.001334275565137,0.386303039811369,-0.0618902407330313,-0.0665320177460867,0.0208411866722659,24.875,1.51675,0.026250000000000002,24.625,8.675,8.175,2.5,6.95,387.25,0.0895,1.08025,0.005,4.375,6.5,22.939999999999998,29.356666666666666,17.330000000000002,58.56333333333335,48.8,1.2899999999999998,7.980000000000001,,1006.9533333333334,5.319999999999999,6,76.82777638888888,425.876,89.59669305555555,479.745,8.879791666666666,55.2,51.96572777777778,74.29013888888889
S07M09,S07,M09,summer,8,6,10.184074850480492,11.25300739868032,0.221002595687608,6.3692625934172575,7.8013473854131155,8.836999938451406,-6.0767049576349015,-2.8645957671851203,-1.7865178831464972,-0.5826835800252322,3.671,1,488,285,614,451,359,71,252,162,816,573,11,308,103,128,45,17,332,56,5071,2.3990213938350733,-0.1124593535380564,-0.0433761660915269,-0.0330832470548314,0.0965548548458937,28.95,1.3559999999999999,0.0435,32.349999999999994,8.05,8.5,3.45,8.55,341.5,0.1335,0.761,0.005,5.25,11.2,27.326666666666664,32.34,23.509999999999994,71.67,278.6,1.2933333333333328,6.1499999999999995,,1005.2966666666666,6.636666666666668,11,137.34680694444444,493.772,143.06581944444446,646.23,8.984041666666666,144.4,52.88652916666667,75.6039861111111
S07M10,S07,M10,summer,9,6,-5.248218064123955,-1.92629760661332,-10.954164002337588,-7.109090680535906,0.2488636351556754,0.5990697624542226,-1.6221237229514356,5.0095039975638,2.9587141998862645,-1.8059709276938536,0.45,0,0,0,0,0,0,0,0,0,0,0,0,0,0,0,0,0,0,0,0,-6.2173957911107545,0.1274770973014657,0.0199209035662006,-0.0058842210561138,0.0027729511477224,28.45,1.6635,0.057999999999999996,74.45,8.5,8.2,2.6,7.15,238.0,0.085,1.108,0.012,4.85,18.0,26.826666666666657,31.206666666666667,23.22333333333334,73.64000000000001,164.79999999999998,1.0566666666666664,4.576666666666666,,1007.1733333333333,7.123333333333334,12,291.1814888888889,1278.613,295.6098458333333,1686.23,8.855791666666667,189.5,51.742358333333335,73.96916666666667
S07M12,S07,M12,fall,10,6,-9.50764678496174,-1.0501091601809278,-5.671250468233927,2.885040329360441,0.8735498532057372,-1.9603936715316848,2.5884776637115414,0.0081797088660282,-1.4506895016420678,-1.0491665592363977,0.0,0,0,0,0,0,0,0,0,0,0,0,0,0,0,0,0,0,0,0,0,-6.2173957911107545,0.1274770973014657,0.0199209035662006,-0.0058842210561138,0.0027729511477224,24.733333333333334,2.625666666666667,0.048999999999999995,36.300000000000004,8.333333333333334,7.766666666666667,1.5666666666666667,7.0,188.66666666666666,0.06833333333333334,2.2399999999999998,0.0425,5.233333333333333,13.733333333333334,22.33,27.393333333333327,18.056666666666665,69.78666666666666,164.3,1.0333333333333334,5.05,,1011.87,7.326666666666668,12,417.14474583333333,4028.011,420.6832277777778,4306.305,9.350652777777777,132.2,57.111291666666666,81.64466666666667
S08M01,S08,M01,fall,0,7,-6.297887290102828,7.376115731505379,4.36339900620401,-2.207202949414944,0.3227616774819825,0.0722460658041334,-0.6892928036904744,-0.0231552775868108,1.6741699009184503,-3.045840144641016,0.561,0,199,113,233,163,158,18,82,72,316,232,4,175,42,44,10,8,155,22,2046,0.7225137746196539,-0.5764284260222505,-0.183855441114525,0.2451362448834116,0.0475933913038251,22.025,1.99675,0.038,62.925000000000004,11.85,8.225,2.2,6.725,263.0,0.026250000000000002,1.256,0.003,3.05,12.25,17.157692307692308,23.807692307692307,12.103846153846156,73.06923076923077,61.2,0.8615384615384616,6.884615384615385,,1019.9423076923075,4.507692307692308,6,245.26434615384613,429.28,245.4205496794872,559.909,2.3870673076923077,45.699999999999996,54.94608012820514,54.443333333333335
S08M02,S08,M02,winter,1,7,-10.951335161191729,-2.9131847561060544,14.187453690341698,-4.14258145288728,-1.829323470821798,3.1422298295895947,-1.6532423549082451,2.659546361583064,1.8239918025457147,1.3000004827500986,0.032,0,0,0,0,0,0,0,0,0,0,0,0,0,0,0,0,0,0,0,0,-6.2173957911107545,0.1274770973014657,0.0199209035662006,-0.0058842210561138,0.0027729511477224,8.45,2.1029999999999998,0.02575,8.875,11.0,7.65,1.425,4.75,368.5,0.10074999999999999,1.73025,0.012750000000000001,2.25,5.1499999999999995,4.596666666666667,12.033333333333337,-1.53,62.65666666666666,32.0,1.0433333333333334,6.253333333333335,,1022.6433333333332,2.7166666666666663,2,120.15911805555555,307.094,145.15028194444446,747.047,4.430736111111111,16.3,88.96508472222222,88.15595833333333
S08M03,S08,M03,winter,2,7,-10.186496517439371,-10.44170003257896,9.522102655061012,-1.2971498610470484,1.6379588154248974,1.7475355563392725,-1.78916407950608,2.331173448860991,0.0393436201694834,0.9517207615094406,0.0,0,123,80,173,110,117,19,72,59,193,140,2,126,23,38,11,4,97,13,1400,0.1158457752064201,-0.8081518660706839,-0.1545927015731381,-0.0497057811365015,0.0558706161415586,4.175000000000001,3.0402500000000003,0.046,9.575,13.649999999999999,8.05,1.6,4.8,465.0,0.223,2.3040000000000003,0.017,2.625,3.45,0.9466666666666668,8.196666666666665,-5.080000000000001,47.58,0.0,1.0533333333333332,5.903333333333333,,1023.5233333333332,3.2166666666666663,0,78.40420694444444,145.499,78.46339027777778,259.182,4.926416666666666,0.2,99.43384861111109,98.52833333333332
S08M04,S08,M04,winter,3,7,-3.972764238561688,-0.7042279008725278,11.584218273215376,-7.631417130039952,4.880669459040882,-0.0301305284014556,-0.3854530753960788,1.5455681095047369,-1.43607092298343,6.06490613648301,0.071,0,536,305,730,433,402,64,259,196,890,626,10,437,123,119,50,22,408,70,5680,2.57080085070591,-0.1579012150075209,0.0759484695184688,0.0141030108906974,-0.0130492361425513,4.999999999999999,3.188,0.04733333333333333,15.1,13.533333333333333,8.133333333333333,1.7333333333333332,5.2,474.0,0.13066666666666668,2.5239999999999996,0.006,2.1,5.0,1.953333333333333,8.336666666666666,-3.7999999999999994,39.35333333333334,0.0,1.3666666666666667,7.546666666666665,,1023.3233333333334,3.6566666666666667,0,49.42096805555555,134.342,53.220218055555556,212.388,4.915416666666666,0.0,99.20991666666667,98.30833333333334
S08M05,S08,M05,spring,4,7,15.974233207212295,0.7621087012673081,3.14025238842099,3.145303163283521,-6.516813870082537,-2.859155293154079,-1.1584894058586062,4.587915219238836,2.4606533346297166,4.34855471827253,0.0,0,1251,704,1476,1028,927,150,660,402,2080,1403,17,768,261,287,101,48,958,128,12649,3.907062218849312,0.0181681106878837,0.2369770592171052,0.0611619404075235,0.0326688547234714,11.625,3.0195,0.01875,17.375,11.875,7.875,1.825,5.625,435.75,0.10325000000000001,2.347,0.005,2.3,6.4,9.513333333333332,16.52,2.606666666666667,57.133333333333326,58.400000000000006,1.2133333333333334,6.536666666666668,,1016.5933333333334,5.026666666666667,8,111.49994861111112,347.025,113.31003750000002,622.44,4.876972222222222,64.4,98.36684166666666,97.48097222222222
S08M06,S08,M06,spring,5,7,15.760972122445462,2.337343870832682,1.8725344187904067,2.431489320771052,-3.807407817807021,2.360490962670461,0.92451379774154,3.313511295328488,13.321156607636173,0.079078605762808,0.073,0,1709,1410,2789,1686,1353,249,1177,926,3190,2103,67,1589,440,372,200,64,1463,294,21081,4.976692682274989,0.713550321757271,-0.1142718669616013,-0.0784198807888034,-0.0699245000845858,18.375,2.51825,0.036000000000000004,14.225000000000001,10.350000000000001,7.6499999999999995,2.3,6.1499999999999995,387.0,0.065,1.8900000000000001,0.005,2.7,9.4,13.026666666666667,20.536666666666658,5.773333333333334,53.28333333333334,32.7,1.3366666666666667,8.483333333333333,,1018.7433333333332,4.663333333333333,4,144.64536111111113,347.025,151.12012361111113,622.44,4.943083333333333,37.699999999999996,99.68692777777778,98.77652777777779
S08M07,S08,M07,spring,6,7,15.327209266868888,1.2007107243101238,-0.0233483457725046,0.6514923394540091,-0.9949794255114478,-3.1568918866589093,-5.538649410263924,-2.588053586788987,5.445522612261924,-2.549810107139632,0.324,0,870,540,1189,781,726,125,491,381,1665,1093,22,625,192,225,82,48,709,110,9874,3.6080862430628073,0.2456032834613703,0.1321588637891642,0.1472915090939351,-0.01458575497796,22.250000000000004,1.8395000000000001,0.0345,12.3,9.9,8.25,1.8499999999999999,6.15,357.0,0.146,1.4205,0.016333333333333335,3.0,3.5999999999999996,18.653333333333332,26.033333333333335,12.023333333333332,52.72666666666667,57.699999999999996,1.2433333333333334,8.520689655172413,,1013.5966666666666,4.613333333333333,3,101.21695555555556,375.276,106.75467777777779,577.31,4.892416666666667,36.900000000000006,98.72000277777778,97.82138888888888
S08M08,S08,M08,summer,7,7,11.685308221754411,-3.754100044022801,-1.923460785253376,-2.462295841511177,1.3817088196736358,1.7151155848635813,5.507197183354121,-2.049743800758616,-1.8373841539937388,-1.0016361275627723,3.2,1,778,543,1122,670,620,120,483,318,1428,963,26,570,177,183,80,43,665,99,8888,3.4786059241496043,0.3584634600655009,0.0263524985926975,0.1267558859014218,-0.0335901747487998,25.900000000000002,1.6465,0.040749999999999995,36.225,9.725,8.575000000000001,2.125,8.0,352.5,0.1835,0.953,0.019666666666666666,6.0,8.6,22.939999999999998,29.356666666666666,17.330000000000002,58.56333333333335,48.8,1.2899999999999998,7.980000000000001,,1006.9533333333334,5.319999999999999,6,114.47190555555555,436.177,126.79978055555556,754.079,4.227125,56.1,84.39389166666666,83.61805555555556
S08M09,S08,M09,summer,8,7,6.173703292708335,9.40471228438158,-1.691525124586002,4.516083253156787,7.921053737281963,6.76063523551158,-6.933229266332818,-4.801981090575732,-3.653520709003263,1.243004013843157,2.604,1,319,221,493,347,265,54,190,153,669,405,15,264,58,83,32,13,271,56,3908,2.014306344983741,0.0763078460492753,-0.3001264958534293,-0.0148242040336869,0.0337231583878889,30.299999999999997,1.1675,0.053750000000000006,74.175,12.0,9.275,3.0250000000000004,10.700000000000001,312.0,0.039,0.55,0.0115,8.775,16.3,27.326666666666664,32.34,23.509999999999994,71.67,278.6,1.2933333333333328,6.1499999999999995,,1005.2966666666666,6.636666666666668,11,195.73141666666666,502.049,211.16631944444444,854.158,4.136347222222223,145.1,82.38487083333332,81.62736111111111
S08M10,S08,M10,summer,9,7,-4.180082927645682,-4.983546358478753,-9.569940192994638,-5.76852255027113,1.0212432812715015,1.0316848128306038,-1.889645169399504,2.093482341172492,1.406343809483593,-0.3552379691861109,0.446,0,249,183,315,239,187,27,156,123,405,247,7,203,49,52,18,9,205,34,2708,1.297524903754127,-0.3319740752295415,-0.2632363563556665,0.0542201065026018,-0.0529205209528498,28.799999999999997,1.30125,0.05725000000000001,59.1,8.775,8.425,1.9500000000000002,8.25,249.0,0.04525,0.73975,0.021750000000000002,4.875,18.125,26.826666666666657,31.206666666666667,23.22333333333334,73.64000000000001,164.79999999999998,1.0566666666666664,4.576666666666666,,1007.1733333333333,7.123333333333334,12,416.658725,1234.344,411.7491486111111,1290.924,3.2692361111111117,186.29999999999998,67.75725972222222,67.13763888888889
S08M12,S08,M12,fall,10,7,-5.433806826362146,6.5227484911834965,-0.983155049880396,-2.8328591116366093,5.827673504058051,-3.70247309832074,2.851621262898195,-0.9210312654889684,-2.0004359556569686,1.453642595258419,0.0,0,0,0,0,0,0,0,0,0,0,0,0,0,0,0,0,0,0,0,0,-6.2173957911107545,0.1274770973014657,0.0199209035662006,-0.0058842210561138,0.0027729511477224,24.75,2.466,0.07225,34.724999999999994,9.174999999999999,8.025,1.75,7.85,208.5,0.07033333333333333,2.0082500000000003,0.03025,4.55,13.8,22.33,27.393333333333327,18.056666666666665,69.78666666666666,164.3,1.0333333333333334,5.05,,1011.87,7.326666666666668,12,602.4094249999999,4851.168,599.6835152777778,6192.348,3.6104861111111113,137.6,74.86287083333333,74.1757638888889
S09M01,S09,M01,fall,0,8,-9.112891840379149,19.07983892458776,7.14741118222928,-0.1278098616959623,6.444721805175316,-3.4236920567532385,0.2138937061919714,3.580194044241808,1.0330828774262062,0.0419225666903883,0.609,0,0,0,0,0,0,0,0,0,0,0,0,0,0,0,0,0,0,0,0,-6.2173957911107545,0.1274770973014657,0.0199209035662006,-0.0058842210561138,0.0027729511477224,22.775,1.9717500000000001,0.024,48.900000000000006,10.6,8.825,1.825,6.199999999999999,267.0,0.04475,1.4360000000000002,,4.449999999999999,8.9,19.053846153846152,23.519230769230766,15.573076923076922,69.79615384615384,18.200000000000003,2.5961538461538467,6.984615384615386,14.855769230769234,1018.8,4.015384615384615,6,245.26434615384613,429.28,245.4205496794872,559.909,2.3870673076923077,45.699999999999996,54.94608012820514,54.443333333333335
S09M02,S09,M02,winter,1,8,-10.48465172371518,2.439313072570452,13.232643055000365,-1.712925524291417,2.003386492778807,1.170320861744585,-2.1021120566548084,3.5045866989163104,2.7635930271707427,1.7551081796664427,0.0,0,155,114,261,154,130,18,101,66,260,157,4,126,31,40,12,10,107,20,1766,0.598475038238405,-0.4456459966551114,-0.0552318680726309,0.2481417004592722,-0.086587661376121,7.575,2.32625,0.031,5.875,12.475,7.675,0.9500000000000001,4.575,381.0,0.09175,1.911,0.009333333333333334,2.7,2.2,8.06,12.790000000000001,3.913333333333333,53.68666666666666,33.4,3.0799999999999996,7.159999999999999,10.788,1022.0799999999999,2.2499999999999996,3,120.15911805555555,307.094,145.15028194444446,747.047,4.430736111111111,16.3,88.96508472222222,88.15595833333333
S09M03,S09,M03,winter,2,8,-9.664051854759832,-10.581749913769633,8.030939653956787,-0.6787301736345874,2.3064653782202766,0.8182409814216526,-1.7667624424567308,1.818150550542784,0.0946405830346408,0.5996826237068706,0.01,0,0,0,0,0,0,0,0,0,0,0,0,0,0,0,0,0,0,0,0,-6.2173957911107545,0.1274770973014657,0.0199209035662006,-0.0058842210561138,0.0027729511477224,4.325,2.7455,0.03425,12.875,15.15,7.525,1.825,5.0,457.0,0.06225,2.3897500000000003,0.003,3.125,2.8000000000000003,3.9033333333333338,8.933333333333334,0.003333333333333381,42.80333333333335,0.0,2.8800000000000003,7.390000000000001,11.585333333333333,1022.7766666666668,2.8133333333333326,0,78.40420694444444,145.499,78.46339027777778,259.182,4.926416666666666,0.2,99.43384861111109,98.52833333333332
S09M04,S09,M04,winter,3,8,-0.9162713235099192,-8.269424406991309,6.945564478741395,-10.154202411217394,2.979278698735848,-2.240167590870463,1.738022655972042,-0.4980442391567222,-3.1711226728024835,5.303731415007078,0.069,0,213,193,351,240,186,40,168,130,398,307,8,204,53,51,30,12,226,29,2839,1.4842118834922804,-0.1621674203329498,-0.1240732271386362,-0.0132836903475578,-0.1344580216153582,4.775,2.86675,0.0315,17.85,14.175,7.7,1.925,5.425000000000001,486.0,0.04775,2.54225,,3.35,3.6,3.62,8.646666666666667,-0.16666666666666666,43.706666666666656,0.0,3.2233333333333336,8.063333333333333,14.359000000000002,1022.64,3.2566666666666664,0,49.42096805555555,134.342,53.220218055555556,212.388,4.915416666666666,0.0,99.20991666666667,98.30833333333334
S09M05,S09,M05,spring,4,8,13.517184989910035,-1.910363875211551,0.1793852495726682,1.5499910577085625,-2.3297292724984247,3.006294806600285,2.036602356532752,1.56470157909222,1.793899342149068,1.495573747659943,0.151,0,726,477,973,656,578,101,461,287,1365,894,18,490,171,180,75,22,545,92,8111,3.194973812283635,0.0575936218933693,-0.1047994597924661,-0.1168367588786384,0.0484730448415898,10.675,3.27125,0.0305,24.575000000000003,12.575,7.9,2.875,6.0,475.25,0.07599999999999998,2.6534999999999997,,3.8499999999999996,5.3999999999999995,10.48,14.836666666666666,6.726666666666669,64.37333333333333,127.39999999999999,3.4366666666666665,6.286666666666666,15.633666666666668,1016.5166666666667,5.016666666666668,10,111.49994861111112,347.025,113.31003750000002,622.44,4.876972222222222,64.4,98.36684166666666,97.48097222222222
S09M07,S09,M07,spring,6,8,9.739407996928197,4.656734274508106,-1.245633503019352,-0.4059212653194729,6.0368084664293855,-1.9589405536738749,-5.989297941076426,-4.547144826327015,2.3276677093794325,-3.05494342877138,0.523,0,1143,757,1532,1094,835,167,629,465,1963,1321,21,804,233,333,127,46,867,133,12470,3.975503756463154,0.1650206749138999,0.1890240112513069,-0.0358638988374964,0.0129789591116834,21.275,2.0035000000000003,0.0315,13.325,8.625,7.9,2.175,5.824999999999999,371.0,0.09474999999999999,1.4995,0.007333333333333333,3.85,3.3,17.75333333333333,22.013333333333332,14.216666666666665,63.72,123.5,3.1100000000000003,8.433333333333334,23.692999999999998,1013.7,4.613333333333333,4,101.21695555555556,375.276,106.75467777777779,577.31,4.892416666666667,36.900000000000006,98.72000277777778,97.82138888888888
S09M08,S09,M08,summer,7,8,9.234546617848224,-0.1456446119156116,-1.9196963912631475,-4.708174766041255,5.562163218610741,-0.3908100748565296,3.316462619409641,-6.958425953440585,-3.422531329491419,1.165019977197893,3.689,1,1487,879,1886,1354,1105,206,864,576,2649,1597,32,1053,293,370,139,54,1085,191,15820,4.392695578065881,0.343652198153503,0.0906067523966515,-0.0167151116165707,0.0370602532525682,24.5,1.506,0.025750000000000002,23.475,8.950000000000001,8.25,2.425,6.9,389.5,0.07625000000000001,1.08925,0.004666666666666667,4.25,6.0,21.170000000000005,24.970000000000006,18.363333333333337,75.00666666666667,67.5,3.4333333333333345,7.7733333333333325,22.13533333333333,1007.1833333333333,5.213333333333334,7,114.47190555555555,436.177,126.79978055555556,754.079,4.227125,56.1,84.39389166666666,83.61805555555556
S09M09,S09,M09,summer,8,8,18.87542202676805,10.178620788998234,5.610017363585609,8.68016726857879,0.1881509539856994,4.031937845471632,-12.177761091169137,-2.6663898210412604,-1.866885867554198,-0.3575767873564076,3.413,1,1320,793,1785,1247,1039,166,768,506,2499,1546,35,949,283,340,105,49,1090,183,14703,4.245458867883549,0.3676965701495351,-0.0289368821262826,0.0677381762490224,0.0725126481666428,28.825000000000003,1.29475,0.03825,45.1,8.175,8.575,3.075,8.625,326.25,0.07699999999999999,0.7375,0.004,4.85,9.9,25.413333333333334,28.476666666666667,23.30666666666667,87.81333333333335,194.1,3.8200000000000003,5.383333333333335,18.051333333333332,1005.7233333333332,6.74,10,195.73141666666666,502.049,211.16631944444444,854.158,4.136347222222223,145.1,82.38487083333332,81.62736111111111
S09M10,S09,M10,summer,9,8,-6.30413354592068,-1.0688723473285473,-12.346947786747188,-8.384404481604182,-3.162168805256916,5.807734996414736,-2.17166298612605,3.656758503938247,0.4103577840409443,1.3124420336784424,0.607,0,333,262,459,354,270,49,192,139,607,405,12,282,60,73,36,16,250,42,3841,1.970208893701252,-0.0071847635905439,-0.1587077469219032,0.0595036990988174,-0.0869673236757793,29.55,1.21575,0.05075,58.400000000000006,8.200000000000001,8.5,2.5749999999999997,8.2,287.75,0.04475,0.74375,0.022333333333333334,5.15,13.9,26.529999999999998,29.883333333333333,24.043333333333337,80.81000000000002,140.5,3.713333333333333,5.453333333333334,17.402333333333335,1007.0733333333334,6.63,11,416.658725,1234.344,411.7491486111111,1290.924,3.2692361111111117,186.29999999999998,67.75725972222222,67.13763888888889
S09M12,S09,M12,fall,10,8,-0.03207769312694,-3.043574213266973,-2.951770687427459,-7.853026315628297,5.51897698325922,-3.7850243993152137,3.5435361441116275,-3.6039249414134273,-3.3376370490093343,6.2174164251689445,0.0,0,166,108,248,177,126,16,82,61,272,184,1,106,32,44,15,8,131,33,1810,0.4952623409313572,-0.9756591642264086,0.2994418646317417,-0.0126217500113755,-0.0604079394733355,24.425,2.61925,0.04725,25.025,8.375,7.7,1.55,6.325,204.0,0.067,2.222,0.035250000000000004,4.7749999999999995,9.4,22.95333333333333,26.81666666666667,20.383333333333333,76.77666666666669,201.0,3.03,3.8133333333333335,13.361666666666668,1010.9633333333333,7.263333333333334,11,602.4094249999999,4851.168,599.6835152777778,6192.348,3.6104861111111113,137.6,74.86287083333333,74.1757638888889
S10M01,S10,M01,fall,0,9,-3.9804738916213385,12.512014788852865,9.729581009721706,-1.0553857945019645,1.3938400408731109,-0.6145324573775997,1.0031255315060232,0.9480513980571452,3.0101037985705563,-1.1361227103829097,0.713,0,249,184,328,198,180,34,129,81,414,346,8,215,65,65,15,9,207,32,2759,1.330004759863529,-0.2701322394385019,-0.2885696143463656,0.122879827306981,0.1767221142763937,22.425,1.87575,0.03375,36.525,11.0,7.949999999999999,2.175,6.9,247.25,0.02825,1.16225,0.006500000000000001,3.3499999999999996,8.549999999999999,19.053846153846152,23.519230769230766,15.573076923076922,69.79615384615384,18.200000000000003,2.5961538461538467,6.984615384615386,14.855769230769234,1018.8,4.015384615384615,6,193.75400321027288,608.147,223.86628250401287,1152.98,0.8117788461538462,44.7,299.68316051364366,97.55189406099518
S10M02,S10,M02,winter,1,9,-12.093499875003603,8.045030577180029,11.337351414667044,-5.003987390839309,4.0055150585848125,-0.3525370949604076,-1.4749643674036637,7.936036096552074,2.29249173136398,0.8883864696150984,0.029,0,259,178,336,238,223,31,142,94,437,266,1,194,56,59,20,11,189,33,2767,1.13390699671675,-1.076478028387659,0.4126502103222783,-0.015090472560073,-0.0289921016825651,9.25,2.16075,0.0375,6.5249999999999995,11.125,7.475,1.15,4.8,362.25,0.12175,1.72425,0.01475,2.2249999999999996,4.75,8.06,12.790000000000001,3.913333333333333,53.68666666666666,33.4,3.0799999999999996,7.159999999999999,10.788,1022.0799999999999,2.2499999999999996,3,106.33362916666665,558.658,141.10364027777777,1061.032,0.8464583333333334,18.1,301.2831527777778,98.07080555555557
S10M03,S10,M03,winter,2,9,-7.274212420778262,-10.922038057158309,-0.9686019870240749,1.322030609352743,3.872822776151768,-1.2193302516461324,-0.382881154096481,1.7600312633520334,0.3802267796323242,0.3411008508504318,0.054,0,0,0,0,0,0,0,0,0,0,0,0,0,0,0,0,0,0,0,0,-6.2173957911107545,0.1274770973014657,0.0199209035662006,-0.0058842210561138,0.0027729511477224,4.025,2.7937499999999997,0.0195,20.35,13.875000000000002,8.375,1.575,5.4,438.5,0.22433333333333336,2.26175,0.0033333333333333335,2.775,5.5,3.9033333333333338,8.933333333333334,0.003333333333333381,42.80333333333335,0.0,2.8800000000000003,7.390000000000001,11.585333333333333,1022.7766666666668,2.8133333333333326,0,72.07109722222222,133.691,93.95863472222223,736.598,0.8616944444444445,0.2,301.9881541666667,98.29930555555555
S10M04,S10,M04,winter,3,9,-5.413465448251534,-4.022160574339049,12.66805581256561,-11.173122866187226,2.1056306048382463,-1.2389486326376156,2.569534245384153,0.2154889076096414,-4.017707822243851,2.652859851777699,0.035,0,0,0,0,0,0,0,0,0,0,0,0,0,0,0,0,0,0,0,0,-6.2173957911107545,0.1274770973014657,0.0199209035662006,-0.0058842210561138,0.0027729511477224,5.533333333333334,3.26,0.02966666666666667,21.333333333333332,13.666666666666666,8.299999999999999,1.5333333333333332,5.566666666666666,467.6666666666667,0.06833333333333333,2.5743333333333336,0.019,2.1999999999999997,7.3999999999999995,3.62,8.646666666666667,-0.16666666666666666,43.706666666666656,0.0,3.2233333333333336,8.063333333333333,14.359000000000002,1022.64,3.2566666666666664,0,52.70159861111111,146.42,84.01004861111112,454.812,0.8087638888888888,0.0,299.5474361111111,97.50625
S10M05,S10,M05,spring,4,9,13.022183096704508,-2.358668763492207,-0.427149154257134,0.9898875377808262,-3.969745902602761,-1.4243317074813513,-1.7990834587311335,2.4031235720570607,5.357532473156481,0.5485214073227724,0.0,0,679,474,882,641,497,77,393,358,1213,761,17,488,141,162,60,27,499,97,7466,3.0831315781436968,0.0654305068698484,-0.0450666339942264,0.0265818491449778,-0.0605507100407763,9.98,3.2354,0.0188,24.2,12.6,8.399999999999999,2.28,5.86,458.0,0.18539999999999998,2.2946,0.011,2.4,6.6,10.48,14.836666666666666,6.726666666666669,64.37333333333333,127.39999999999999,3.4366666666666665,6.286666666666666,15.633666666666668,1016.5166666666667,5.016666666666668,10,93.7774236111111,657.551,125.66937777777778,1053.589,0.8548472222222222,63.2,301.6720555555556,98.19694444444445
S10M07,S10,M07,spring,6,9,7.763346943051249,1.556471297446613,-2.781564590043397,-1.449940529204433,5.906018002326641,-1.7234383462517473,-5.036566612904152,-3.3686165483426707,2.88666081084362,-3.7750255087311433,0.744,0,1068,764,1494,1073,789,135,602,452,1965,1252,21,820,237,248,107,38,872,133,12070,3.8530439992032623,0.1101347271878571,0.0583937861352974,-0.0425769729753784,-0.0346854762075559,21.225,1.81525,0.03375,14.8,9.850000000000001,7.975,2.15,6.0249999999999995,371.0,0.122,1.4555,0.0165,2.4250000000000003,8.25,17.75333333333333,22.013333333333332,14.216666666666665,63.72,123.5,3.1100000000000003,8.433333333333334,23.692999999999998,1013.7,4.613333333333333,4,95.58321527777777,604.786,114.55508888888887,898.323,0.79725,40.1,299.0015625,97.33625
S10M08,S10,M08,summer,7,9,9.897480227002072,0.598809742937469,-1.7850879436190812,-2.9793310878785624,5.014314005895095,-0.1556810822673464,1.6638006121151208,-5.956739281855808,-2.7950991128657074,0.3188477796380725,1.107,1,853,549,1196,847,614,107,461,369,1461,998,22,642,181,211,86,38,678,125,9438,3.529921776402296,0.2230476876822543,0.046456634840704,0.0335508270243368,-0.0364288913384631,25.15,1.70025,0.0495,38.775,9.55,8.7,2.0500000000000003,8.725000000000001,400.5,0.08333333333333333,0.8206666666666668,0.0345,5.75,13.100000000000001,21.170000000000005,24.970000000000006,18.363333333333337,75.00666666666667,67.5,3.4333333333333345,7.7733333333333325,22.13533333333333,1007.1833333333333,5.213333333333334,7,103.61871568627451,740.575,134.09991086350976,1213.307,0.8129722222222223,55.5,299.7133495821727,97.56852367688022
S10M09,S10,M09,summer,8,9,8.396348140296752,9.157571842656214,3.67704919602161,5.2905073606863455,6.482725157467372,8.324014344156252,-8.242462729809322,-0.6107765626378096,1.7295969949568455,2.6981565831310386,4.697,1,969,705,1418,902,683,129,551,398,1724,1091,27,708,206,219,86,40,756,149,10761,3.7457156043838777,0.2970387729020389,-0.0130364499250925,0.0340051790926916,-0.0084531797637268,29.15,1.1225,0.046,86.2,10.55,9.075,3.75,13.125,321.5,0.04625,0.6033333333333334,0.01025,8.85,24.15,25.413333333333334,28.476666666666667,23.30666666666667,87.81333333333335,194.1,3.8200000000000003,5.383333333333335,18.051333333333332,1005.7233333333332,6.74,10,206.8340625,1206.101,239.5796347222222,1932.4,0.8199722222222223,150.5,300.0451722222222,97.67625
S10M10,S10,M10,summer,9,9,-13.37715676589114,12.633293952733064,-13.897109151773662,-6.7886328491491845,-6.4509290719934285,3.37850937824885,-2.519406259997428,4.310631029676802,1.152598534377227,0.5259655052453026,0.696,0,447,323,612,465,358,89,280,255,905,581,14,408,100,99,54,19,382,75,5466,2.6031320258635944,0.037587224503229,-0.0646126741564029,-0.1225730473436822,-0.0317946620002501,28.6,1.263,0.0505,48.825,8.575,8.4,2.05,8.25,292.75,0.036,0.92275,0.02575,9.225,15.250000000000002,26.529999999999998,29.883333333333333,24.043333333333337,80.81000000000002,140.5,3.713333333333333,5.453333333333334,17.402333333333335,1007.0733333333334,6.63,11,421.2143319444445,3322.157,443.1765708333333,3907.435,0.7831944444444445,177.8,298.3615791666667,97.12829166666666
S10M12,S10,M12,fall,10,9,-2.4407262250525594,1.2177599283255758,-1.135411661251811,-2.227980114332766,2.3309513105224697,-4.141489636699039,4.071002119629406,-3.105347857047201,-0.699075442319524,2.3730461733130275,0.0,0,164,117,193,131,129,24,95,91,257,170,4,96,32,28,15,7,111,23,1687,0.5697775557375323,-0.4394977162053761,-0.119422688281383,-0.0323195075688838,-0.1128150339861189,23.6,2.68125,0.06974999999999999,27.674999999999997,8.450000000000001,8.0,1.3250000000000002,8.375,189.5,0.065,2.17075,0.03950000000000001,3.975,36.425,22.95333333333333,26.81666666666667,20.383333333333333,76.77666666666669,201.0,3.03,3.8133333333333335,13.361666666666668,1010.9633333333333,7.263333333333334,11,731.7693775862069,6411.762,691.3446972222223,6386.832,0.7980277777777777,147.6,299.0487777777778,97.35288888888888
