sample_id,site,month,season,site_name,latitude,longitude,address,MC_ppb,pH,DO_mg_L,CON_uS_cm,group,description,Microcystis_cells,Anabaena_cells,Oscillatoria_cells,Aphanizomenon_cells,유해남조류_세포수,Geosmin_ng_L,MIB_2_ng_L,MC_LR_ppb,collection_date,calendar_year,calendar_month,chronological_index,n_retained_metagenomes,window_start_30d,window_end_30d,date,nier_station,nier_n_observations,water_temp_C,TN_mg_L,TP_mg_L,Chl_a_mg_m3,DO_mg_L_wq,pH_wq,BOD_mg_L,COD_mg_L,EC_uS_cm,NH3N_mg_L,NO3N_mg_L,PO4P_mg_L,TOC_mg_L,SS_mg_L,kma_station_id,kma_station_name,kma_n_days,kma_target_window_days,air_temp_avg_C,air_temp_max_C,air_temp_min_C,humidity_avg_pct,precip_sum_mm,wind_speed_avg_ms,sunshine_avg_hr,solar_rad_avg_MJ,pressure_avg_hPa,cloud_avg_tenth,precip_days,nearest_weir,hydro_mapping_status,hydro_n_hours,hydro_n_days,hydro_target_window_days,discharge_mean_m3s,discharge_max_m3s,inflow_mean_m3s,inflow_max_m3s,water_level_mean_ELm,rainfall_total_mm,storage_mean_Mm3,storage_rate_pct
S01M01,S01,M01,fall,고령취수장,35.842509,128.4120899,경상북도 고령군 다산면 다산로 1343,0.112,8.5,,,,,996.875,30.75,0.0,151.625,1179.25,,,,2021-10-26,2021,10,1,10,2021-09-27,2021-10-26,2021-10-26,고령,4,21.349999999999998,2.76275,0.07,17.799999999999997,9.875,8.2,1.725,5.625,319.5,0.059,2.02275,0.02725,3.375,7.1,143,대구,26,30,17.161538461538463,23.261538461538464,12.342307692307692,73.03076923076922,57.80000000000001,1.5923076923076922,6.953846153846153,13.898076923076925,1020.8000000000001,4.569230769230769,6,상주보,legacy_date_only_not_geographically_revalidated,624,26,30,90.52478365384614,218.097,88.6554375,202.47,46.79290064102564,43.400000000000006,26.24545032051282,95.78967948717948
S01M02,S01,M02,winter,고령취수장,35.842509,128.4120899,경상북도 고령군 다산면 다산로 1343,0.021,7.76,,,,,110.5,13.3,27.5,530.0,681.3,,,,2021-12-21,2021,12,2,10,2021-11-22,2021-12-21,2021-12-21,고령,4,7.824999999999999,3.22625,0.035250000000000004,11.825,13.250000000000002,8.125,1.7,5.375,380.0,0.10575000000000001,2.54725,0.008,2.9,4.15,143,대구,30,30,5.086666666666668,10.973333333333334,-0.17333333333333323,58.75,16.0,2.35,7.010000000000001,9.782333333333336,1023.2966666666666,2.8200000000000003,3,상주보,legacy_date_only_not_geographically_revalidated,720,30,30,49.99955555555555,93.717,50.015573611111115,100.882,47.06883333333333,16.7,27.690772222222225,101.06211111111111
S01M03,S01,M03,winter,고령취수장,35.842509,128.4120899,경상북도 고령군 다산면 다산로 1343,0.093,7.68,,,,,0.0,0.0,5.142857142857143,129.85714285714286,135.0,,,,2022-01-27,2022,1,3,10,2021-12-29,2022-01-27,2022-01-27,고령,4,4.699999999999999,3.7135,0.03,11.85,13.674999999999999,8.024999999999999,1.8499999999999999,6.050000000000001,406.25,0.221,2.99575,,2.975,2.8499999999999996,143,대구,30,30,0.83,6.7266666666666675,-4.199999999999999,48.199999999999996,0.0,2.3399999999999994,7.213333333333334,10.865666666666664,1024.4533333333334,3.27,0,상주보,legacy_date_only_not_geographically_revalidated,720,30,30,45.877061111111104,58.929,45.811904166666665,73.704,47.03176388888888,0.30000000000000004,27.53444166666667,100.50125
S01M04,S01,M04,winter,고령취수장,35.842509,128.4120899,경상북도 고령군 다산면 다산로 1343,0.096,7.63,,,,,,,,,,,,,2022-02-22,2022,2,4,10,2022-01-24,2022-02-22,2022-02-22,고령,4,5.9,4.55125,0.0345,16.925,13.775,8.0,2.15,6.7,513.0,0.42125,3.48,,3.375,7.1,143,대구,30,30,1.4566666666666668,6.71,-3.0,45.78999999999999,0.0,2.933333333333333,7.8900000000000015,13.500333333333336,1024.2933333333335,3.7166666666666663,0,상주보,legacy_date_only_not_geographically_revalidated,720,30,30,43.88685138888889,55.311,43.87095833333333,65.184,47.02302777777778,0.4,27.496827777777778,100.363625
S01M05,S01,M05,spring,고령취수장,35.842509,128.4120899,경상북도 고령군 다산면 다산로 1343,0.127,7.68,,,,,0.0,0.0,21.285714285714285,0.0,21.285714285714285,,,,2022-03-30,2022,3,5,10,2022-03-01,2022-03-30,2022-03-30,고령,4,9.45,3.735,0.0265,15.95,13.425,8.05,2.2249999999999996,6.2,400.75,0.193,3.00825,,3.3,16.650000000000002,143,대구,30,30,9.693333333333333,15.966666666666665,3.7466666666666666,57.18333333333332,34.2,2.3633333333333337,6.810000000000001,15.470666666666665,1017.19,4.876666666666666,6,상주보,legacy_date_only_not_geographically_revalidated,720,30,30,61.71963749999999,249.179,61.898579166666664,220.889,47.083513888888895,93.5,27.74945555555555,101.28347222222223
S01M06,S01,M06,spring,고령취수장,35.842509,128.4120899,경상북도 고령군 다산면 다산로 1343,0.0,7.51,,,,,0.0,0.0,0.0,10.375,10.375,,,,2022-04-19,2022,4,6,8,2022-03-21,2022-04-19,2022-04-19,고령,4,17.975,2.9044999999999996,0.0305,18.925,11.674999999999999,8.575000000000001,2.375,6.550000000000001,353.75,0.0485,2.1625,,3.375,7.85,143,대구,30,30,13.5,20.383333333333333,6.913333333333333,53.686666666666675,16.099999999999998,2.3000000000000003,8.580000000000002,20.211,1019.2833333333333,4.243333333333334,5,상주보,legacy_date_only_not_geographically_revalidated,720,30,30,75.16285277777777,249.179,74.95140972222222,220.889,47.09780555555555,52.3,27.813051388888884,101.50819444444444
S01M08,S01,M08,summer,고령취수장,35.842509,128.4120899,경상북도 고령군 다산면 다산로 1343,0.0,7.6,3.9,212.0,,,0.0,0.0,0.0,26.8,26.8,,,,2022-06-23,2022,6,8,10,2022-05-25,2022-06-23,2022-06-23,고령,4,24.3,2.06,0.04475,38.62499999999999,8.3,8.075000000000001,2.6250000000000004,8.0,400.25,0.18433333333333332,1.1905000000000001,0.0105,4.175,17.15,143,대구,30,30,23.329999999999995,29.236666666666668,18.113333333333333,64.74999999999999,43.30000000000001,2.4299999999999997,8.176666666666666,22.145666666666664,1007.43,5.113333333333333,7,상주보,legacy_date_only_not_geographically_revalidated,720,30,30,62.63025000000001,140.014,62.72781805555556,114.885,47.077083333333334,48.5,27.721237499999997,101.17750000000001
S01M09,S01,M09,summer,고령취수장,35.842509,128.4120899,경상북도 고령군 다산면 다산로 1343,1.335,7.29,5.2,199.0,,,8760.7,12564.0,110.6,2049.0,23484.3,123.33333333333331,6.333333333333333,0.6333333333333334,2022-07-20,2022,7,9,10,2022-06-21,2022-07-20,2022-07-20,고령,4,29.375,2.2695,0.13425,77.575,9.225000000000001,8.4,3.25,15.75,342.25,0.08600000000000001,0.8837499999999998,0.01575,4.275,14.274999999999999,143,대구,30,30,28.093333333333327,33.120000000000005,23.993333333333332,73.66666666666667,118.7,2.026666666666667,6.316666666666666,18.77033333333333,1005.4866666666665,6.646666666666667,11,상주보,legacy_date_only_not_geographically_revalidated,720,30,30,81.92623055555555,187.549,81.95875972222223,175.827,47.140166666666666,165.39999999999998,27.990834722222225,102.15527777777778
S01M10,S01,M10,summer,고령취수장,35.842509,128.4120899,경상북도 고령군 다산면 다산로 1343,0.38,7.66,7.6,148.8,,,9339.23076923077,13696.846153846154,6.384615384615385,1170.0,24212.46153846154,78.6,8.222222222222221,0.325,2022-08-30,2022,8,10,10,2022-08-01,2022-08-30,2022-08-30,고령,4,26.775000000000002,2.06725,0.067,19.35,7.949999999999999,7.875000000000001,1.8249999999999997,7.2,277.25,0.0955,1.5605000000000002,0.028,3.375,9.75,143,대구,30,30,27.113333333333333,31.643333333333334,23.459999999999994,80.03999999999999,130.0,1.7433333333333334,4.636666666666667,14.85233333333333,1007.6133333333333,7.183333333333334,13,상주보,legacy_date_only_not_geographically_revalidated,720,30,30,166.89019583333334,911.959,166.67879027777778,837.278,47.16343055555555,243.1,28.08315277777778,102.49861111111112
S01M12,S01,M12,fall,고령취수장,35.842509,128.4120899,경상북도 고령군 다산면 다산로 1343,0.096,6.7,6.2,184.9,,,980.625,1327.875,376.125,168.75,2853.375,,,,2022-09-28,2022,9,11,10,2022-08-30,2022-09-28,2022-09-28,고령,4,23.674999999999997,3.226,0.10250000000000001,15.95,9.125,8.05,1.875,8.55,245.0,0.05466666666666667,2.54275,0.03875000000000001,4.6,48.9,143,대구,30,30,21.879999999999995,26.38,18.149999999999995,81.30333333333334,153.7,2.326666666666667,4.873333333333334,14.068999999999996,1013.0333333333331,6.836666666666668,9,상주보,legacy_date_only_not_geographically_revalidated,720,30,30,151.55481111111112,990.011,152.01253888888888,947.818,47.135291666666674,119.79999999999998,27.957441666666668,102.03680555555556
S02M01,S02,M01,fall,달성보,35.7370984,128.4191081,대구광역시 달성군 논공읍 하리,0.245,7.85,,,,,,,,,,,,,2021-10-26,2021,10,1,10,2021-09-27,2021-10-26,2021-10-26,달성,4,21.475,2.17475,0.05875,16.525,9.275,8.274999999999999,2.25,5.25,254.5,0.04125000000000001,1.4425000000000001,0.01675,3.3,9.0,143,대구,26,30,17.161538461538463,23.261538461538464,12.342307692307692,73.03076923076922,57.80000000000001,1.5923076923076922,6.953846153846153,13.898076923076925,1020.8000000000001,4.569230769230769,6,구미보,legacy_date_only_not_geographically_revalidated,624,26,30,97.95354647435897,256.814,98.04066666666667,286.296,32.59434294871795,45.0,53.34734134615385,101.17227564102564
S02M02,S02,M02,winter,달성보,35.7370984,128.4191081,대구광역시 달성군 논공읍 하리,0.0,7.7,,,,,,,,,,,,,2021-12-21,2021,12,2,10,2021-11-22,2021-12-21,2021-12-21,달성,4,7.925,2.3522499999999997,0.026000000000000002,7.6,12.650000000000002,8.1,1.7,4.875,322.5,0.06325,1.7835,,2.8,4.4,143,대구,30,30,5.086666666666668,10.973333333333334,-0.17333333333333323,58.75,16.0,2.35,7.010000000000001,9.782333333333336,1023.2966666666666,2.8200000000000003,3,구미보,legacy_date_only_not_geographically_revalidated,720,30,30,80.92507916666666,159.985,81.327425,201.303,30.600694444444443,16.0,38.96395416666667,73.89459722222222
S02M03,S02,M03,winter,달성보,35.7370984,128.4191081,대구광역시 달성군 논공읍 하리,0.0,7.69,,,,,,,,,,,,,2022-01-27,2022,1,3,10,2021-12-29,2022-01-27,2022-01-27,달성,4,4.449999999999999,2.6365,0.021500000000000002,7.375,13.325000000000001,8.075,1.5750000000000002,5.175,318.25,0.0665,2.083,,2.3,3.0,143,대구,30,30,0.83,6.7266666666666675,-4.199999999999999,48.199999999999996,0.0,2.3399999999999994,7.213333333333334,10.865666666666664,1024.4533333333334,3.27,0,구미보,legacy_date_only_not_geographically_revalidated,720,30,30,72.05820833333334,121.2,72.19061666666667,153.344,30.57979166666666,0.1,38.82240833333333,73.62666666666667
S02M04,S02,M04,winter,달성보,35.7370984,128.4191081,대구광역시 달성군 논공읍 하리,0.086,7.52,,,,,,,,,,,,,2022-02-22,2022,2,4,10,2022-01-24,2022-02-22,2022-02-22,달성,4,4.575,2.8350000000000004,0.022250000000000002,10.124999999999998,14.024999999999999,7.925,1.425,4.9,332.75,0.12275,2.26325,,2.6,4.3500000000000005,143,대구,30,30,1.4566666666666668,6.71,-3.0,45.78999999999999,0.0,2.933333333333333,7.8900000000000015,13.500333333333336,1024.2933333333335,3.7166666666666663,0,구미보,legacy_date_only_not_geographically_revalidated,720,30,30,45.63505277777777,136.037,51.37885694444445,134.438,31.778152777777777,0.2,47.45272361111112,89.9951388888889
S02M05,S02,M05,spring,달성보,35.7370984,128.4191081,대구광역시 달성군 논공읍 하리,0.0,7.71,,,,,,,,,,,,,2022-03-30,2022,3,5,10,2022-03-01,2022-03-30,2022-03-30,달성,4,9.825,2.8907499999999997,0.019000000000000003,10.575,13.625,8.1,1.5750000000000002,5.45,258.0,0.043000000000000003,2.34425,,2.8,4.75,143,대구,30,30,9.693333333333333,15.966666666666665,3.7466666666666666,57.18333333333332,34.2,2.3633333333333337,6.810000000000001,15.470666666666665,1017.19,4.876666666666666,6,구미보,legacy_date_only_not_geographically_revalidated,720,30,30,74.02287638888889,360.705,74.05724583333334,416.361,32.568486111111106,80.60000000000001,53.17122083333333,100.84027777777777
S02M06,S02,M06,spring,달성보,35.7370984,128.4191081,대구광역시 달성군 논공읍 하리,0.0,7.82,,,,,,,,,,,,,2022-04-19,2022,4,6,8,2022-03-21,2022-04-19,2022-04-19,달성,4,19.25,2.1647499999999997,0.0245,10.8,11.45,8.700000000000001,2.025,6.074999999999999,255.0,0.03233333333333333,1.5542500000000001,,3.1,5.25,143,대구,30,30,13.5,20.383333333333333,6.913333333333333,53.686666666666675,16.099999999999998,2.3000000000000003,8.580000000000002,20.211,1019.2833333333333,4.243333333333334,5,구미보,legacy_date_only_not_geographically_revalidated,720,30,30,91.8152625,360.705,91.48461666666667,416.361,32.55373611111111,44.50000000000001,53.08249444444444,100.67416666666666
S02M07,S02,M07,spring,달성보,35.7370984,128.4191081,대구광역시 달성군 논공읍 하리,0.058,7.81,4.1,406.0,,,,,,,,,,,2022-05-25,2022,5,7,9,2022-04-26,2022-05-25,2022-05-25,달성,4,21.925,2.1779999999999995,0.02375,7.175,9.975000000000001,8.149999999999999,1.2,5.824999999999999,279.5,0.08025,1.5590000000000002,0.006,2.8,3.7499999999999996,143,대구,30,30,19.1,25.450000000000003,12.973333333333334,55.6,37.300000000000004,2.466666666666667,9.033333333333335,23.238000000000003,1014.0999999999999,4.296666666666667,5,구미보,legacy_date_only_not_geographically_revalidated,720,30,30,56.37883055555556,120.761,56.53222222222223,127.303,32.52480555555556,34.400000000000006,52.89210138888888,100.31791666666666
S02M08,S02,M08,summer,달성보,35.7370984,128.4191081,대구광역시 달성군 논공읍 하리,0.538,7.47,4.1,292.0,,,,,,,,,,,2022-06-23,2022,6,8,10,2022-05-25,2022-06-23,2022-06-23,달성,4,25.0,1.3367499999999999,0.034,46.875,9.8,8.525,2.9499999999999997,8.75,295.0,0.063,0.55325,0.004333333333333334,3.3,7.175000000000001,143,대구,30,30,23.329999999999995,29.236666666666668,18.113333333333333,64.74999999999999,43.30000000000001,2.4299999999999997,8.176666666666666,22.145666666666664,1007.43,5.113333333333333,7,구미보,legacy_date_only_not_geographically_revalidated,720,30,30,58.14716805555555,150.057,58.70695277777777,183.234,32.52525,49.4,52.88457361111111,100.29894444444443
S02M09,S02,M09,summer,달성보,35.7370984,128.4191081,대구광역시 달성군 논공읍 하리,7.198,7.28,4.6,265.0,,,,,,,,,,,2022-07-20,2022,7,9,10,2022-06-21,2022-07-20,2022-07-20,달성,4,29.525,1.9184999999999999,0.10350000000000001,38.75,10.475000000000001,8.625,2.325,10.5,257.25,0.036500000000000005,0.36525,0.00875,4.1,7.0,143,대구,30,30,28.093333333333327,33.120000000000005,23.993333333333332,73.66666666666667,118.7,2.026666666666667,6.316666666666666,18.77033333333333,1005.4866666666665,6.646666666666667,11,구미보,legacy_date_only_not_geographically_revalidated,720,30,30,89.94960277777778,200.213,90.15196805555556,254.788,32.59504166666667,155.7,53.3484,101.17305555555556
S02M10,S02,M10,summer,달성보,35.7370984,128.4191081,대구광역시 달성군 논공읍 하리,0.446,7.43,7.1,227.0,,,,,,,,,,,2022-08-30,2022,8,10,10,2022-08-01,2022-08-30,2022-08-30,달성,4,27.4,1.7925,0.059000000000000004,14.7,8.575,8.174999999999999,1.5499999999999998,6.525,215.5,0.08025,1.2875,0.020749999999999998,3.5,5.3500000000000005,143,대구,30,30,27.113333333333333,31.643333333333334,23.459999999999994,80.03999999999999,130.0,1.7433333333333334,4.636666666666667,14.85233333333333,1007.6133333333333,7.183333333333334,13,구미보,legacy_date_only_not_geographically_revalidated,720,30,30,244.4828652777778,1437.594,244.97316805555553,1448.904,32.66945833333333,220.2,53.83596111111111,102.10194444444444
S02M12,S02,M12,fall,달성보,35.7370984,128.4191081,대구광역시 달성군 논공읍 하리,0.08,7.03,6.0,241.0,,,,,,,,,,,2022-09-28,2022,9,11,10,2022-08-30,2022-09-28,2022-09-28,달성,4,23.475,2.794,0.094,12.075,8.55,7.9,1.3,7.5,186.25,0.07525,2.11475,0.03825,4.6,21.75,143,대구,30,30,21.879999999999995,26.38,18.149999999999995,81.30333333333334,153.7,2.326666666666667,4.873333333333334,14.068999999999996,1013.0333333333331,6.836666666666668,9,구미보,legacy_date_only_not_geographically_revalidated,720,30,30,233.62844444444445,1854.829,233.50459027777777,1773.086,32.67202777777778,118.8,53.84919444444444,102.1248611111111
S03M01,S03,M01,fall,대구교육낙동강수련원,35.6687604,128.3756026,대구광역시 달성군 구지면 구지서로 131,0.226,9.0,,,,,,,,,,,,,2021-10-26,2021,10,1,10,2021-09-27,2021-10-26,2021-10-26,현풍,4,21.174999999999997,2.5685000000000002,0.050749999999999997,10.600000000000001,9.625,7.575,1.25,5.525,316.0,0.10375000000000001,2.02225,0.034249999999999996,3.7,5.4,143,대구,26,30,17.161538461538463,23.261538461538464,12.342307692307692,73.03076923076922,57.80000000000001,1.5923076923076922,6.953846153846153,13.898076923076925,1020.8000000000001,4.569230769230769,6,칠곡보,legacy_date_only_not_geographically_revalidated,624,26,30,117.25989903846153,361.085,117.10641506410255,294.976,25.589102564102564,45.2,76.22381891025641,101.20548076923077
S03M02,S03,M02,winter,대구교육낙동강수련원,35.6687604,128.3756026,대구광역시 달성군 구지면 구지서로 131,0.042,7.63,,,,,,,,,,,,,2021-12-21,2021,12,2,10,2021-11-22,2021-12-21,2021-12-21,현풍,2,8.9,2.9675000000000002,0.032,15.75,12.2,7.949999999999999,1.9,5.2,400.5,0.132,2.574,,3.5,6.6,143,대구,30,30,5.086666666666668,10.973333333333334,-0.17333333333333323,58.75,16.0,2.35,7.010000000000001,9.782333333333336,1023.2966666666666,2.8200000000000003,3,칠곡보,legacy_date_only_not_geographically_revalidated,720,30,30,72.93693611111111,415.011,70.30579305555555,240.748,24.84193055555556,15.7,66.38210138888888,88.14279166666667
S03M03,S03,M03,winter,대구교육낙동강수련원,35.6687604,128.3756026,대구광역시 달성군 구지면 구지서로 131,0.008,7.57,,,,,,,,,,,,,2022-01-27,2022,1,3,10,2021-12-29,2022-01-27,2022-01-27,현풍,3,4.8,3.4293333333333336,0.027,11.833333333333334,13.466666666666667,7.966666666666666,2.2333333333333334,5.533333333333334,396.6666666666667,0.35966666666666663,2.9480000000000004,,3.9,4.0,143,대구,30,30,0.83,6.7266666666666675,-4.199999999999999,48.199999999999996,0.0,2.3399999999999994,7.213333333333334,10.865666666666664,1024.4533333333334,3.27,0,칠곡보,legacy_date_only_not_geographically_revalidated,720,30,30,52.843018055555554,89.43,53.051306944444455,142.216,24.62976388888889,0.0,63.548543055555555,84.38319444444444
S03M04,S03,M04,winter,대구교육낙동강수련원,35.6687604,128.3756026,대구광역시 달성군 구지면 구지서로 131,0.11,7.64,,,,,,,,,,,,,2022-02-22,2022,2,4,10,2022-01-24,2022-02-22,2022-02-22,현풍,3,6.033333333333334,4.194,0.03166666666666667,14.433333333333332,12.799999999999999,8.266666666666666,1.9000000000000001,6.2,556.0,0.41566666666666663,3.449666666666667,,3.7,4.8,143,대구,30,30,1.4566666666666668,6.71,-3.0,45.78999999999999,0.0,2.933333333333333,7.8900000000000015,13.500333333333336,1024.2933333333335,3.7166666666666663,0,칠곡보,legacy_date_only_not_geographically_revalidated,720,30,30,38.96748888888889,106.31,45.02500416666666,213.54,25.050597222222223,0.1,69.09075,91.74000000000001
S03M05,S03,M05,spring,대구교육낙동강수련원,35.6687604,128.3756026,대구광역시 달성군 구지면 구지서로 131,0.0,7.73,,,,,,,,,,,,,2022-03-30,2022,3,5,10,2022-03-01,2022-03-30,2022-03-30,현풍,4,10.175,3.739,0.037750000000000006,25.625,12.075,8.125,2.4250000000000003,6.800000000000001,583.25,0.1825,3.2005,,4.4,6.6,143,대구,30,30,9.693333333333333,15.966666666666665,3.7466666666666666,57.18333333333332,34.2,2.3633333333333337,6.810000000000001,15.470666666666665,1017.19,4.876666666666666,6,칠곡보,legacy_date_only_not_geographically_revalidated,720,30,30,80.08625972222222,278.626,80.3512,302.547,25.569944444444445,74.2,76.02557916666667,100.94125000000001
S03M06,S03,M06,spring,대구교육낙동강수련원,35.6687604,128.3756026,대구광역시 달성군 구지면 구지서로 131,0.0,7.77,,,,,,,,,,,,,2022-04-19,2022,4,6,8,2022-03-21,2022-04-19,2022-04-19,현풍,4,17.25,2.6755,0.03175,22.749999999999996,10.899999999999999,8.4,2.5500000000000003,6.975,403.0,0.060500000000000005,2.2642499999999997,0.0035,4.3,6.6,143,대구,30,30,13.5,20.383333333333333,6.913333333333333,53.686666666666675,16.099999999999998,2.3000000000000003,8.580000000000002,20.211,1019.2833333333333,4.243333333333334,5,칠곡보,legacy_date_only_not_geographically_revalidated,720,30,30,89.88643194444444,278.626,89.43915277777778,302.547,25.53151388888889,42.5,75.62935416666666,100.41166666666666
S03M07,S03,M07,spring,대구교육낙동강수련원,35.6687604,128.3756026,대구광역시 달성군 구지면 구지서로 131,0.0,7.86,4.8,405.0,,,,,,,,,,,2022-05-25,2022,5,7,9,2022-04-26,2022-05-25,2022-05-25,현풍,3,22.0,2.999333333333333,0.035333333333333335,4.533333333333333,9.066666666666668,7.8,1.5333333333333332,6.133333333333333,449.3333333333333,0.13199999999999998,2.308666666666667,0.012333333333333335,4.0,3.0666666666666664,143,대구,30,30,19.1,25.450000000000003,12.973333333333334,55.6,37.300000000000004,2.466666666666667,9.033333333333335,23.238000000000003,1014.0999999999999,4.296666666666667,5,칠곡보,legacy_date_only_not_geographically_revalidated,720,30,30,66.25487916666667,208.164,66.38574722222222,204.108,25.521138888888892,34.0,75.47993888888888,100.21444444444445
S03M08,S03,M08,summer,대구교육낙동강수련원,35.6687604,128.3756026,대구광역시 달성군 구지면 구지서로 131,2.971,7.62,4.4,258.0,,,,,,,,,,,2022-06-23,2022,6,8,10,2022-05-25,2022-06-23,2022-06-23,현풍,4,25.15,2.16875,0.0365,21.875,9.225,8.1,2.7249999999999996,7.35,455.5,0.13424999999999998,1.546,0.009,6.6,5.9,143,대구,30,30,23.329999999999995,29.236666666666668,18.113333333333333,64.74999999999999,43.30000000000001,2.4299999999999997,8.176666666666666,22.145666666666664,1007.43,5.113333333333333,7,칠곡보,legacy_date_only_not_geographically_revalidated,720,30,30,66.53185694444444,208.164,67.38596111111111,204.108,25.548791666666666,52.5,75.80151111111111,100.64416666666665
S03M09,S03,M09,summer,대구교육낙동강수련원,35.6687604,128.3756026,대구광역시 달성군 구지면 구지서로 131,5.009,7.29,4.8,272.0,,,,,,,,,,,2022-07-20,2022,7,9,10,2022-06-21,2022-07-20,2022-07-20,현풍,2,28.55,1.9264999999999999,0.052,16.65,8.0,7.75,2.2,8.0,352.5,0.16799999999999998,1.3275000000000001,0.025500000000000002,5.0,4.8,143,대구,30,30,28.093333333333327,33.120000000000005,23.993333333333332,73.66666666666667,118.7,2.026666666666667,6.316666666666666,18.77033333333333,1005.4866666666665,6.646666666666667,11,칠곡보,legacy_date_only_not_geographically_revalidated,720,30,30,107.07126666666667,255.515,107.63201666666666,261.203,25.651000000000003,148.8,76.85829583333333,102.0501388888889
S03M10,S03,M10,summer,대구교육낙동강수련원,35.6687604,128.3756026,대구광역시 달성군 구지면 구지서로 131,0.641,7.43,7.3,208.0,,,,,,,,,,,2022-08-30,2022,8,10,10,2022-08-01,2022-08-30,2022-08-30,현풍,2,26.700000000000003,2.8,0.0785,14.8,8.55,7.25,1.9,6.2,238.0,0.1355,1.939,0.055,4.0,11.4,143,대구,30,30,27.113333333333333,31.643333333333334,23.459999999999994,80.03999999999999,130.0,1.7433333333333334,4.636666666666667,14.85233333333333,1007.6133333333333,7.183333333333334,13,칠곡보,legacy_date_only_not_geographically_revalidated,720,30,30,246.91041666666666,1597.038,247.50358333333335,1617.693,25.676055555555557,210.2,77.11621527777777,102.39638888888888
S03M12,S03,M12,fall,대구교육낙동강수련원,35.6687604,128.3756026,대구광역시 달성군 구지면 구지서로 131,0.0,7.38,6.7,239.0,,,,,,,,,,,2022-09-28,2022,9,11,10,2022-08-30,2022-09-28,2022-09-28,현풍,3,23.266666666666666,3.469333333333333,0.05433333333333334,33.36666666666667,9.566666666666665,8.033333333333333,2.033333333333333,7.133333333333333,305.0,0.044000000000000004,2.9756666666666667,0.035,5.9,8.799999999999999,143,대구,30,30,21.879999999999995,26.38,18.149999999999995,81.30333333333334,153.7,2.326666666666667,4.873333333333334,14.068999999999996,1013.0333333333331,6.836666666666668,9,칠곡보,legacy_date_only_not_geographically_revalidated,720,30,30,285.41219027777777,2907.856,285.2294055555555,2771.189,25.647638888888892,125.4,76.81342777777779,101.99541666666666
S04M01,S04,M01,fall,합천보,35.5914807,128.3608459,경상남도 창녕군 이방면 등림리 565-1,0.312,8.86,,,,,,,,,,,,,2021-10-26,2021,10,1,10,2021-09-27,2021-10-26,2021-10-26,창녕,4,21.675,2.6025,0.05349999999999999,22.3,10.200000000000001,7.05,1.7000000000000002,5.949999999999999,319.25,0.08524999999999999,1.663,0.01675,3.2749999999999995,5.55,284,거창,26,30,14.703846153846154,22.36538461538461,8.942307692307692,79.56153846153846,54.599999999999994,1.0692307692307692,6.4423076923076925,,1020.7192307692306,4.776923076923077,6,강정고령보,legacy_date_only_not_geographically_revalidated,624,26,30,132.5825496794872,307.196,132.42760416666667,529.678,18.374439102564104,45.5,74.74640865384616,80.94741987179488
S04M02,S04,M02,winter,합천보,35.5914807,128.3608459,경상남도 창녕군 이방면 등림리 565-1,0.086,7.68,,,,,,,,,,,,,2021-12-21,2021,12,2,10,2021-11-22,2021-12-21,2021-12-21,창녕,4,8.675,2.85525,0.022749999999999996,25.45,12.600000000000001,7.525,1.9749999999999999,5.7250000000000005,429.75,0.16375,2.31825,0.004666666666666667,2.775,8.05,284,거창,30,30,3.2133333333333334,10.809999999999997,-3.103448275862069,66.52333333333334,13.6,1.6133333333333333,6.249999999999999,,1023.4066666666665,3.693333333333334,1,강정고령보,legacy_date_only_not_geographically_revalidated,720,30,30,74.29297361111111,330.668,76.3064,414.298,18.336708333333334,15.700000000000001,74.19345694444443,80.3517638888889
S04M03,S04,M03,winter,합천보,35.5914807,128.3608459,경상남도 창녕군 이방면 등림리 565-1,0.061,7.56,,,,,,,,,,,,,2022-01-27,2022,1,3,10,2021-12-29,2022-01-27,2022-01-27,창녕,4,3.9499999999999997,3.91825,0.01975,13.975000000000001,14.149999999999999,7.825,1.9,5.75,462.5,0.095,3.0897499999999996,0.004,3.15,6.65,284,거창,30,30,-0.8166666666666668,6.596666666666666,-7.319999999999999,55.220000000000006,0.0,1.4333333333333333,6.926666666666666,,1024.4233333333332,4.056666666666667,0,강정고령보,legacy_date_only_not_geographically_revalidated,720,30,30,53.80352222222222,87.171,53.517951388888896,150.885,18.307694444444447,0.0,73.76830138888889,79.89486111111111
S04M04,S04,M04,winter,합천보,35.5914807,128.3608459,경상남도 창녕군 이방면 등림리 565-1,0.013,7.58,,,,,,,,,,,,,2022-02-22,2022,2,4,10,2022-01-24,2022-02-22,2022-02-22,창녕,3,4.866666666666666,4.164333333333333,0.030333333333333337,16.433333333333334,13.833333333333334,8.066666666666666,1.5333333333333332,5.8,492.0,0.21433333333333335,3.279666666666667,,2.5,7.0,284,거창,30,30,-0.4866666666666665,6.106666666666667,-6.175,49.60666666666667,0.0,1.7666666666666666,7.556666666666667,,1024.3300000000002,4.77,0,강정고령보,legacy_date_only_not_geographically_revalidated,720,30,30,36.15063472222222,94.406,39.50587083333333,173.505,18.403847222222222,0.1,75.17753472222222,81.41763888888889
S04M05,S04,M05,spring,합천보,35.5914807,128.3608459,경상남도 창녕군 이방면 등림리 565-1,0.0,7.83,,,,,,,,,,,,,2022-03-30,2022,3,5,10,2022-03-01,2022-03-30,2022-03-30,창녕,4,11.95,3.5,0.01975,14.5,11.724999999999998,7.824999999999999,2.0250000000000004,6.05,467.0,0.15749999999999997,2.7012500000000004,0.0065,2.75,5.05,284,거창,30,30,7.593333333333333,15.33,0.056666666666666615,60.480000000000004,65.19999999999999,1.4866666666666661,6.749999999999999,,1017.0099999999999,5.1866666666666665,6,강정고령보,legacy_date_only_not_geographically_revalidated,720,30,30,82.30887777777778,359.287,84.0005861111111,446.938,18.421638888888886,72.1,75.43792361111112,81.69875
S04M06,S04,M06,spring,합천보,35.5914807,128.3608459,경상남도 창녕군 이방면 등림리 565-1,0.0,7.66,,,,,,,,,,,,,2022-04-19,2022,4,6,8,2022-03-21,2022-04-19,2022-04-19,창녕,4,18.0,2.2505,0.02325,18.425,11.475,8.2,2.1,6.45,387.75,0.053500000000000006,1.652,0.006,2.95,6.8,284,거창,30,30,11.336666666666666,19.706666666666667,3.1733333333333333,57.70333333333333,43.300000000000004,1.5233333333333332,8.296666666666667,,1018.94,4.78,6,강정고령보,legacy_date_only_not_geographically_revalidated,720,30,30,95.05280416666666,359.287,96.7687875,446.938,18.49716666666667,41.7,76.54357499999999,82.89527777777779
S04M07,S04,M07,spring,합천보,35.5914807,128.3608459,경상남도 창녕군 이방면 등림리 565-1,0.202,7.78,4.3,400.0,,,,,,,,,,,2022-05-25,2022,5,7,9,2022-04-26,2022-05-25,2022-05-25,창녕,4,22.275,2.45625,0.045750000000000006,30.974999999999998,10.125,7.575,1.9249999999999998,7.1,428.0,0.20299999999999999,1.9115,0.01833333333333333,3.425,6.250000000000001,284,거창,30,30,16.803333333333335,24.413333333333338,8.966666666666667,59.57,29.5,1.4300000000000002,7.723333333333332,,1013.8733333333333,4.606666666666667,2,강정고령보,legacy_date_only_not_geographically_revalidated,720,30,30,64.44214027777778,175.586,65.16760833333333,383.729,18.479625,34.5,76.2877375,82.61416666666666
S04M08,S04,M08,summer,합천보,35.5914807,128.3608459,경상남도 창녕군 이방면 등림리 565-1,2.15,8.18,4.3,280.0,,,,,,,,,,,2022-06-23,2022,6,8,10,2022-05-25,2022-06-23,2022-06-23,창녕,4,26.625,2.017,0.046,24.35,9.725,8.475,2.075,7.975,441.75,0.18466666666666667,1.16875,0.046,4.725,6.8500000000000005,284,거창,30,30,21.34333333333333,28.043333333333333,14.97,66.92,22.0,1.4833333333333334,7.433333333333334,,1007.0566666666666,5.423333333333334,5,강정고령보,legacy_date_only_not_geographically_revalidated,720,30,30,64.59995833333333,237.713,66.17019166666667,383.729,18.484888888888886,55.4,76.36454583333332,82.69902777777779
S04M09,S04,M09,summer,합천보,35.5914807,128.3608459,경상남도 창녕군 이방면 등림리 565-1,3.144,7.52,5.6,268.0,,,,,,,,,,,2022-07-20,2022,7,9,10,2022-06-21,2022-07-20,2022-07-20,창녕,4,30.3,1.4064999999999999,0.055749999999999994,52.075,11.425,8.825,2.875,9.05,357.25,0.11225,0.7555,0.02025,4.575,11.125,284,거창,30,30,25.94,31.326666666666668,21.393333333333327,78.49,133.0,1.413333333333333,6.486666666666666,,1005.3533333333334,6.716666666666668,13,강정고령보,legacy_date_only_not_geographically_revalidated,720,30,30,106.65252083333334,364.024,107.28400833333333,386.001,18.504902777777776,146.8,76.65759166666666,83.01958333333333
S04M10,S04,M10,summer,합천보,35.5914807,128.3608459,경상남도 창녕군 이방면 등림리 565-1,1.283,7.46,7.1,228.0,,,,,,,,,,,2022-08-30,2022,8,10,10,2022-08-01,2022-08-30,2022-08-30,창녕,4,28.4,1.57925,0.25225,38.175,8.9,7.9,2.125,7.65,277.25,0.10375000000000001,1.13625,0.03875,3.4749999999999996,11.9,284,거창,30,30,24.983333333333334,29.879999999999995,21.15,82.86333333333333,113.10000000000001,1.1466666666666667,4.813333333333333,,1007.5100000000001,7.42,14,강정고령보,legacy_date_only_not_geographically_revalidated,720,30,30,275.5598638888889,1777.581,276.026675,1850.965,18.547444444444444,206.2,77.27984722222222,83.69263888888888
S04M12,S04,M12,fall,합천보,35.5914807,128.3608459,경상남도 창녕군 이방면 등림리 565-1,0.374,6.65,5.9,217.0,,,,,,,,,,,2022-09-28,2022,9,11,10,2022-08-30,2022-09-28,2022-09-28,창녕,4,24.125,3.01925,0.0695,22.575,9.8,7.8,1.525,7.45,256.75,0.07200000000000001,2.56625,0.03900000000000001,4.425,9.25,284,거창,30,30,20.156666666666663,25.77,15.433333333333332,80.71666666666665,137.20000000000002,1.1933333333333331,4.510000000000001,,1012.5966666666666,7.35,8,강정고령보,legacy_date_only_not_geographically_revalidated,720,30,30,296.24198888888884,2809.321,297.79097083333335,3691.614,18.554333333333332,125.6,77.39034305555555,83.81055555555555
S05M01,S05,M01,fall,칠서취수장,35.381311,128.4831325,경상남도 함안군 칠서면 계내리,0.43,7.75,,,,,,,,,,,,,2021-10-26,2021,10,1,10,2021-09-27,2021-10-26,2021-10-26,남지,4,21.449999999999996,2.339,0.04275,29.5,11.125,7.275,1.825,5.8500000000000005,298.75,0.04475,1.5145,0.015999999999999997,3.15,6.05,155,창원,26,30,17.953846153846154,23.165384615384617,14.03076923076923,68.03461538461539,25.0,1.2538461538461538,6.919230769230769,13.541923076923077,1019.8846153846155,4.0307692307692315,5,달성보,legacy_date_only_not_geographically_revalidated,624,26,30,112.7042580128205,260.132,112.12884775641028,279.024,13.590849358974356,46.900000000000006,54.226966346153844,92.59350961538462
S05M02,S05,M02,winter,칠서취수장,35.381311,128.4831325,경상남도 함안군 칠서면 계내리,0.059,7.77,,,,,,,,,,,,,2021-12-21,2021,12,2,10,2021-11-22,2021-12-21,2021-12-21,남지,4,8.649999999999999,2.37125,0.013999999999999999,20.975,12.3,7.25,1.675,5.199999999999999,366.0,0.06325,1.9465,0.00375,2.325,5.3,155,창원,30,30,6.303333333333334,11.386666666666667,1.5899999999999996,53.32000000000001,33.1,1.2933333333333334,6.97,9.015333333333333,1022.6133333333333,2.6599999999999997,2,달성보,legacy_date_only_not_geographically_revalidated,720,30,30,89.24603194444445,331.294,90.08272916666667,390.183,13.57651388888889,16.099999999999998,54.07452361111111,92.33120833333334
S05M03,S05,M03,winter,칠서취수장,35.381311,128.4831325,경상남도 함안군 칠서면 계내리,0.069,7.67,,,,,,,,,,,,,2022-01-27,2022,1,3,10,2021-12-29,2022-01-27,2022-01-27,남지,4,3.675,3.33375,0.018000000000000002,17.425,14.499999999999998,8.1,1.75,5.25,396.25,0.04125,2.7222500000000003,0.005,2.8,4.550000000000001,155,창원,30,30,1.9666666666666666,7.090000000000001,-2.3200000000000007,40.940000000000005,0.0,1.4533333333333331,7.073333333333334,9.949333333333335,1023.4366666666667,3.033333333333333,0,달성보,legacy_date_only_not_geographically_revalidated,720,30,30,95.63923888888888,215.953,95.19995138888888,215.953,13.56925,0.0,53.99778055555556,92.20402777777777
S05M04,S05,M04,winter,칠서취수장,35.381311,128.4831325,경상남도 함안군 칠서면 계내리,0.129,7.55,,,,,,,,,,,,,2022-02-22,2022,2,4,10,2022-01-24,2022-02-22,2022-02-22,남지,3,5.033333333333333,3.579,0.025666666666666667,16.766666666666666,14.233333333333334,8.266666666666667,2.1,5.466666666666666,457.6666666666667,0.09466666666666666,2.811666666666667,,2.2666666666666666,5.933333333333334,155,창원,30,30,2.24,7.083333333333333,-1.7499999999999998,37.15666666666666,0.0,1.7666666666666664,7.39,12.751999999999999,1023.3133333333332,3.486666666666667,0,달성보,legacy_date_only_not_geographically_revalidated,720,30,30,65.97793055555556,213.894,67.07156388888889,200.859,13.80551388888889,0.0,56.47128750000001,96.42112499999999
S05M05,S05,M05,spring,칠서취수장,35.381311,128.4831325,경상남도 함안군 칠서면 계내리,0.162,7.65,,,,,,,,,,,,,2022-03-30,2022,3,5,10,2022-03-01,2022-03-30,2022-03-30,남지,5,11.3,3.2635999999999994,0.018,13.160000000000002,12.3,7.76,1.8400000000000003,5.6,412.2,0.09359999999999999,2.5596,0.004,2.4200000000000004,4.24,155,창원,30,30,9.4,14.919999999999998,4.503333333333334,56.66666666666666,132.9,1.5766666666666669,6.446666666666668,14.382999999999994,1016.7666666666668,5.196666666666667,8,달성보,legacy_date_only_not_geographically_revalidated,720,30,30,86.57119166666666,323.183,87.55056388888889,272.952,13.620847222222222,64.7,54.545090277777774,93.13916666666667
S05M06,S05,M06,spring,칠서취수장,35.381311,128.4831325,경상남도 함안군 칠서면 계내리,0.0,7.58,,,,,,,,,,,,,2022-04-19,2022,4,6,8,2022-03-21,2022-04-19,2022-04-19,남지,4,18.625,2.03925,0.02375,14.95,10.675,8.125,2.05,5.9,366.5,0.046000000000000006,1.50525,0.005,2.55,5.5,155,창원,30,30,12.609999999999998,18.62,7.633333333333335,54.35666666666666,92.7,1.6633333333333333,8.000000000000002,18.479666666666667,1018.9533333333334,4.836666666666668,3,달성보,legacy_date_only_not_geographically_revalidated,720,30,30,102.4043013888889,545.525,101.82477638888888,574.997,13.65361111111111,36.0,54.89234722222223,93.72555555555554
S05M07,S05,M07,spring,칠서취수장,35.381311,128.4831325,경상남도 함안군 칠서면 계내리,0.217,7.89,4.8,340.0,,,,,,,,,,,2022-05-25,2022,5,7,9,2022-04-26,2022-05-25,2022-05-25,남지,4,22.075,2.18275,0.034,10.975,9.575,7.75,1.7249999999999999,6.25,381.0,0.1485,1.7955,0.012499999999999999,3.25,3.1500000000000004,155,창원,30,30,17.776666666666664,23.84333333333333,12.83,56.80666666666666,92.80000000000001,1.5066666666666666,8.683333333333334,22.2248275862069,1013.8966666666668,4.569999999999999,3,달성보,legacy_date_only_not_geographically_revalidated,720,30,30,77.3536861111111,247.025,77.00405972222221,292.895,13.572041666666665,35.400000000000006,54.02700277777778,92.25458333333331
S05M08,S05,M08,summer,칠서취수장,35.381311,128.4831325,경상남도 함안군 칠서면 계내리,28.982,7.52,4.5,275.0,,,,,,,,,,,2022-06-23,2022,6,8,10,2022-05-25,2022-06-23,2022-06-23,남지,4,25.925,1.5225,0.0385,34.975,9.725,8.649999999999999,2.2,7.300000000000001,358.0,0.064,0.8637499999999999,0.010333333333333333,4.475,7.949999999999999,155,창원,30,30,21.55,26.743333333333336,17.37666666666667,65.87333333333332,70.3,1.5766666666666664,8.07,21.298333333333332,1007.3933333333334,5.453333333333333,6,달성보,legacy_date_only_not_geographically_revalidated,720,30,30,76.26322361111112,330.745,76.53457222222221,330.745,13.552847222222221,54.39999999999999,53.82315694444445,91.90652777777777
S05M09,S05,M09,summer,칠서취수장,35.381311,128.4831325,경상남도 함안군 칠서면 계내리,35.719,7.45,4.4,242.0,,,,,,,,,,,2022-07-20,2022,7,9,10,2022-06-21,2022-07-20,2022-07-20,남지,4,29.974999999999998,1.05425,0.07225,72.875,10.55,8.65,3.0999999999999996,9.3,320.0,0.07675,0.793,0.021,4.65,14.45,155,창원,30,30,26.11,29.999999999999996,23.310000000000002,78.71333333333334,225.80000000000004,1.6933333333333338,5.89,17.584666666666667,1005.8366666666666,7.003333333333334,12,달성보,legacy_date_only_not_geographically_revalidated,720,30,30,128.95843194444444,440.732,129.1221666666667,500.704,13.676180555555556,145.2,55.132022222222226,94.13874999999999
S05M10,S05,M10,summer,칠서취수장,35.381311,128.4831325,경상남도 함안군 칠서면 계내리,0.47,7.62,7.3,156.1,,,,,,,,,,,2022-08-30,2022,8,10,10,2022-08-01,2022-08-30,2022-08-30,남지,4,28.45,1.41075,0.05575,40.699999999999996,8.3,7.8500000000000005,2.075,6.9750000000000005,260.25,0.03775,0.9047499999999999,0.03025,3.8,11.425,155,창원,30,30,26.536666666666672,30.533333333333328,23.476666666666667,77.22,206.3,1.2333333333333336,5.256666666666667,15.176666666666666,1007.5400000000001,7.166666666666668,11,달성보,legacy_date_only_not_geographically_revalidated,720,30,30,258.8009652777778,1547.554,258.3701375,1736.464,13.769,192.0,56.11610833333333,95.81875
S05M12,S05,M12,fall,칠서취수장,35.381311,128.4831325,경상남도 함안군 칠서면 계내리,0.0,7.31,6.1,173.1,,,,,,,,,,,2022-09-28,2022,9,11,10,2022-08-30,2022-09-28,2022-09-28,남지,4,24.05,2.11775,0.058499999999999996,37.1,9.275,7.824999999999999,1.8499999999999999,7.550000000000001,184.0,0.043,1.7239999999999998,0.0205,4.074999999999999,16.05,155,창원,30,30,22.593333333333337,26.84333333333333,19.279999999999998,69.69666666666666,192.60000000000002,1.4266666666666663,4.4366666666666665,12.66,1011.75,6.960000000000003,11,달성보,legacy_date_only_not_geographically_revalidated,720,30,30,324.2381013888889,4219.867,323.34812222222223,4623.459,13.732416666666667,130.79999999999998,55.69007916666667,95.09027777777777
S06M01,S06,M01,fall,함안보,35.3774266,128.5509769,경상남도 함안군 칠북면 봉촌리,0.49,8.23,,,,,1768.75,91.5,0.0,319.25,2179.5,,,,2021-10-26,2021,10,1,10,2021-09-27,2021-10-26,2021-10-26,함안,4,20.775,2.2312499999999997,0.03225,35.6,10.925,8.25,1.875,5.7749999999999995,281.25,0.03925,1.749,0.01025,4.05,7.8999999999999995,155,창원,26,30,17.953846153846154,23.165384615384617,14.03076923076923,68.03461538461539,25.0,1.2538461538461538,6.919230769230769,13.541923076923077,1019.8846153846155,4.0307692307692315,5,달성보,legacy_date_only_not_geographically_revalidated,624,26,30,112.7042580128205,260.132,112.12884775641028,279.024,13.590849358974356,46.900000000000006,54.226966346153844,92.59350961538462
S06M02,S06,M02,winter,함안보,35.3774266,128.5509769,경상남도 함안군 칠북면 봉촌리,0.045,7.84,,,,,373.75,10.0,39.0,252.25,675.0,,,,2021-12-21,2021,12,2,10,2021-11-22,2021-12-21,2021-12-21,함안,4,6.4,2.8287500000000003,0.0265,15.05,12.35,7.700000000000001,1.75,5.4,374.5,0.054,2.39,0.004,3.475,4.4,155,창원,30,30,6.303333333333334,11.386666666666667,1.5899999999999996,53.32000000000001,33.1,1.2933333333333334,6.97,9.015333333333333,1022.6133333333333,2.6599999999999997,2,달성보,legacy_date_only_not_geographically_revalidated,720,30,30,89.24603194444445,331.294,90.08272916666667,390.183,13.57651388888889,16.099999999999998,54.07452361111111,92.33120833333334
S06M03,S06,M03,winter,함안보,35.3774266,128.5509769,경상남도 함안군 칠북면 봉촌리,0.018,7.65,,,,,40.0,0.0,47.5,168.0,255.5,,,,2022-01-27,2022,1,3,10,2021-12-29,2022-01-27,2022-01-27,함안,4,3.125,3.018,0.02875,13.95,13.725,7.800000000000001,1.775,5.425,410.5,0.06125,2.68925,,3.425,4.6,155,창원,30,30,1.9666666666666666,7.090000000000001,-2.3200000000000007,40.940000000000005,0.0,1.4533333333333331,7.073333333333334,9.949333333333335,1023.4366666666667,3.033333333333333,0,달성보,legacy_date_only_not_geographically_revalidated,720,30,30,95.63923888888888,215.953,95.19995138888888,215.953,13.56925,0.0,53.99778055555556,92.20402777777777
S06M04,S06,M04,winter,함안보,35.3774266,128.5509769,경상남도 함안군 칠북면 봉촌리,0.045,7.53,,,,,0.0,0.0,0.0,0.0,0.0,,,,2022-02-22,2022,2,4,10,2022-01-24,2022-02-22,2022-02-22,함안,5,3.9499999999999997,3.37425,0.02875,14.25,13.575,8.15,2.0999999999999996,5.7,469.75,0.09325,2.8514999999999997,0.003,3.725,5.300000000000001,155,창원,30,30,2.24,7.083333333333333,-1.7499999999999998,37.15666666666666,0.0,1.7666666666666664,7.39,12.751999999999999,1023.3133333333332,3.486666666666667,0,달성보,legacy_date_only_not_geographically_revalidated,720,30,30,65.97793055555556,213.894,67.07156388888889,200.859,13.80551388888889,0.0,56.47128750000001,96.42112499999999
S06M05,S06,M05,spring,함안보,35.3774266,128.5509769,경상남도 함안군 칠북면 봉촌리,0.0,7.8,,,,,0.0,0.0,0.0,0.0,0.0,,,,2022-03-30,2022,3,5,10,2022-03-01,2022-03-30,2022-03-30,함안,4,9.25,3.364,0.026500000000000003,14.925,11.95,8.125,2.05,5.8,498.5,0.08950000000000001,2.85175,0.003,3.6,4.5,155,창원,30,30,9.4,14.919999999999998,4.503333333333334,56.66666666666666,132.9,1.5766666666666669,6.446666666666668,14.382999999999994,1016.7666666666668,5.196666666666667,8,달성보,legacy_date_only_not_geographically_revalidated,720,30,30,86.57119166666666,323.183,87.55056388888889,272.952,13.620847222222222,64.7,54.545090277777774,93.13916666666667
S06M06,S06,M06,spring,함안보,35.3774266,128.5509769,경상남도 함안군 칠북면 봉촌리,0.061,7.46,,,,,0.0,0.0,0.0,0.0,0.0,,,,2022-04-19,2022,4,6,8,2022-03-21,2022-04-19,2022-04-19,함안,4,16.0,2.30575,0.026250000000000002,13.274999999999999,11.025,8.375,1.9500000000000002,5.975,411.75,0.027499999999999997,1.9645000000000001,0.003,3.9000000000000004,5.1000000000000005,155,창원,30,30,12.609999999999998,18.62,7.633333333333335,54.35666666666666,92.7,1.6633333333333333,8.000000000000002,18.479666666666667,1018.9533333333334,4.836666666666668,3,달성보,legacy_date_only_not_geographically_revalidated,720,30,30,102.4043013888889,545.525,101.82477638888888,574.997,13.65361111111111,36.0,54.89234722222223,93.72555555555554
S06M07,S06,M07,spring,함안보,35.3774266,128.5509769,경상남도 함안군 칠북면 봉촌리,0.0,8.0,4.3,362.0,,,0.0,0.0,0.0,126.75,126.75,,,,2022-05-25,2022,5,7,9,2022-04-26,2022-05-25,2022-05-25,함안,5,20.98,2.1942,0.0312,11.559999999999999,8.9,7.9799999999999995,1.52,5.880000000000001,406.2,0.0722,1.6622,0.009750000000000002,3.8,3.6800000000000006,155,창원,30,30,17.776666666666664,23.84333333333333,12.83,56.80666666666666,92.80000000000001,1.5066666666666666,8.683333333333334,22.2248275862069,1013.8966666666668,4.569999999999999,3,달성보,legacy_date_only_not_geographically_revalidated,720,30,30,77.3536861111111,247.025,77.00405972222221,292.895,13.572041666666665,35.400000000000006,54.02700277777778,92.25458333333331
S06M08,S06,M08,summer,함안보,35.3774266,128.5509769,경상남도 함안군 칠북면 봉촌리,7.919,7.63,4.2,258.0,,,176.0,0.0,0.0,13.8,189.8,,,,2022-06-23,2022,6,8,10,2022-05-25,2022-06-23,2022-06-23,함안,4,24.725,1.62575,0.0305,30.075000000000003,9.325000000000001,8.175,3.0999999999999996,7.35,424.5,0.04675,1.15575,0.0075,4.875,6.5,155,창원,30,30,21.55,26.743333333333336,17.37666666666667,65.87333333333332,70.3,1.5766666666666664,8.07,21.298333333333332,1007.3933333333334,5.453333333333333,6,달성보,legacy_date_only_not_geographically_revalidated,720,30,30,76.26322361111112,330.745,76.53457222222221,330.745,13.552847222222221,54.39999999999999,53.82315694444445,91.90652777777777
S06M09,S06,M09,summer,함안보,35.3774266,128.5509769,경상남도 함안군 칠북면 봉촌리,4.432,7.37,4.2,281.0,,,23002.0,3954.8,0.0,416.6,27373.4,69.0,4.0,0.5,2022-07-20,2022,7,9,10,2022-06-21,2022-07-20,2022-07-20,함안,4,28.6,1.2705,0.0555,34.175000000000004,8.875,8.174999999999999,3.45,8.35,392.5,0.05125,0.8574999999999999,0.026,5.7749999999999995,8.5,155,창원,30,30,26.11,29.999999999999996,23.310000000000002,78.71333333333334,225.80000000000004,1.6933333333333338,5.89,17.584666666666667,1005.8366666666666,7.003333333333334,12,달성보,legacy_date_only_not_geographically_revalidated,720,30,30,128.95843194444444,440.732,129.1221666666667,500.704,13.676180555555556,145.2,55.132022222222226,94.13874999999999
S06M10,S06,M10,summer,함안보,35.3774266,128.5509769,경상남도 함안군 칠북면 봉촌리,0.425,7.93,6.9,135.4,,,59927.75,2368.375,0.0,563.25,62859.375,156.25,9.125,0.95,2022-08-30,2022,8,10,10,2022-08-01,2022-08-30,2022-08-30,함안,5,27.849999999999998,1.673,0.057999999999999996,35.5,8.6,7.8999999999999995,2.3000000000000003,7.025,283.5,0.05450000000000001,1.1335,0.028249999999999997,4.5249999999999995,10.299999999999999,155,창원,30,30,26.536666666666672,30.533333333333328,23.476666666666667,77.22,206.3,1.2333333333333336,5.256666666666667,15.176666666666666,1007.5400000000001,7.166666666666668,11,달성보,legacy_date_only_not_geographically_revalidated,720,30,30,258.8009652777778,1547.554,258.3701375,1736.464,13.769,192.0,56.11610833333333,95.81875
S06M12,S06,M12,fall,함안보,35.3774266,128.5509769,경상남도 함안군 칠북면 봉촌리,0.0,7.81,6.2,190.8,,,1323.75,0.0,414.5,267.0,2005.25,,,,2022-09-28,2022,9,11,10,2022-08-30,2022-09-28,2022-09-28,함안,4,23.166666666666668,2.792333333333333,0.05833333333333333,44.5,9.8,7.933333333333333,1.6000000000000003,7.0,240.66666666666666,0.026,2.3233333333333337,0.0405,5.3,13.6,155,창원,30,30,22.593333333333337,26.84333333333333,19.279999999999998,69.69666666666666,192.60000000000002,1.4266666666666663,4.4366666666666665,12.66,1011.75,6.960000000000003,11,달성보,legacy_date_only_not_geographically_revalidated,720,30,30,324.2381013888889,4219.867,323.34812222222223,4623.459,13.732416666666667,130.79999999999998,55.69007916666667,95.09027777777777
S07M01,S07,M01,fall,본포생태보도교(외),35.3709343,128.6453201,경상남도 창원시 의창구 동읍 본포리 138-1,0.487,8.11,,,,,,,,,,,,,2021-10-26,2021,10,1,10,2021-09-27,2021-10-26,2021-10-26,삼랑진1,4,22.0,2.09325,0.027500000000000004,42.9,10.975,8.85,1.675,6.1,284.0,0.028,1.58875,0.0035000000000000005,4.125,11.200000000000001,288,밀양,26,30,17.157692307692308,23.807692307692307,12.103846153846156,73.06923076923077,61.2,0.8615384615384616,6.884615384615385,,1019.9423076923075,4.507692307692308,6,합천창녕보,legacy_date_only_not_geographically_revalidated,624,26,30,155.82365224358975,396.229,158.64311858974355,451.736,8.813317307692309,47.0,51.36025,73.41863782051281
S07M02,S07,M02,winter,본포생태보도교(외),35.3709343,128.6453201,경상남도 창원시 의창구 동읍 본포리 138-1,0.058,7.86,,,,,,,,,,,,,2021-12-21,2021,12,2,10,2021-11-22,2021-12-21,2021-12-21,삼랑진1,2,8.45,2.2655000000000003,0.025,10.25,12.6,8.2,1.0,5.0,356.0,0.061,1.8765,,2.95,4.4,288,밀양,30,30,4.596666666666667,12.033333333333337,-1.53,62.65666666666666,32.0,1.0433333333333334,6.253333333333335,,1022.6433333333332,2.7166666666666663,2,합천창녕보,legacy_date_only_not_geographically_revalidated,720,30,30,111.75385833333333,299.852,105.90640555555555,453.313,7.493166666666666,15.6,39.80901805555556,56.910208333333344
S07M03,S07,M03,winter,본포생태보도교(외),35.3709343,128.6453201,경상남도 창원시 의창구 동읍 본포리 138-1,0.044,7.77,,,,,,,,,,,,,2022-01-27,2022,1,3,10,2021-12-29,2022-01-27,2022-01-27,삼랑진1,3,3.266666666666667,3.23,0.02366666666666667,9.0,15.199999999999998,7.7,1.9333333333333336,5.2,435.3333333333333,0.06333333333333334,2.656333333333333,,3.3666666666666667,2.9333333333333336,288,밀양,30,30,0.9466666666666668,8.196666666666665,-5.080000000000001,47.58,0.0,1.0533333333333332,5.903333333333333,,1023.5233333333332,3.2166666666666663,0,합천창녕보,legacy_date_only_not_geographically_revalidated,720,30,30,48.143874999999994,95.86,48.089241666666666,126.003,4.9655,0.0,18.754941666666667,26.854999999999997
S07M04,S07,M04,winter,본포생태보도교(외),35.3709343,128.6453201,경상남도 창원시 의창구 동읍 본포리 138-1,0.095,7.48,,,,,,,,,,,,,2022-02-22,2022,2,4,10,2022-01-24,2022-02-22,2022-02-22,삼랑진1,3,4.8999999999999995,3.0666666666666664,0.030333333333333334,13.933333333333332,13.966666666666667,7.8,2.266666666666667,5.666666666666667,450.3333333333333,0.076,2.6886666666666663,0.004,3.6999999999999997,5.2,288,밀양,30,30,1.953333333333333,8.336666666666666,-3.7999999999999994,39.35333333333334,0.0,1.3666666666666667,7.546666666666665,,1023.3233333333334,3.6566666666666667,0,합천창녕보,legacy_date_only_not_geographically_revalidated,720,30,30,25.280193055555557,96.855,36.09712777777778,139.811,5.208138888888889,0.0,20.728433333333335,29.662083333333335
S07M05,S07,M05,spring,본포생태보도교(외),35.3709343,128.6453201,경상남도 창원시 의창구 동읍 본포리 138-1,0.0,7.7,,,,,,,,,,,,,2022-03-30,2022,3,5,10,2022-03-01,2022-03-30,2022-03-30,삼랑진1,4,10.4,3.2015000000000002,0.028,14.65,12.600000000000001,7.925,1.9500000000000002,5.6,436.5,0.06625,2.6945,0.004,3.5999999999999996,6.199999999999999,288,밀양,30,30,9.513333333333332,16.52,2.606666666666667,57.133333333333326,58.400000000000006,1.2133333333333334,6.536666666666668,,1016.5933333333334,5.026666666666667,8,합천창녕보,legacy_date_only_not_geographically_revalidated,720,30,30,96.11510694444445,369.715,97.39797638888889,539.281,9.457236111111111,64.0,57.086594444444444,81.60097222222223
S07M06,S07,M06,spring,본포생태보도교(외),35.3709343,128.6453201,경상남도 창원시 의창구 동읍 본포리 138-1,0.051,7.43,,,,,,,,,,,,,2022-04-19,2022,4,6,8,2022-03-21,2022-04-19,2022-04-19,삼랑진1,4,17.9,2.6039999999999996,0.03025,18.425,10.175,7.9750000000000005,2.1,6.2,405.25,0.0485,2.18825,,3.775,5.6,288,밀양,30,30,13.026666666666667,20.536666666666658,5.773333333333334,53.28333333333334,32.7,1.3366666666666667,8.483333333333333,,1018.7433333333332,4.663333333333333,4,합천창녕보,legacy_date_only_not_geographically_revalidated,720,30,30,113.06988055555556,393.47,115.55639305555556,539.281,9.153097222222222,36.0,54.425701388888896,77.8026388888889
S07M07,S07,M07,spring,본포생태보도교(외),35.3709343,128.6453201,경상남도 창원시 의창구 동읍 본포리 138-1,2.129,7.92,4.2,373.0,,,,,,,,,,,2022-05-25,2022,5,7,9,2022-04-26,2022-05-25,2022-05-25,삼랑진1,3,22.166666666666668,2.0486666666666666,0.028999999999999998,13.933333333333332,8.666666666666666,8.133333333333333,1.5666666666666667,6.0,376.3333333333333,0.07566666666666666,1.518,0.005,3.8333333333333335,3.6,288,밀양,30,30,18.653333333333332,26.033333333333335,12.023333333333332,52.72666666666667,57.699999999999996,1.2433333333333334,8.520689655172413,,1013.5966666666666,4.613333333333333,3,합천창녕보,legacy_date_only_not_geographically_revalidated,720,30,30,78.34391388888889,266.008,86.73672777777779,430.624,8.857430555555556,35.199999999999996,51.76347222222223,73.99805555555557
S07M08,S07,M08,summer,본포생태보도교(외),35.3709343,128.6453201,경상남도 창원시 의창구 동읍 본포리 138-1,2.381,7.52,4.1,288.0,,,,,,,,,,,2022-06-23,2022,6,8,10,2022-05-25,2022-06-23,2022-06-23,삼랑진1,4,24.875,1.51675,0.026250000000000002,24.625,8.675,8.175,2.5,6.95,387.25,0.0895,1.08025,0.005,4.375,6.5,288,밀양,30,30,22.939999999999998,29.356666666666666,17.330000000000002,58.56333333333335,48.8,1.2899999999999998,7.980000000000001,,1006.9533333333334,5.319999999999999,6,합천창녕보,legacy_date_only_not_geographically_revalidated,720,30,30,76.82777638888888,425.876,89.59669305555555,479.745,8.879791666666666,55.2,51.96572777777778,74.29013888888889
S07M09,S07,M09,summer,본포생태보도교(외),35.3709343,128.6453201,경상남도 창원시 의창구 동읍 본포리 138-1,3.671,7.45,4.6,285.0,,,,,,,,,,,2022-07-20,2022,7,9,10,2022-06-21,2022-07-20,2022-07-20,삼랑진1,2,28.95,1.3559999999999999,0.0435,32.349999999999994,8.05,8.5,3.45,8.55,341.5,0.1335,0.761,0.005,5.25,11.2,288,밀양,30,30,27.326666666666664,32.34,23.509999999999994,71.67,278.6,1.2933333333333328,6.1499999999999995,,1005.2966666666666,6.636666666666668,11,합천창녕보,legacy_date_only_not_geographically_revalidated,720,30,30,137.34680694444444,493.772,143.06581944444446,646.23,8.984041666666666,144.4,52.88652916666667,75.6039861111111
S07M10,S07,M10,summer,본포생태보도교(외),35.3709343,128.6453201,경상남도 창원시 의창구 동읍 본포리 138-1,0.45,7.02,8.2,187.7,,,,,,,,,,,2022-08-30,2022,8,10,10,2022-08-01,2022-08-30,2022-08-30,삼랑진1,2,28.45,1.6635,0.057999999999999996,74.45,8.5,8.2,2.6,7.15,238.0,0.085,1.108,0.012,4.85,18.0,288,밀양,30,30,26.826666666666657,31.206666666666667,23.22333333333334,73.64000000000001,164.79999999999998,1.0566666666666664,4.576666666666666,,1007.1733333333333,7.123333333333334,12,합천창녕보,legacy_date_only_not_geographically_revalidated,720,30,30,291.1814888888889,1278.613,295.6098458333333,1686.23,8.855791666666667,189.5,51.742358333333335,73.96916666666667
S07M12,S07,M12,fall,본포생태보도교(외),35.3709343,128.6453201,경상남도 창원시 의창구 동읍 본포리 138-1,0.0,8.02,6.0,189.7,,,,,,,,,,,2022-09-28,2022,9,11,10,2022-08-30,2022-09-28,2022-09-28,삼랑진1,3,24.733333333333334,2.625666666666667,0.048999999999999995,36.300000000000004,8.333333333333334,7.766666666666667,1.5666666666666667,7.0,188.66666666666666,0.06833333333333334,2.2399999999999998,0.0425,5.233333333333333,13.733333333333334,288,밀양,30,30,22.33,27.393333333333327,18.056666666666665,69.78666666666666,164.3,1.0333333333333334,5.05,,1011.87,7.326666666666668,12,합천창녕보,legacy_date_only_not_geographically_revalidated,720,30,30,417.14474583333333,4028.011,420.6832277777778,4306.305,9.350652777777777,132.2,57.111291666666666,81.64466666666667
S08M01,S08,M01,fall,삼랑진교(좌),35.382293,128.8289778,경상남도 밀양시 삼랑진읍,0.561,8.21,,,,,,,,,,,,,2021-10-26,2021,10,1,10,2021-09-27,2021-10-26,2021-10-26,삼랑진2,4,22.025,1.99675,0.038,62.925000000000004,11.85,8.225,2.2,6.725,263.0,0.026250000000000002,1.256,0.003,3.05,12.25,288,밀양,26,30,17.157692307692308,23.807692307692307,12.103846153846156,73.06923076923077,61.2,0.8615384615384616,6.884615384615385,,1019.9423076923075,4.507692307692308,6,창녕함안보,legacy_date_only_not_geographically_revalidated,624,26,30,245.26434615384613,429.28,245.4205496794872,559.909,2.3870673076923077,45.699999999999996,54.94608012820514,54.443333333333335
S08M02,S08,M02,winter,삼랑진교(좌),35.382293,128.8289778,경상남도 밀양시 삼랑진읍,0.032,7.77,,,,,,,,,,,,,2021-12-21,2021,12,2,10,2021-11-22,2021-12-21,2021-12-21,삼랑진2,4,8.45,2.1029999999999998,0.02575,8.875,11.0,7.65,1.425,4.75,368.5,0.10074999999999999,1.73025,0.012750000000000001,2.25,5.1499999999999995,288,밀양,30,30,4.596666666666667,12.033333333333337,-1.53,62.65666666666666,32.0,1.0433333333333334,6.253333333333335,,1022.6433333333332,2.7166666666666663,2,창녕함안보,legacy_date_only_not_geographically_revalidated,720,30,30,120.15911805555555,307.094,145.15028194444446,747.047,4.430736111111111,16.3,88.96508472222222,88.15595833333333
S08M03,S08,M03,winter,삼랑진교(좌),35.382293,128.8289778,경상남도 밀양시 삼랑진읍,0.0,7.67,,,,,,,,,,,,,2022-01-27,2022,1,3,10,2021-12-29,2022-01-27,2022-01-27,삼랑진2,4,4.175000000000001,3.0402500000000003,0.046,9.575,13.649999999999999,8.05,1.6,4.8,465.0,0.223,2.3040000000000003,0.017,2.625,3.45,288,밀양,30,30,0.9466666666666668,8.196666666666665,-5.080000000000001,47.58,0.0,1.0533333333333332,5.903333333333333,,1023.5233333333332,3.2166666666666663,0,창녕함안보,legacy_date_only_not_geographically_revalidated,720,30,30,78.40420694444444,145.499,78.46339027777778,259.182,4.926416666666666,0.2,99.43384861111109,98.52833333333332
S08M04,S08,M04,winter,삼랑진교(좌),35.382293,128.8289778,경상남도 밀양시 삼랑진읍,0.071,7.65,,,,,,,,,,,,,2022-02-22,2022,2,4,10,2022-01-24,2022-02-22,2022-02-22,삼랑진2,3,4.999999999999999,3.188,0.04733333333333333,15.1,13.533333333333333,8.133333333333333,1.7333333333333332,5.2,474.0,0.13066666666666668,2.5239999999999996,0.006,2.1,5.0,288,밀양,30,30,1.953333333333333,8.336666666666666,-3.7999999999999994,39.35333333333334,0.0,1.3666666666666667,7.546666666666665,,1023.3233333333334,3.6566666666666667,0,창녕함안보,legacy_date_only_not_geographically_revalidated,720,30,30,49.42096805555555,134.342,53.220218055555556,212.388,4.915416666666666,0.0,99.20991666666667,98.30833333333334
S08M05,S08,M05,spring,삼랑진교(좌),35.382293,128.8289778,경상남도 밀양시 삼랑진읍,0.0,7.82,,,,,,,,,,,,,2022-03-30,2022,3,5,10,2022-03-01,2022-03-30,2022-03-30,삼랑진2,4,11.625,3.0195,0.01875,17.375,11.875,7.875,1.825,5.625,435.75,0.10325000000000001,2.347,0.005,2.3,6.4,288,밀양,30,30,9.513333333333332,16.52,2.606666666666667,57.133333333333326,58.400000000000006,1.2133333333333334,6.536666666666668,,1016.5933333333334,5.026666666666667,8,창녕함안보,legacy_date_only_not_geographically_revalidated,720,30,30,111.49994861111112,347.025,113.31003750000002,622.44,4.876972222222222,64.4,98.36684166666666,97.48097222222222
S08M06,S08,M06,spring,삼랑진교(좌),35.382293,128.8289778,경상남도 밀양시 삼랑진읍,0.073,7.42,,,,,,,,,,,,,2022-04-19,2022,4,6,8,2022-03-21,2022-04-19,2022-04-19,삼랑진2,4,18.375,2.51825,0.036000000000000004,14.225000000000001,10.350000000000001,7.6499999999999995,2.3,6.1499999999999995,387.0,0.065,1.8900000000000001,0.005,2.7,9.4,288,밀양,30,30,13.026666666666667,20.536666666666658,5.773333333333334,53.28333333333334,32.7,1.3366666666666667,8.483333333333333,,1018.7433333333332,4.663333333333333,4,창녕함안보,legacy_date_only_not_geographically_revalidated,720,30,30,144.64536111111113,347.025,151.12012361111113,622.44,4.943083333333333,37.699999999999996,99.68692777777778,98.77652777777779
S08M07,S08,M07,spring,삼랑진교(좌),35.382293,128.8289778,경상남도 밀양시 삼랑진읍,0.324,7.96,5.0,366.0,,,,,,,,,,,2022-05-25,2022,5,7,9,2022-04-26,2022-05-25,2022-05-25,삼랑진2,4,22.250000000000004,1.8395000000000001,0.0345,12.3,9.9,8.25,1.8499999999999999,6.15,357.0,0.146,1.4205,0.016333333333333335,3.0,3.5999999999999996,288,밀양,30,30,18.653333333333332,26.033333333333335,12.023333333333332,52.72666666666667,57.699999999999996,1.2433333333333334,8.520689655172413,,1013.5966666666666,4.613333333333333,3,창녕함안보,legacy_date_only_not_geographically_revalidated,720,30,30,101.21695555555556,375.276,106.75467777777779,577.31,4.892416666666667,36.900000000000006,98.72000277777778,97.82138888888888
S08M08,S08,M08,summer,삼랑진교(좌),35.382293,128.8289778,경상남도 밀양시 삼랑진읍,3.2,8.77,4.6,213.0,,,,,,,,,,,2022-06-23,2022,6,8,10,2022-05-25,2022-06-23,2022-06-23,삼랑진2,4,25.900000000000002,1.6465,0.040749999999999995,36.225,9.725,8.575000000000001,2.125,8.0,352.5,0.1835,0.953,0.019666666666666666,6.0,8.6,288,밀양,30,30,22.939999999999998,29.356666666666666,17.330000000000002,58.56333333333335,48.8,1.2899999999999998,7.980000000000001,,1006.9533333333334,5.319999999999999,6,창녕함안보,legacy_date_only_not_geographically_revalidated,720,30,30,114.47190555555555,436.177,126.79978055555556,754.079,4.227125,56.1,84.39389166666666,83.61805555555556
S08M09,S08,M09,summer,삼랑진교(좌),35.382293,128.8289778,경상남도 밀양시 삼랑진읍,2.604,7.66,4.5,238.0,,,,,,,,,,,2022-07-20,2022,7,9,10,2022-06-21,2022-07-20,2022-07-20,삼랑진2,4,30.299999999999997,1.1675,0.053750000000000006,74.175,12.0,9.275,3.0250000000000004,10.700000000000001,312.0,0.039,0.55,0.0115,8.775,16.3,288,밀양,30,30,27.326666666666664,32.34,23.509999999999994,71.67,278.6,1.2933333333333328,6.1499999999999995,,1005.2966666666666,6.636666666666668,11,창녕함안보,legacy_date_only_not_geographically_revalidated,720,30,30,195.73141666666666,502.049,211.16631944444444,854.158,4.136347222222223,145.1,82.38487083333332,81.62736111111111
S08M10,S08,M10,summer,삼랑진교(좌),35.382293,128.8289778,경상남도 밀양시 삼랑진읍,0.446,7.14,7.7,181.2,,,,,,,,,,,2022-08-30,2022,8,10,10,2022-08-01,2022-08-30,2022-08-30,삼랑진2,4,28.799999999999997,1.30125,0.05725000000000001,59.1,8.775,8.425,1.9500000000000002,8.25,249.0,0.04525,0.73975,0.021750000000000002,4.875,18.125,288,밀양,30,30,26.826666666666657,31.206666666666667,23.22333333333334,73.64000000000001,164.79999999999998,1.0566666666666664,4.576666666666666,,1007.1733333333333,7.123333333333334,12,창녕함안보,legacy_date_only_not_geographically_revalidated,720,30,30,416.658725,1234.344,411.7491486111111,1290.924,3.2692361111111117,186.29999999999998,67.75725972222222,67.13763888888889
S08M12,S08,M12,fall,삼랑진교(좌),35.382293,128.8289778,경상남도 밀양시 삼랑진읍,0.0,8.15,6.4,173.8,,,,,,,,,,,2022-09-28,2022,9,11,10,2022-08-30,2022-09-28,2022-09-28,삼랑진2,4,24.75,2.466,0.07225,34.724999999999994,9.174999999999999,8.025,1.75,7.85,208.5,0.07033333333333333,2.0082500000000003,0.03025,4.55,13.8,288,밀양,30,30,22.33,27.393333333333327,18.056666666666665,69.78666666666666,164.3,1.0333333333333334,5.05,,1011.87,7.326666666666668,12,창녕함안보,legacy_date_only_not_geographically_revalidated,720,30,30,602.4094249999999,4851.168,599.6835152777778,6192.348,3.6104861111111113,137.6,74.86287083333333,74.1757638888889
S09M01,S09,M01,fall,매리취수장,35.3314946,128.9581451,김해시,0.609,8.94,,,,,2006.25,73.75,0.0,611.75,2691.75,,,,2021-10-26,2021,10,1,10,2021-09-27,2021-10-26,2021-10-26,물금,4,22.775,1.9717500000000001,0.024,48.900000000000006,10.6,8.825,1.825,6.199999999999999,267.0,0.04475,1.4360000000000002,,4.449999999999999,8.9,159,부산,26,30,19.053846153846152,23.519230769230766,15.573076923076922,69.79615384615384,18.200000000000003,2.5961538461538467,6.984615384615386,14.855769230769234,1018.8,4.015384615384615,6,창녕함안보,legacy_date_only_not_geographically_revalidated,624,26,30,245.26434615384613,429.28,245.4205496794872,559.909,2.3870673076923077,45.699999999999996,54.94608012820514,54.443333333333335
S09M02,S09,M02,winter,매리취수장,35.3314946,128.9581451,김해시,0.0,7.8,,,,,755.0,15.4,0.0,98.0,868.4,,,,2021-12-21,2021,12,2,10,2021-11-22,2021-12-21,2021-12-21,물금,4,7.575,2.32625,0.031,5.875,12.475,7.675,0.9500000000000001,4.575,381.0,0.09175,1.911,0.009333333333333334,2.7,2.2,159,부산,30,30,8.06,12.790000000000001,3.913333333333333,53.68666666666666,33.4,3.0799999999999996,7.159999999999999,10.788,1022.0799999999999,2.2499999999999996,3,창녕함안보,legacy_date_only_not_geographically_revalidated,720,30,30,120.15911805555555,307.094,145.15028194444446,747.047,4.430736111111111,16.3,88.96508472222222,88.15595833333333
S09M03,S09,M03,winter,매리취수장,35.3314946,128.9581451,김해시,0.01,7.72,,,,,22.5,0.0,13.0,211.0,246.5,,,,2022-01-27,2022,1,3,10,2021-12-29,2022-01-27,2022-01-27,물금,4,4.325,2.7455,0.03425,12.875,15.15,7.525,1.825,5.0,457.0,0.06225,2.3897500000000003,0.003,3.125,2.8000000000000003,159,부산,30,30,3.9033333333333338,8.933333333333334,0.003333333333333381,42.80333333333335,0.0,2.8800000000000003,7.390000000000001,11.585333333333333,1022.7766666666668,2.8133333333333326,0,창녕함안보,legacy_date_only_not_geographically_revalidated,720,30,30,78.40420694444444,145.499,78.46339027777778,259.182,4.926416666666666,0.2,99.43384861111109,98.52833333333332
S09M04,S09,M04,winter,매리취수장,35.3314946,128.9581451,김해시,0.069,7.58,,,,,0.0,0.0,0.0,0.0,0.0,,,,2022-02-22,2022,2,4,10,2022-01-24,2022-02-22,2022-02-22,물금,4,4.775,2.86675,0.0315,17.85,14.175,7.7,1.925,5.425000000000001,486.0,0.04775,2.54225,,3.35,3.6,159,부산,30,30,3.62,8.646666666666667,-0.16666666666666666,43.706666666666656,0.0,3.2233333333333336,8.063333333333333,14.359000000000002,1022.64,3.2566666666666664,0,창녕함안보,legacy_date_only_not_geographically_revalidated,720,30,30,49.42096805555555,134.342,53.220218055555556,212.388,4.915416666666666,0.0,99.20991666666667,98.30833333333334
S09M05,S09,M05,spring,매리취수장,35.3314946,128.9581451,김해시,0.151,7.62,,,,,0.0,0.0,0.0,0.0,0.0,,,,2022-03-30,2022,3,5,10,2022-03-01,2022-03-30,2022-03-30,물금,4,10.675,3.27125,0.0305,24.575000000000003,12.575,7.9,2.875,6.0,475.25,0.07599999999999998,2.6534999999999997,,3.8499999999999996,5.3999999999999995,159,부산,30,30,10.48,14.836666666666666,6.726666666666669,64.37333333333333,127.39999999999999,3.4366666666666665,6.286666666666666,15.633666666666668,1016.5166666666667,5.016666666666668,10,창녕함안보,legacy_date_only_not_geographically_revalidated,720,30,30,111.49994861111112,347.025,113.31003750000002,622.44,4.876972222222222,64.4,98.36684166666666,97.48097222222222
S09M07,S09,M07,spring,매리취수장,35.3314946,128.9581451,김해시,0.523,8.18,4.9,342.0,,,0.0,0.0,9.5,0.0,9.5,,,,2022-05-25,2022,5,7,9,2022-04-26,2022-05-25,2022-05-25,물금,4,21.275,2.0035000000000003,0.0315,13.325,8.625,7.9,2.175,5.824999999999999,371.0,0.09474999999999999,1.4995,0.007333333333333333,3.85,3.3,159,부산,30,30,17.75333333333333,22.013333333333332,14.216666666666665,63.72,123.5,3.1100000000000003,8.433333333333334,23.692999999999998,1013.7,4.613333333333333,4,창녕함안보,legacy_date_only_not_geographically_revalidated,720,30,30,101.21695555555556,375.276,106.75467777777779,577.31,4.892416666666667,36.900000000000006,98.72000277777778,97.82138888888888
S09M08,S09,M08,summer,매리취수장,35.3314946,128.9581451,김해시,3.689,8.32,4.0,252.0,,,378.0,199.8,0.0,0.0,577.8,,,,2022-06-23,2022,6,8,10,2022-05-25,2022-06-23,2022-06-23,물금,4,24.5,1.506,0.025750000000000002,23.475,8.950000000000001,8.25,2.425,6.9,389.5,0.07625000000000001,1.08925,0.004666666666666667,4.25,6.0,159,부산,30,30,21.170000000000005,24.970000000000006,18.363333333333337,75.00666666666667,67.5,3.4333333333333345,7.7733333333333325,22.13533333333333,1007.1833333333333,5.213333333333334,7,창녕함안보,legacy_date_only_not_geographically_revalidated,720,30,30,114.47190555555555,436.177,126.79978055555556,754.079,4.227125,56.1,84.39389166666666,83.61805555555556
S09M09,S09,M09,summer,매리취수장,35.3314946,128.9581451,김해시,3.413,7.8,4.2,259.0,,,45035.833333333336,8695.333333333334,0.0,1094.6666666666667,54825.833333333336,96.33333333333331,5.0,0.7333333333333334,2022-07-20,2022,7,9,10,2022-06-21,2022-07-20,2022-07-20,물금,4,28.825000000000003,1.29475,0.03825,45.1,8.175,8.575,3.075,8.625,326.25,0.07699999999999999,0.7375,0.004,4.85,9.9,159,부산,30,30,25.413333333333334,28.476666666666667,23.30666666666667,87.81333333333335,194.1,3.8200000000000003,5.383333333333335,18.051333333333332,1005.7233333333332,6.74,10,창녕함안보,legacy_date_only_not_geographically_revalidated,720,30,30,195.73141666666666,502.049,211.16631944444444,854.158,4.136347222222223,145.1,82.38487083333332,81.62736111111111
S09M10,S09,M10,summer,매리취수장,35.3314946,128.9581451,김해시,0.607,7.18,7.5,159.1,,,96526.0,1394.375,0.0,186.375,98106.75,149.0,26.0,1.8125,2022-08-30,2022,8,10,10,2022-08-01,2022-08-30,2022-08-30,물금,4,29.55,1.21575,0.05075,58.400000000000006,8.200000000000001,8.5,2.5749999999999997,8.2,287.75,0.04475,0.74375,0.022333333333333334,5.15,13.9,159,부산,30,30,26.529999999999998,29.883333333333333,24.043333333333337,80.81000000000002,140.5,3.713333333333333,5.453333333333334,17.402333333333335,1007.0733333333334,6.63,11,창녕함안보,legacy_date_only_not_geographically_revalidated,720,30,30,416.658725,1234.344,411.7491486111111,1290.924,3.2692361111111117,186.29999999999998,67.75725972222222,67.13763888888889
S09M12,S09,M12,fall,매리취수장,35.3314946,128.9581451,김해시,0.0,7.94,6.1,153.4,,,843.3333333333334,31.33333333333333,543.0,142.33333333333334,1560.0,,,,2022-09-28,2022,9,11,10,2022-08-30,2022-09-28,2022-09-28,물금,4,24.425,2.61925,0.04725,25.025,8.375,7.7,1.55,6.325,204.0,0.067,2.222,0.035250000000000004,4.7749999999999995,9.4,159,부산,30,30,22.95333333333333,26.81666666666667,20.383333333333333,76.77666666666669,201.0,3.03,3.8133333333333335,13.361666666666668,1010.9633333333333,7.263333333333334,11,창녕함안보,legacy_date_only_not_geographically_revalidated,720,30,30,602.4094249999999,4851.168,599.6835152777778,6192.348,3.6104861111111113,137.6,74.86287083333333,74.1757638888889
S10M01,S10,M01,fall,대동선착장,35.2411608,128.997046,경상남도 김해시 대동면 초정리 3-1,0.713,8.74,,,,,,,,,,,,,2021-10-26,2021,10,1,10,2021-09-27,2021-10-26,2021-10-26,구포,4,22.425,1.87575,0.03375,36.525,11.0,7.949999999999999,2.175,6.9,247.25,0.02825,1.16225,0.006500000000000001,3.3499999999999996,8.549999999999999,159,부산,26,30,19.053846153846152,23.519230769230766,15.573076923076922,69.79615384615384,18.200000000000003,2.5961538461538467,6.984615384615386,14.855769230769234,1018.8,4.015384615384615,6,낙동강하굿둑,legacy_date_only_not_geographically_revalidated,624,26,30,193.75400321027288,608.147,223.86628250401287,1152.98,0.8117788461538462,44.7,299.68316051364366,97.55189406099518
S10M02,S10,M02,winter,대동선착장,35.2411608,128.997046,경상남도 김해시 대동면 초정리 3-1,0.029,7.79,,,,,,,,,,,,,2021-12-21,2021,12,2,10,2021-11-22,2021-12-21,2021-12-21,구포,4,9.25,2.16075,0.0375,6.5249999999999995,11.125,7.475,1.15,4.8,362.25,0.12175,1.72425,0.01475,2.2249999999999996,4.75,159,부산,30,30,8.06,12.790000000000001,3.913333333333333,53.68666666666666,33.4,3.0799999999999996,7.159999999999999,10.788,1022.0799999999999,2.2499999999999996,3,낙동강하굿둑,legacy_date_only_not_geographically_revalidated,720,30,30,106.33362916666665,558.658,141.10364027777777,1061.032,0.8464583333333334,18.1,301.2831527777778,98.07080555555557
S10M03,S10,M03,winter,대동선착장,35.2411608,128.997046,경상남도 김해시 대동면 초정리 3-1,0.054,8.14,,,,,,,,,,,,,2022-01-27,2022,1,3,10,2021-12-29,2022-01-27,2022-01-27,구포,4,4.025,2.7937499999999997,0.0195,20.35,13.875000000000002,8.375,1.575,5.4,438.5,0.22433333333333336,2.26175,0.0033333333333333335,2.775,5.5,159,부산,30,30,3.9033333333333338,8.933333333333334,0.003333333333333381,42.80333333333335,0.0,2.8800000000000003,7.390000000000001,11.585333333333333,1022.7766666666668,2.8133333333333326,0,낙동강하굿둑,legacy_date_only_not_geographically_revalidated,720,30,30,72.07109722222222,133.691,93.95863472222223,736.598,0.8616944444444445,0.2,301.9881541666667,98.29930555555555
S10M04,S10,M04,winter,대동선착장,35.2411608,128.997046,경상남도 김해시 대동면 초정리 3-1,0.035,7.64,,,,,,,,,,,,,2022-02-22,2022,2,4,10,2022-01-24,2022-02-22,2022-02-22,구포,3,5.533333333333334,3.26,0.02966666666666667,21.333333333333332,13.666666666666666,8.299999999999999,1.5333333333333332,5.566666666666666,467.6666666666667,0.06833333333333333,2.5743333333333336,0.019,2.1999999999999997,7.3999999999999995,159,부산,30,30,3.62,8.646666666666667,-0.16666666666666666,43.706666666666656,0.0,3.2233333333333336,8.063333333333333,14.359000000000002,1022.64,3.2566666666666664,0,낙동강하굿둑,legacy_date_only_not_geographically_revalidated,720,30,30,52.70159861111111,146.42,84.01004861111112,454.812,0.8087638888888888,0.0,299.5474361111111,97.50625
S10M05,S10,M05,spring,대동선착장,35.2411608,128.997046,경상남도 김해시 대동면 초정리 3-1,0.0,7.73,,,,,,,,,,,,,2022-03-30,2022,3,5,10,2022-03-01,2022-03-30,2022-03-30,구포,5,9.98,3.2354,0.0188,24.2,12.6,8.399999999999999,2.28,5.86,458.0,0.18539999999999998,2.2946,0.011,2.4,6.6,159,부산,30,30,10.48,14.836666666666666,6.726666666666669,64.37333333333333,127.39999999999999,3.4366666666666665,6.286666666666666,15.633666666666668,1016.5166666666667,5.016666666666668,10,낙동강하굿둑,legacy_date_only_not_geographically_revalidated,720,30,30,93.7774236111111,657.551,125.66937777777778,1053.589,0.8548472222222222,63.2,301.6720555555556,98.19694444444445
S10M07,S10,M07,spring,대동선착장,35.2411608,128.997046,경상남도 김해시 대동면 초정리 3-1,0.744,8.16,4.4,343.0,,,,,,,,,,,2022-05-25,2022,5,7,9,2022-04-26,2022-05-25,2022-05-25,구포,4,21.225,1.81525,0.03375,14.8,9.850000000000001,7.975,2.15,6.0249999999999995,371.0,0.122,1.4555,0.0165,2.4250000000000003,8.25,159,부산,30,30,17.75333333333333,22.013333333333332,14.216666666666665,63.72,123.5,3.1100000000000003,8.433333333333334,23.692999999999998,1013.7,4.613333333333333,4,낙동강하굿둑,legacy_date_only_not_geographically_revalidated,720,30,30,95.58321527777777,604.786,114.55508888888887,898.323,0.79725,40.1,299.0015625,97.33625
S10M08,S10,M08,summer,대동선착장,35.2411608,128.997046,경상남도 김해시 대동면 초정리 3-1,1.107,8.31,4.2,228.0,,,,,,,,,,,2022-06-23,2022,6,8,10,2022-05-25,2022-06-23,2022-06-23,구포,4,25.15,1.70025,0.0495,38.775,9.55,8.7,2.0500000000000003,8.725000000000001,400.5,0.08333333333333333,0.8206666666666668,0.0345,5.75,13.100000000000001,159,부산,30,30,21.170000000000005,24.970000000000006,18.363333333333337,75.00666666666667,67.5,3.4333333333333345,7.7733333333333325,22.13533333333333,1007.1833333333333,5.213333333333334,7,낙동강하굿둑,legacy_date_only_not_geographically_revalidated,720,30,30,103.61871568627451,740.575,134.09991086350976,1213.307,0.8129722222222223,55.5,299.7133495821727,97.56852367688022
S10M09,S10,M09,summer,대동선착장,35.2411608,128.997046,경상남도 김해시 대동면 초정리 3-1,4.697,7.58,4.3,242.0,,,,,,,,,,,2022-07-20,2022,7,9,10,2022-06-21,2022-07-20,2022-07-20,구포,4,29.15,1.1225,0.046,86.2,10.55,9.075,3.75,13.125,321.5,0.04625,0.6033333333333334,0.01025,8.85,24.15,159,부산,30,30,25.413333333333334,28.476666666666667,23.30666666666667,87.81333333333335,194.1,3.8200000000000003,5.383333333333335,18.051333333333332,1005.7233333333332,6.74,10,낙동강하굿둑,legacy_date_only_not_geographically_revalidated,720,30,30,206.8340625,1206.101,239.5796347222222,1932.4,0.8199722222222223,150.5,300.0451722222222,97.67625
S10M10,S10,M10,summer,대동선착장,35.2411608,128.997046,경상남도 김해시 대동면 초정리 3-1,0.696,7.25,7.1,166.8,,,,,,,,,,,2022-08-30,2022,8,10,10,2022-08-01,2022-08-30,2022-08-30,구포,4,28.6,1.263,0.0505,48.825,8.575,8.4,2.05,8.25,292.75,0.036,0.92275,0.02575,9.225,15.250000000000002,159,부산,30,30,26.529999999999998,29.883333333333333,24.043333333333337,80.81000000000002,140.5,3.713333333333333,5.453333333333334,17.402333333333335,1007.0733333333334,6.63,11,낙동강하굿둑,legacy_date_only_not_geographically_revalidated,720,30,30,421.2143319444445,3322.157,443.1765708333333,3907.435,0.7831944444444445,177.8,298.3615791666667,97.12829166666666
S10M12,S10,M12,fall,대동선착장,35.2411608,128.997046,경상남도 김해시 대동면 초정리 3-1,0.0,7.92,6.7,144.3,,,,,,,,,,,2022-09-28,2022,9,11,10,2022-08-30,2022-09-28,2022-09-28,구포,4,23.6,2.68125,0.06974999999999999,27.674999999999997,8.450000000000001,8.0,1.3250000000000002,8.375,189.5,0.065,2.17075,0.03950000000000001,3.975,36.425,159,부산,30,30,22.95333333333333,26.81666666666667,20.383333333333333,76.77666666666669,201.0,3.03,3.8133333333333335,13.361666666666668,1010.9633333333333,7.263333333333334,11,낙동강하굿둑,legacy_date_only_not_geographically_revalidated,720,30,30,731.7693775862069,6411.762,691.3446972222223,6386.832,0.7980277777777777,147.6,299.0487777777778,97.35288888888888
