sample_id,aminoglycoside,beta_lactam,carbapenem,cephalosporin,fluoroquinolone,fosfomycin,glycopeptide,lincosamide,macrolide,other,oxazolidinone,peptide,phenicol,rifamycin,streptogramin,sulfonamide,tetracycline,trimethoprim
S01M01,194,150,303,183,144,22,110,88,388,229,5,165,36,40,14,9,149,25
S01M02,0,0,0,0,0,0,0,0,0,0,0,0,0,0,0,0,0,0
S01M03,0,0,0,0,0,0,0,0,0,0,0,0,0,0,0,0,0,0
S01M04,0,0,0,0,0,0,0,0,0,0,0,0,0,0,0,0,0,0
S01M05,821,587,1129,813,647,115,504,355,1471,991,22,642,186,201,72,36,735,142
S01M06,531,332,650,480,441,71,298,182,929,653,10,330,114,148,49,24,409,61
S01M07,0,0,0,0,0,0,0,0,0,0,0,0,0,0,0,0,0,0
S01M08,1743,1207,2368,1659,1347,262,1035,721,3141,2058,51,1311,436,462,157,74,1491,256
S01M09,2343,1500,3061,1976,1774,343,1328,925,4117,2595,42,1776,485,589,209,87,1914,321
S01M10,0,0,0,0,0,0,0,0,0,0,0,0,0,0,0,0,0,0
S01M12,0,0,0,0,0,0,0,0,0,0,0,0,0,0,0,0,0,0
S02M01,501,361,739,531,409,68,375,247,946,606,13,392,116,127,70,25,397,77
S02M02,936,601,1256,811,749,132,518,366,1620,1017,20,659,203,199,95,34,694,123
S02M03,0,0,0,0,0,0,0,0,0,0,0,0,0,0,0,0,0,0
S02M04,0,0,0,0,0,0,0,0,0,0,0,0,0,0,0,0,0,0
S02M05,951,691,1362,843,694,136,600,438,1662,1146,24,665,236,209,96,32,794,144
S02M06,638,405,870,585,527,93,406,273,1170,792,25,466,164,165,60,29,533,91
S02M07,879,575,1265,809,705,137,505,318,1595,1098,15,659,174,254,88,46,766,118
S02M08,1383,898,1798,1189,1022,192,767,550,2340,1600,21,984,278,369,112,59,1135,185
S02M09,973,610,1191,874,805,129,518,338,1739,1224,18,641,221,274,82,29,777,130
S02M10,595,331,730,487,432,76,344,220,1026,583,14,446,139,130,55,21,410,82
S02M12,574,396,762,467,400,80,311,277,930,635,8,412,121,125,52,20,423,77
S03M01,698,489,935,656,479,94,442,298,1198,757,14,509,156,164,75,37,550,100
S03M02,464,322,647,469,314,66,265,189,838,576,14,351,113,120,53,18,380,83
S03M03,0,0,0,0,0,0,0,0,0,0,0,0,0,0,0,0,0,0
S03M04,0,0,0,0,0,0,0,0,0,0,0,0,0,0,0,0,0,0
S03M05,874,580,1263,935,622,102,499,346,1638,1001,23,676,213,210,93,46,651,133
S03M06,603,503,937,640,418,87,392,309,1114,693,14,515,160,146,66,31,488,109
S03M07,176,108,236,162,139,17,128,59,362,211,7,117,37,41,13,6,123,21
S03M08,126,62,157,118,69,14,65,40,237,129,4,74,28,40,11,3,101,17
S03M09,314,227,499,331,281,44,194,187,594,356,14,280,70,72,49,13,280,45
S03M10,630,454,920,585,471,93,414,324,1136,687,19,495,140,152,54,15,510,78
S03M12,193,148,284,217,152,18,115,71,328,240,7,125,53,59,23,10,157,27
S04M01,135,88,202,120,138,23,98,73,259,163,3,112,31,34,11,8,115,21
S04M02,0,0,0,0,0,0,0,0,0,0,0,0,0,0,0,0,0,0
S04M03,0,0,0,0,0,0,0,0,0,0,0,0,0,0,0,0,0,0
S04M04,0,0,0,0,0,0,0,0,0,0,0,0,0,0,0,0,0,0
S04M05,1471,1149,2232,1452,1132,242,839,666,2698,1861,39,1252,311,342,171,51,1229,238
S04M06,1224,949,1927,1217,1027,189,879,605,2316,1516,38,1053,315,234,149,44,1014,196
S04M07,680,468,891,606,509,97,378,273,1192,817,13,479,137,160,69,23,580,82
S04M08,937,554,1133,777,686,129,487,341,1579,1041,25,673,178,241,69,38,711,126
S04M09,1048,706,1437,951,838,134,692,397,1885,1237,29,758,245,251,93,28,815,137
S04M10,273,205,335,298,197,46,172,112,396,265,1,215,76,67,25,8,195,41
S04M12,317,227,390,273,218,49,193,151,514,325,7,212,61,70,31,13,244,47
S05M01,0,0,0,0,0,0,0,0,0,0,0,0,0,0,0,0,0,0
S05M02,99,54,132,93,79,25,68,41,202,142,1,92,21,24,12,4,98,21
S05M03,0,0,0,0,0,0,0,0,0,0,0,0,0,0,0,0,0,0
S05M04,0,0,0,0,0,0,0,0,0,0,0,0,0,0,0,0,0,0
S05M05,1104,800,1662,1018,854,180,702,492,1961,1360,31,875,218,250,114,52,909,160
S05M06,564,342,754,505,436,90,325,204,1095,731,14,405,116,156,47,32,489,71
S05M07,1315,777,1625,1228,973,177,748,513,2215,1382,34,873,257,323,136,47,1011,171
S05M08,270,167,338,226,178,35,142,85,423,279,5,195,52,66,22,15,220,39
S05M09,294,208,424,249,241,34,185,141,517,384,7,244,59,49,34,12,224,37
S05M10,918,548,1225,868,718,137,564,458,1550,1078,25,709,182,185,91,33,699,140
S05M12,0,0,0,0,0,0,0,0,0,0,0,0,0,0,0,0,0,0
S06M01,191,161,327,224,200,36,135,118,372,255,5,220,60,43,26,5,163,41
S06M02,0,0,0,0,0,0,0,0,0,0,0,0,0,0,0,0,0,0
S06M03,0,0,0,0,0,0,0,0,0,0,0,0,0,0,0,0,0,0
S06M04,185,96,223,170,173,30,90,71,318,216,4,160,42,43,8,12,139,18
S06M05,0,0,0,0,0,0,0,0,0,0,0,0,0,0,0,0,0,0
S06M06,498,382,676,501,397,62,311,212,898,569,11,356,97,139,37,20,414,61
S06M07,942,624,1272,860,677,142,563,450,1706,1101,25,723,209,228,103,40,743,136
S06M08,759,441,863,584,558,92,422,306,1242,826,18,497,163,154,58,35,599,82
S06M09,0,0,0,0,0,0,0,0,0,0,0,0,0,0,0,0,0,0
S06M10,0,0,0,0,0,0,0,0,0,0,0,0,0,0,0,0,0,0
S06M12,0,0,0,0,0,0,0,0,0,0,0,0,0,0,0,0,0,0
S07M01,72,59,120,78,56,10,47,44,175,93,2,71,22,19,9,5,67,9
S07M02,0,0,0,0,0,0,0,0,0,0,0,0,0,0,0,0,0,0
S07M03,0,0,0,0,0,0,0,0,0,0,0,0,0,0,0,0,0,0
S07M04,284,156,324,267,179,34,125,108,445,284,5,177,52,61,20,10,183,32
S07M05,1573,1039,2141,1375,1367,221,991,659,2845,1811,34,1170,329,374,140,49,1144,210
S07M06,874,547,1065,756,628,101,501,367,1519,914,17,647,200,205,72,38,632,118
S07M07,536,354,734,507,365,84,280,200,935,574,8,384,100,130,48,20,417,75
S07M08,1083,734,1520,948,832,167,628,490,2033,1277,33,802,246,274,120,39,941,142
S07M09,488,285,614,451,359,71,252,162,816,573,11,308,103,128,45,17,332,56
S07M10,0,0,0,0,0,0,0,0,0,0,0,0,0,0,0,0,0,0
S07M12,0,0,0,0,0,0,0,0,0,0,0,0,0,0,0,0,0,0
S08M01,199,113,233,163,158,18,82,72,316,232,4,175,42,44,10,8,155,22
S08M02,0,0,0,0,0,0,0,0,0,0,0,0,0,0,0,0,0,0
S08M03,123,80,173,110,117,19,72,59,193,140,2,126,23,38,11,4,97,13
S08M04,536,305,730,433,402,64,259,196,890,626,10,437,123,119,50,22,408,70
S08M05,1251,704,1476,1028,927,150,660,402,2080,1403,17,768,261,287,101,48,958,128
S08M06,1709,1410,2789,1686,1353,249,1177,926,3190,2103,67,1589,440,372,200,64,1463,294
S08M07,870,540,1189,781,726,125,491,381,1665,1093,22,625,192,225,82,48,709,110
S08M08,778,543,1122,670,620,120,483,318,1428,963,26,570,177,183,80,43,665,99
S08M09,319,221,493,347,265,54,190,153,669,405,15,264,58,83,32,13,271,56
S08M10,249,183,315,239,187,27,156,123,405,247,7,203,49,52,18,9,205,34
S08M12,0,0,0,0,0,0,0,0,0,0,0,0,0,0,0,0,0,0
S09M01,0,0,0,0,0,0,0,0,0,0,0,0,0,0,0,0,0,0
S09M02,155,114,261,154,130,18,101,66,260,157,4,126,31,40,12,10,107,20
S09M03,0,0,0,0,0,0,0,0,0,0,0,0,0,0,0,0,0,0
S09M04,213,193,351,240,186,40,168,130,398,307,8,204,53,51,30,12,226,29
S09M05,726,477,973,656,578,101,461,287,1365,894,18,490,171,180,75,22,545,92
S09M06,0,0,0,0,0,0,0,0,0,0,0,0,0,0,0,0,0,0
S09M07,1143,757,1532,1094,835,167,629,465,1963,1321,21,804,233,333,127,46,867,133
S09M08,1487,879,1886,1354,1105,206,864,576,2649,1597,32,1053,293,370,139,54,1085,191
S09M09,1320,793,1785,1247,1039,166,768,506,2499,1546,35,949,283,340,105,49,1090,183
S09M10,333,262,459,354,270,49,192,139,607,405,12,282,60,73,36,16,250,42
S09M12,166,108,248,177,126,16,82,61,272,184,1,106,32,44,15,8,131,33
S10M01,249,184,328,198,180,34,129,81,414,346,8,215,65,65,15,9,207,32
S10M02,259,178,336,238,223,31,142,94,437,266,1,194,56,59,20,11,189,33
S10M03,0,0,0,0,0,0,0,0,0,0,0,0,0,0,0,0,0,0
S10M04,0,0,0,0,0,0,0,0,0,0,0,0,0,0,0,0,0,0
S10M05,679,474,882,641,497,77,393,358,1213,761,17,488,141,162,60,27,499,97
S10M06,0,0,0,0,0,0,0,0,0,0,0,0,0,0,0,0,0,0
S10M07,1068,764,1494,1073,789,135,602,452,1965,1252,21,820,237,248,107,38,872,133
S10M08,853,549,1196,847,614,107,461,369,1461,998,22,642,181,211,86,38,678,125
S10M09,969,705,1418,902,683,129,551,398,1724,1091,27,708,206,219,86,40,756,149
S10M10,447,323,612,465,358,89,280,255,905,581,14,408,100,99,54,19,382,75
S10M12,164,117,193,131,129,24,95,91,257,170,4,96,32,28,15,7,111,23
