sample_id,ko01100,ko01110,ko01130,ko01120,ko01230,ko01200,ko02010,ko00230,ko02020,ko03010,ko00190,ko02024,ko00240,ko00520,ko00620,ko00260,ko00630,ko00010,ko00970,ko00720,ko01212,ko00270,ko00640,ko00280,ko01210,ko00250,ko03440,ko00020,ko00400,ko00680,ko03070,ko00650,ko00860,ko00790,ko00550,ko00030,ko03430,ko00330,ko00061,ko03030,ko03060,ko03018,ko00760,ko00071,ko00770,ko00564,ko00300,ko00920,ko00900,ko04112,ko00051,ko00500,ko00360,ko00220,ko00540,ko00710,ko00380,ko00340,ko00670,ko05111,ko00310,ko00290,ko00130,ko02040,ko00480,ko00780,ko00052,ko00362,ko00983,ko03410,ko00195,ko00410,ko02025,ko00910,ko03420,ko00350,ko01503,ko00561,ko00450,ko00521,ko02030,ko01501,ko04122,ko00730,ko00040,ko02026,ko00660,ko01220,ko00261,ko04146,ko01502,ko04212,ko01040,ko00740,ko00053,ko04714,ko05418,ko05134,ko03320,ko00333,ko00750,ko00627,ko05152,ko00562,ko00625,ko04217,ko04922,ko00072,ko01523,ko00523,ko05230,ko00903,ko05200,ko00460,ko00471,ko04066,ko00281,ko01524,ko04213,ko05010,ko00401,ko05016,ko00982,ko00430,ko00930,ko00980,ko04621,ko04070,ko00600,ko03020,ko00960,ko00906,ko00643,ko04626,ko00511,ko00473,ko00525,ko05204,ko00405,ko00361,ko04214,ko05012,ko00785,ko04016,ko04727,ko04142,ko04920,ko00940,ko00440,ko04932,ko04724,ko00950,ko04152,ko01051,ko04931,ko00981,ko05225,ko04216,ko00626,ko02060,ko03013,ko00140,ko04068,ko04910,ko03008,ko01055,ko00332,ko00830,ko00364,ko00524,ko04113,ko00531,ko04141,ko00510,ko04940,ko00623,ko04918,ko04211,ko05133,ko05340,ko00590,ko05014,ko04013,ko04964,ko04210,ko00311,ko05205,ko04260,ko05165,ko05203,ko04151,ko00908,ko00622,ko04930,ko00642,ko05145,ko05132,ko05164,ko05168,ko00966,ko05206,ko00592,ko05167,ko05161,ko05222,ko04215,ko00196,ko04115,ko00603,ko00984,ko05210,ko05416,ko04974,ko00624,ko01062,ko00791,ko01053,ko05120,ko04614,ko00633,ko00621,ko05166,ko04080,ko04612,ko04914,ko04915,ko05215,ko04657,ko04934,ko04659,ko04979,ko05211,ko05231,ko05143,ko00513,ko04072,ko00472,ko00604,ko00965,ko04138,ko05142,ko00404,ko04917,ko00591,ko00909,ko05146,ko04728,ko00120,ko05031,ko05034,ko04726,ko04973,ko04978,ko05030,ko05100,ko03050,ko00121,ko05219,ko01059,ko00514,ko00945,ko00941,ko00515,ko03450,ko04723,ko00565,ko01054,ko00100,ko03022,ko04020,ko01057,ko05150,ko04071,ko05020,ko05410,ko00901,ko04011,ko04976,ko00253,ko00365,ko04640,ko04022,ko04924,ko00363,ko05110,ko05414,ko04010,ko04310,ko05169,ko01052,ko04024,ko04972,ko01056,ko04919,ko04144,ko05323,ko04145,ko04114,ko04330,ko05322,ko00232,ko05220,ko03040,ko04380,ko04725,ko04140,ko04120,ko04921,ko04916,ko04622,ko04530,ko04150,ko04110,ko04970,ko00522,ko00944,ko04111,ko04720,ko04722,ko03460,ko04550,ko04962,ko05131,ko04360,ko04750,ko04261,ko04912,ko04658,ko04926,ko04014,ko00943,ko04540,ko04370,ko03015,ko04925,ko04810,ko04721,ko00062,ko05226,ko04971,ko04510,ko04611,ko04218,ko04620,ko04740,ko05130,ko05140,ko04390,ko04662,ko04391,ko05144,ko04713,ko04371,ko04270,ko04933,ko04610,ko04623,ko04015,ko01522,ko04062,ko04660,ko05162,ko04911,ko00331,ko05214,ko04320,ko00534,ko04624,ko04064,ko04668,ko04666,ko05224,ko00563,ko04923,ko04961,ko00532,ko04650,ko04745,ko04913,ko04136,ko04670,ko04520,ko04927,ko05202,ko04712,ko04392,ko04012,ko04512,ko04341,ko04340,ko04977,ko04742,ko05160,ko04350,ko05032,ko05212,ko04137,ko04664,ko04975,ko04744,ko04960,ko00902,ko04710,ko05321,ko04630,ko00512,ko04075
S01M01,244,116,76,53,55,27,23,35,16,22,12,24,25,28,10,9,7,16,17,7,3,11,2,3,10,10,16,6,16,9,14,5,5,4,4,5,12,7,3,12,10,10,6,2,11,12,4,6,6,4,10,20,1,8,8,5,1,11,7,10,2,6,1,3,1,7,17,0,3,6,2,4,6,3,3,1,9,5,4,6,0,7,3,8,12,8,5,0,2,1,2,2,1,2,4,0,1,1,0,1,2,0,1,1,1,2,4,0,0,1,3,1,0,2,1,4,0,1,1,1,2,1,0,1,0,0,0,2,13,1,1,1,0,0,9,1,2,0,2,0,0,0,1,1,0,4,0,2,2,0,0,0,0,0,1,1,0,0,0,1,0,10,1,1,1,0,1,0,0,4,0,3,2,0,0,0,0,1,0,0,0,0,1,0,1,0,1,0,1,1,0,1,0,1,0,0,0,0,0,1,2,0,0,0,0,0,0,0,3,1,0,0,0,0,1,0,0,0,0,0,0,0,0,0,0,0,0,0,0,0,0,0,2,0,1,0,0,1,0,0,0,0,0,0,1,0,0,0,0,0,0,2,0,0,0,0,0,0,0,0,0,0,0,0,0,0,0,1,0,0,0,0,0,0,0,0,0,0,0,0,0,0,0,0,0,0,0,0,0,0,0,0,0,0,0,0,0,0,0,0,0,0,0,0,0,0,0,0,0,0,0,0,0,0,0,0,0,0,0,0,0,0,0,0,0,0,0,0,0,0,0,0,0,0,0,0,0,0,0,0,0,0,0,0,0,0,0,0,0,0,0,0,0,0,0,0,0,0,0,0,0,0,0,0,0,0,0,0,0,0,0,0,0,0,0,0,0,0,0,0,0,0,0,0,0,0,0,0,0,0,0,0,0,0,0,0,0,0,0,0,0,0,0,0,0,0,0
S01M05,1842,867,665,514,404,288,184,223,151,153,182,133,180,116,95,110,90,107,105,87,69,80,66,54,84,94,91,81,97,76,70,43,54,73,82,80,74,56,54,73,68,50,60,35,57,65,71,45,55,58,60,50,28,53,44,44,37,43,53,34,35,34,46,11,36,39,49,22,42,34,53,30,24,31,47,25,32,39,35,35,11,24,33,32,39,20,23,23,35,18,31,23,16,21,22,26,20,17,12,16,22,10,22,17,18,14,14,11,20,11,17,11,11,8,21,11,7,12,11,17,14,15,9,6,12,9,12,16,17,17,11,5,4,7,7,13,5,3,12,6,7,18,9,10,11,7,5,7,4,10,10,8,4,8,5,8,4,5,7,4,4,8,4,2,9,3,10,7,3,9,3,1,2,7,7,3,5,3,3,3,5,3,3,5,3,2,6,5,3,3,2,3,0,3,4,3,0,3,3,2,4,4,3,3,3,3,0,3,2,0,3,3,4,1,1,0,4,3,3,1,0,1,1,1,1,1,1,1,2,1,1,2,1,1,0,1,0,0,0,1,1,2,4,1,1,0,0,1,0,0,0,1,0,0,2,0,1,2,3,1,0,0,1,2,8,1,0,0,4,0,3,1,1,0,2,0,0,0,1,0,2,0,0,0,0,2,1,1,0,2,0,0,0,0,0,0,0,0,1,0,0,1,0,0,0,0,0,0,0,0,0,0,0,0,0,0,0,0,0,0,0,0,0,0,0,0,0,0,0,0,0,0,0,0,0,0,0,0,0,0,0,0,0,0,1,0,0,0,0,0,0,0,0,0,0,0,0,0,0,0,0,0,0,0,0,0,0,0,0,0,0,0,0,0,0,0,0,0,0,0,0,0,0,0,0,0,0,0,0,0,0,0,0,0,0,0,0,0,0,0,0,0,0,0,0,0,0
S01M06,1203,529,430,407,245,206,184,140,130,138,97,128,89,57,80,81,84,59,63,64,80,58,71,70,64,52,46,40,44,56,40,85,62,42,38,34,37,57,46,38,34,34,29,54,49,34,30,41,33,52,25,16,38,33,18,27,46,35,30,14,40,43,13,73,40,33,20,45,31,31,19,31,20,24,18,27,17,15,21,19,31,22,18,19,28,13,26,35,13,12,12,6,21,15,13,21,16,18,14,22,15,24,10,12,15,9,9,19,10,10,10,16,18,10,9,13,14,15,8,17,9,16,15,9,15,16,9,8,3,10,10,10,11,12,0,6,4,13,7,7,9,14,6,2,7,0,3,4,11,13,7,3,0,1,3,5,11,3,8,5,2,8,1,0,3,2,5,5,8,2,3,2,3,3,2,5,5,1,9,2,2,6,1,1,5,2,3,6,2,2,0,4,5,2,2,6,7,5,5,3,1,1,5,5,5,5,0,5,0,7,5,5,0,3,3,3,0,3,2,1,5,2,2,0,0,0,0,0,2,0,2,2,0,1,0,0,1,0,1,1,2,0,0,0,0,0,0,1,0,0,0,0,0,0,0,0,0,1,0,0,0,0,0,0,2,0,0,0,0,1,0,1,0,1,1,0,0,1,0,1,0,1,1,2,0,0,0,0,0,0,0,0,0,0,0,0,0,0,0,0,0,0,0,0,0,0,0,0,0,0,0,0,0,0,0,0,0,0,0,0,0,0,0,0,0,0,0,0,0,0,0,0,0,0,0,0,0,0,0,0,0,0,0,0,0,0,0,0,0,0,0,0,0,0,0,0,0,0,0,0,0,0,0,0,0,0,0,0,0,0,0,0,0,0,0,0,0,0,0,0,0,0,0,0,0,0,0,0,0,0,0,0,0,0,0,0,0,0,0,0,0,0,0,0,0,0,0
S01M08,4245,2086,1607,1218,945,738,366,502,359,492,393,294,387,241,220,255,257,243,266,226,167,204,178,130,231,200,193,201,212,207,187,135,149,146,157,164,142,131,133,146,157,134,134,71,133,123,127,86,118,145,147,127,80,131,103,123,62,109,116,81,71,108,85,56,84,86,94,35,82,100,74,51,73,60,89,67,71,65,81,71,39,64,65,80,90,50,83,48,59,49,62,54,38,55,38,54,43,43,39,42,52,19,45,45,21,38,57,16,37,25,53,18,29,34,34,38,18,26,30,32,39,37,19,28,17,19,26,27,28,39,31,30,12,24,15,26,13,9,24,12,22,23,23,24,18,18,19,20,14,19,18,21,14,24,18,8,8,13,14,22,14,15,20,19,14,9,18,10,14,19,10,14,16,14,14,9,13,13,7,15,11,7,13,9,6,9,11,9,10,10,14,7,5,11,3,10,4,7,6,9,3,3,7,6,6,6,1,6,4,4,6,6,9,5,11,6,5,3,7,6,6,5,6,6,6,7,6,6,6,6,5,6,1,3,2,1,3,2,4,4,3,2,2,1,9,2,5,3,5,5,4,2,0,4,2,0,3,3,3,4,2,2,4,3,4,1,0,1,5,7,1,0,4,1,2,4,0,0,1,0,3,5,2,0,0,1,0,2,1,0,1,1,0,0,0,0,0,1,2,0,0,2,1,0,0,1,0,1,1,0,0,1,0,1,0,1,0,1,1,1,1,0,0,0,1,1,1,0,0,1,0,0,0,0,1,0,0,0,0,1,0,0,1,0,1,0,0,0,0,0,0,1,1,1,0,0,1,1,0,0,0,0,0,0,1,0,0,0,0,0,0,0,0,0,0,0,0,1,0,1,0,0,0,0,0,0,0,0,0,0,1,0,0,0,0,0,0,0,0,1,0,0,0,0,0,0,0
S01M09,4975,2215,1720,1616,877,851,703,609,481,494,447,463,444,258,298,307,307,290,257,293,286,220,295,298,195,238,219,216,169,219,168,219,177,185,177,153,181,211,179,174,164,149,159,199,136,144,144,121,145,121,139,138,200,145,120,124,178,149,147,91,162,93,112,80,103,111,110,140,117,105,137,147,83,127,93,124,76,109,92,99,70,80,91,73,71,84,73,91,62,84,61,52,71,64,61,60,53,47,69,61,51,59,54,59,60,58,39,59,54,55,43,57,39,35,41,41,57,42,38,37,43,30,51,37,47,43,29,33,29,34,40,36,37,16,36,27,33,29,19,12,24,19,24,28,34,22,29,19,18,17,30,33,16,21,15,26,19,28,29,13,24,14,15,12,18,23,13,29,9,19,14,8,11,16,15,7,13,12,9,13,13,12,11,11,15,14,11,9,11,9,7,10,14,9,13,9,6,8,8,7,6,14,8,8,9,8,13,8,9,29,8,8,10,3,7,8,6,7,8,9,6,7,7,4,3,3,3,3,7,3,8,7,5,7,5,5,9,4,6,6,9,1,5,13,2,8,10,3,10,10,10,4,4,10,6,6,7,2,3,2,3,3,2,3,0,6,6,4,3,2,2,1,5,3,3,4,2,0,1,0,1,1,3,2,0,0,0,0,0,0,1,0,1,1,0,1,1,0,1,1,2,0,0,1,0,1,1,0,0,0,0,0,0,0,0,0,0,0,0,0,1,0,0,0,0,0,0,1,2,0,0,0,0,0,0,0,0,0,0,0,1,1,0,1,0,0,0,1,0,1,1,0,0,0,2,0,0,0,1,0,0,0,0,0,0,1,0,0,0,0,0,1,0,0,0,0,0,0,0,0,0,0,0,0,0,0,0,1,0,0,0,0,0,0,0,0,0,0,0,0,0,0,0,0,0,0,0
S02M01,861,368,267,220,147,100,106,96,85,29,67,53,65,60,31,46,35,35,36,29,28,43,15,17,34,36,36,26,27,36,16,19,51,26,34,20,28,31,25,21,16,20,29,14,20,19,25,28,17,21,27,33,18,26,20,14,14,23,22,22,15,19,27,2,24,20,31,6,23,15,37,11,36,22,15,16,14,20,13,17,14,10,11,15,29,22,12,12,10,8,14,17,11,7,16,14,21,11,8,12,11,2,12,6,12,14,12,0,8,10,8,4,15,11,7,7,1,11,17,8,4,11,15,9,2,12,10,5,17,5,4,12,3,6,22,5,8,11,5,8,3,9,4,3,6,7,3,5,4,5,5,4,4,2,6,4,9,3,4,0,6,3,3,6,3,4,2,4,3,3,13,3,7,3,3,2,4,3,1,1,3,1,3,1,2,4,2,4,2,2,3,2,3,2,0,1,1,2,2,1,7,0,1,1,1,1,6,1,7,1,1,1,1,1,1,3,2,1,0,2,2,2,2,3,3,3,3,3,2,3,2,2,2,0,3,2,1,3,0,1,0,0,2,3,0,3,3,0,3,3,3,1,1,3,4,0,0,0,0,0,0,0,0,1,2,0,0,0,0,1,1,1,0,0,0,0,0,0,2,0,0,0,0,0,0,0,0,0,1,0,0,0,4,0,0,0,0,0,0,0,0,0,0,0,0,0,0,0,0,0,0,0,0,0,0,0,0,0,0,0,0,0,0,0,0,0,0,0,0,0,0,0,0,0,0,0,0,0,0,0,0,0,0,0,0,0,0,0,0,0,0,0,0,0,0,0,0,0,0,0,0,0,0,0,0,0,0,0,0,0,0,0,0,0,0,0,0,0,0,0,0,0,0,0,0,0,0,0,0,0,0,0,0,0,0,0,0,0,0,0,0,0,0,0,0,0,0
S02M02,1764,789,584,533,334,264,379,219,268,139,130,228,162,123,107,82,80,114,101,74,56,91,58,36,80,63,96,71,76,62,87,63,64,71,60,77,69,52,41,68,56,56,45,34,60,53,53,86,33,45,65,98,26,41,69,51,23,35,48,58,26,46,40,38,32,40,60,23,33,44,24,24,51,34,29,30,80,25,43,37,43,61,36,46,50,67,38,32,27,15,27,22,18,25,31,9,18,17,12,13,17,11,17,15,16,16,21,3,17,18,13,7,15,21,12,13,7,15,13,11,12,10,12,13,9,12,11,7,14,9,10,5,3,10,11,9,10,7,9,12,9,5,13,10,4,6,5,17,12,5,3,4,9,8,12,2,6,4,9,53,4,8,8,11,9,5,5,6,7,10,4,7,7,0,6,10,4,6,16,4,4,7,4,5,5,2,5,1,5,5,5,6,3,5,3,4,3,4,4,4,3,4,4,4,4,4,0,4,4,1,4,4,0,2,3,4,5,3,3,5,2,2,2,3,3,3,3,3,2,3,2,2,1,4,3,1,0,3,2,0,3,2,2,3,3,2,0,0,0,0,0,5,0,0,5,0,0,1,0,0,0,0,0,1,1,1,1,3,0,1,0,0,0,1,0,0,2,0,0,0,0,0,0,0,3,0,0,0,0,0,0,0,0,0,0,0,0,0,0,0,0,0,1,0,0,0,0,0,0,1,0,0,0,1,0,0,0,0,0,0,0,0,0,0,0,0,0,0,0,0,0,0,0,0,0,0,0,0,0,0,0,0,0,0,0,0,0,0,0,0,0,0,0,0,0,0,0,0,0,0,0,0,0,0,0,0,0,0,0,0,0,0,0,0,0,0,0,0,0,0,0,0,0,0,0,0,0,0,0,0,0,0,0,0,0,0,0,0,0,0,0,0,0,0,0,0,0
S02M05,2227,984,737,615,403,355,247,285,187,290,191,161,204,98,114,115,104,110,138,121,109,109,97,90,81,102,119,98,76,81,95,73,90,93,100,80,96,66,83,92,88,77,67,42,61,70,70,50,72,78,46,44,59,60,98,61,57,56,63,31,45,39,42,17,63,50,30,54,51,56,46,37,26,36,48,35,43,40,50,30,10,42,41,42,17,30,26,20,28,22,39,24,24,29,25,29,22,20,11,25,23,12,18,17,15,21,17,19,25,17,21,13,15,16,26,22,13,13,14,22,17,20,8,11,6,8,13,16,2,18,13,22,14,11,6,14,10,7,11,15,11,15,13,9,8,6,5,12,7,14,8,8,9,10,9,8,8,4,3,3,11,3,6,5,8,4,5,1,11,2,4,5,2,3,5,8,8,5,9,7,7,3,5,8,4,0,6,10,5,5,3,8,8,5,5,4,2,3,3,2,5,5,3,3,3,3,0,3,1,1,3,3,5,2,4,3,5,4,3,2,4,2,2,2,2,2,2,2,2,2,2,2,3,5,1,3,0,1,1,4,6,1,1,4,0,2,0,1,0,0,0,1,1,0,0,0,2,0,0,1,3,3,1,3,1,0,0,0,0,1,0,0,0,0,1,0,0,2,0,0,0,1,1,0,0,0,0,0,0,0,0,0,0,0,0,1,0,0,0,0,0,0,1,1,0,0,0,0,0,0,0,0,0,0,0,0,0,0,0,0,0,0,0,0,0,0,0,0,0,0,0,0,0,0,0,0,0,0,1,0,0,0,0,0,0,0,0,0,0,0,0,0,0,0,0,0,0,0,0,0,0,0,0,0,0,0,0,0,0,0,0,0,0,0,0,0,0,0,0,0,0,0,0,0,0,0,0,0,0,0,0,0,0,0,0,0,0,0,0,0,0,0,0,0,0,0,0
S02M06,1625,724,561,640,318,290,328,175,196,133,125,285,129,77,104,93,116,82,83,89,109,82,107,111,70,61,62,59,67,68,81,101,72,55,49,52,49,60,58,44,50,41,60,78,59,41,41,89,59,41,33,18,72,41,51,38,65,31,40,49,50,46,25,70,49,41,23,83,41,28,25,51,35,41,26,35,20,23,23,17,18,29,29,23,14,21,40,43,17,29,20,13,21,13,27,29,28,21,38,19,20,45,13,11,19,14,12,31,16,6,12,17,27,15,8,13,27,28,9,21,12,19,19,12,23,21,14,6,3,12,9,13,15,16,0,8,3,19,13,15,13,16,9,8,9,1,15,3,9,16,9,6,6,4,4,6,17,14,8,12,3,4,5,7,9,2,8,2,8,4,2,3,3,2,2,9,4,4,12,4,3,8,3,2,7,3,4,9,3,3,4,3,4,3,6,7,5,7,7,4,0,5,7,7,7,7,0,7,1,3,7,7,0,10,5,9,2,4,0,3,6,1,1,3,3,3,3,3,0,3,1,0,0,0,0,0,1,0,2,3,0,1,1,0,1,0,0,1,0,0,0,0,2,0,0,0,1,3,0,1,0,0,2,0,0,0,1,1,1,0,0,0,0,0,0,0,1,2,0,1,0,0,0,1,0,0,0,0,0,0,0,0,0,0,0,0,0,0,0,0,0,0,0,0,0,0,0,0,0,0,0,0,0,0,0,0,0,0,0,0,0,0,0,0,0,0,0,0,0,0,0,0,0,0,0,0,0,0,0,0,0,0,0,0,0,0,0,0,0,0,0,0,0,0,0,0,0,0,0,0,0,0,0,0,0,0,0,0,0,0,0,0,0,0,0,0,0,0,0,0,0,0,0,0,0,0,0,0,0,0,0,0,0,0,0,0,0,0,0,0,0,0,0,0,0,0,0
S02M07,1972,972,763,605,450,345,204,220,150,218,199,159,171,115,114,122,134,119,121,124,97,103,102,93,109,85,97,93,93,92,62,77,57,67,77,70,72,63,60,70,62,58,58,66,63,58,64,51,71,56,60,52,50,55,21,51,54,69,64,26,47,57,47,21,31,45,48,36,48,49,46,40,24,34,39,36,28,36,45,37,14,31,38,29,38,25,42,33,31,17,31,19,26,29,17,15,26,21,25,28,23,21,21,26,19,16,25,17,21,15,22,21,16,13,19,18,16,14,5,12,16,6,20,9,15,18,11,17,20,17,13,7,7,6,8,12,11,11,12,8,3,5,9,9,10,7,8,7,9,5,9,8,5,7,8,6,10,5,11,6,6,11,4,4,6,6,11,11,5,7,0,4,3,6,8,7,2,1,3,5,2,2,1,3,3,4,4,3,6,6,4,5,2,6,2,2,0,4,2,6,5,2,3,2,2,2,0,2,3,1,2,2,6,1,4,2,3,3,5,2,1,0,2,1,1,1,1,1,3,1,0,3,2,2,1,2,3,1,3,0,2,3,2,1,2,0,2,1,2,2,2,1,1,2,0,3,4,3,3,1,0,0,1,3,0,0,0,1,1,0,3,1,1,0,4,0,0,0,1,2,2,0,1,1,0,3,0,0,1,0,0,2,1,0,0,0,2,0,0,0,0,0,0,0,0,0,0,0,0,0,1,0,0,0,0,0,0,0,0,0,0,0,0,0,0,0,0,0,0,0,0,1,0,0,0,0,0,0,0,0,0,0,0,0,0,1,0,0,0,0,0,0,0,0,0,1,0,0,0,0,0,0,0,0,0,0,1,0,0,0,0,0,0,0,0,0,0,0,0,0,0,0,0,0,0,0,0,0,0,0,0,0,0,0,0,0,0,0,0,0,0,0,0,0,0,0,0
S02M08,3682,1724,1349,1172,782,607,498,391,270,353,360,402,339,198,214,218,226,219,220,188,193,163,183,193,186,165,157,141,162,178,137,159,135,122,157,122,111,117,119,115,129,102,131,116,116,112,126,101,132,86,107,69,119,95,69,97,113,101,96,50,111,98,89,53,70,67,98,116,86,86,75,89,35,59,82,73,33,66,70,78,16,55,78,65,57,35,63,63,60,47,62,44,60,45,48,44,39,36,41,56,46,68,36,51,37,31,37,45,32,33,33,40,24,26,33,31,40,25,13,22,29,18,21,26,30,22,21,32,14,23,21,31,25,14,11,28,20,19,19,23,18,12,20,17,16,8,17,9,13,12,16,18,12,15,14,15,13,14,14,8,14,10,9,7,20,12,17,9,12,19,3,5,7,10,11,13,9,6,9,13,9,5,6,9,6,6,11,7,7,8,7,10,5,7,13,5,1,5,5,10,1,11,5,5,5,5,0,5,9,9,6,5,5,12,7,3,6,0,3,3,3,7,6,4,5,4,4,4,1,4,6,1,2,0,4,3,2,4,12,1,0,1,8,1,1,1,3,1,3,3,3,0,2,3,3,7,3,3,4,6,2,2,4,0,0,3,0,1,3,0,3,0,1,0,0,3,3,1,0,1,0,1,0,1,0,0,0,1,0,0,1,1,0,0,1,0,0,1,0,0,0,0,0,0,0,0,1,1,0,0,1,2,1,0,0,0,1,0,1,0,0,0,0,1,0,0,0,0,0,1,0,0,0,0,0,1,0,0,0,0,1,1,0,0,0,1,0,0,0,0,0,0,0,1,0,0,0,1,0,1,1,0,0,0,0,0,0,0,0,0,0,0,1,0,0,0,0,0,0,0,1,1,0,0,0,0,0,0,0,0,0,0,0,1,0,0,0,0,0,0,0,0,0,0,0,0,0
S02M09,1826,857,701,679,351,325,214,237,209,171,154,151,150,112,128,107,121,116,82,112,124,72,124,147,82,93,71,87,76,77,56,121,74,57,60,64,56,77,60,56,53,46,66,106,53,58,50,62,64,66,62,71,94,54,1,35,89,58,45,34,83,39,39,55,43,40,49,76,45,58,30,67,40,56,40,47,14,41,43,32,29,24,43,24,27,29,27,50,26,30,28,26,35,20,20,18,18,20,34,26,27,31,27,24,25,16,22,40,17,12,22,33,14,17,17,12,31,17,14,10,22,7,18,13,23,17,8,13,10,19,17,7,21,6,1,12,4,10,14,13,9,4,6,13,12,2,13,11,5,4,13,13,4,6,15,13,10,9,9,16,3,10,7,8,7,4,8,10,6,5,6,3,5,2,7,7,3,3,3,8,2,6,1,7,3,4,4,2,3,3,4,3,20,3,11,2,4,2,2,4,3,10,2,2,2,2,0,2,3,13,2,2,3,1,2,5,4,2,8,3,15,4,4,0,0,0,0,0,2,0,4,2,1,2,0,1,5,0,3,2,2,1,1,5,0,0,3,2,3,3,3,0,1,3,4,7,1,2,7,3,0,0,3,7,0,2,3,1,2,0,0,0,3,2,1,3,2,0,0,3,2,0,1,1,0,0,0,0,0,1,2,0,0,0,1,0,0,0,0,0,1,0,0,0,0,0,0,0,0,0,0,0,0,0,0,0,0,0,0,0,0,0,0,0,1,0,1,0,0,1,1,0,0,0,0,0,0,1,0,0,0,0,0,0,0,0,0,0,0,0,0,0,0,0,0,0,0,0,0,0,0,0,0,0,0,0,0,0,0,0,1,0,0,0,0,0,0,0,0,0,0,0,0,0,0,0,0,0,0,0,0,0,0,0,0,0,0,0,0,0,0,0,0,0,0,0,0
S02M10,970,449,334,253,183,144,122,102,134,76,65,71,71,68,43,51,44,52,49,35,47,44,30,29,46,38,38,31,43,35,36,25,62,36,28,41,33,35,36,27,27,30,32,20,26,25,22,25,20,28,31,42,21,25,29,32,17,22,19,40,11,27,28,34,27,33,23,6,25,25,38,12,40,30,17,19,15,20,11,25,36,18,13,14,10,22,15,11,11,11,12,21,19,13,8,7,16,13,12,14,9,10,13,10,9,6,12,4,6,13,7,5,13,8,5,7,4,14,16,2,9,7,15,6,3,15,9,8,5,7,8,12,4,7,1,4,8,13,4,4,4,2,4,6,2,0,3,5,2,1,2,5,9,8,4,4,10,2,4,1,6,3,4,8,2,6,5,3,2,5,8,2,5,9,4,3,3,4,0,2,2,3,4,1,1,7,2,0,1,2,1,1,0,1,1,2,5,1,1,2,6,1,1,1,1,0,19,0,0,1,0,0,0,1,2,0,4,4,1,2,2,2,1,0,0,0,1,1,2,1,1,2,2,2,1,2,0,0,0,0,2,0,0,0,1,1,1,1,1,1,1,1,1,1,0,0,2,0,0,4,2,2,3,0,1,0,1,1,0,4,0,1,0,3,0,0,1,1,0,0,0,1,0,0,0,0,1,0,1,0,1,0,0,0,0,0,0,0,0,0,0,1,1,1,0,0,1,0,0,1,0,0,0,0,0,0,0,0,1,0,0,0,1,1,0,0,0,1,1,0,0,0,0,0,0,1,0,0,0,0,0,0,0,1,0,0,1,0,1,0,0,0,0,0,0,0,1,0,0,1,1,1,0,0,0,0,0,2,1,1,0,0,0,0,0,0,0,0,0,0,0,0,0,0,0,0,0,0,0,0,0,0,1,0,0,0,0,0,0,0,0,0,0,0,0,0,0
S02M12,1070,458,333,272,188,176,89,128,80,140,107,69,107,82,67,53,45,60,78,64,56,48,42,39,34,47,64,62,46,31,63,43,34,46,39,26,52,22,36,49,42,39,31,20,28,34,32,17,28,29,31,28,13,17,38,27,16,19,28,58,21,15,31,5,19,37,29,11,23,37,17,13,26,12,28,17,25,12,22,25,4,29,10,27,18,24,11,4,21,14,16,16,15,14,5,13,10,15,9,9,12,3,8,10,3,6,11,8,10,16,9,3,9,7,7,13,6,4,9,10,7,9,2,7,3,2,7,5,6,9,9,1,7,7,14,6,10,1,5,2,6,7,7,5,5,5,3,5,1,6,3,3,8,2,4,1,1,2,1,3,2,2,5,3,5,5,2,1,1,3,3,9,5,2,2,1,2,5,5,6,1,4,6,1,2,0,5,4,2,4,5,1,0,1,1,1,3,1,1,1,0,1,2,2,2,2,1,2,2,0,2,2,0,1,1,0,1,2,0,1,0,4,2,3,4,4,3,3,2,3,2,2,1,0,1,0,0,1,0,3,0,2,0,0,1,2,1,1,1,0,1,0,0,1,1,1,1,0,1,0,0,0,0,0,1,1,0,1,0,1,1,0,1,1,0,0,1,1,1,0,0,0,1,0,1,1,2,3,2,0,2,1,0,2,0,0,1,2,0,0,0,0,0,1,1,1,1,1,1,1,2,1,1,1,0,1,1,1,1,0,0,3,2,1,1,1,1,0,1,2,0,1,1,0,1,1,2,1,0,1,1,1,0,1,1,0,0,0,1,0,0,1,1,1,1,0,0,1,1,2,0,0,1,0,0,0,0,0,0,0,1,0,0,1,1,0,1,0,1,0,1,1,1,0,0,0,0,0,1,1,0,1,0,0,1,1,0,1,0,0,0,0,0,0,0,0,0
S03M01,1433,655,516,485,281,243,200,149,121,73,94,177,104,78,88,80,80,76,79,73,95,67,72,70,73,57,54,63,56,60,39,75,42,52,42,63,40,50,65,36,30,40,46,53,53,37,35,39,37,38,34,39,46,40,50,31,43,40,31,26,35,40,33,1,47,43,32,51,30,22,15,33,41,27,18,28,27,24,27,21,7,20,29,27,36,24,28,43,21,24,17,22,29,17,29,17,18,9,23,25,15,21,10,8,17,13,8,14,11,12,10,14,12,23,10,5,11,14,26,4,13,8,13,22,18,15,6,8,25,5,11,7,13,4,21,12,8,11,6,9,3,4,7,10,3,14,10,10,16,3,3,7,10,7,6,8,9,9,6,5,6,13,7,5,5,5,5,4,8,3,17,5,2,4,3,6,4,6,0,2,4,3,4,3,0,4,3,3,2,2,3,3,3,2,3,0,2,0,0,3,0,3,0,0,0,0,2,0,3,3,0,0,1,3,3,6,0,4,1,2,3,1,1,2,2,2,2,2,0,2,1,0,2,1,2,2,3,2,1,1,2,0,1,2,4,1,0,2,0,0,0,0,0,0,0,0,1,1,1,0,1,1,0,2,0,0,0,0,1,0,0,1,0,1,1,0,2,2,0,1,0,0,1,1,0,0,0,1,0,0,0,0,0,0,0,0,0,0,1,0,1,1,0,0,0,0,0,0,0,0,0,0,0,0,0,1,0,0,0,0,1,0,0,0,0,0,0,0,0,0,0,0,0,0,0,0,0,0,0,0,0,0,0,0,0,0,0,0,0,0,0,0,0,0,0,0,0,0,0,0,0,0,0,0,0,0,0,0,0,0,0,0,0,0,0,0,0,0,0,0,0,0,0,0,0,0,0,0,0,0,0,0,0,0,0,0,0,0,1,0,0,0,0,0,0,0,0
S03M02,969,445,331,286,191,159,108,108,103,69,82,80,79,51,63,50,56,52,71,45,43,49,39,32,44,33,55,37,38,45,34,40,44,36,41,39,41,23,30,42,27,28,26,26,33,31,24,34,30,23,29,30,15,21,37,28,18,26,29,19,14,26,16,6,23,26,17,19,14,22,16,17,19,15,21,14,27,16,19,16,12,20,19,24,17,11,21,11,12,15,15,13,11,9,9,13,8,8,13,11,7,13,10,11,8,7,11,9,12,9,9,3,8,10,7,10,4,7,6,10,6,13,6,11,2,5,4,6,16,6,4,8,5,2,7,4,5,3,5,6,4,7,3,4,2,8,6,3,3,7,2,2,6,4,5,2,3,4,2,4,3,7,6,4,3,4,3,2,3,3,1,3,4,1,2,3,2,4,3,1,2,5,4,3,4,3,2,4,3,3,3,3,1,3,1,3,1,3,5,2,2,1,3,3,3,3,0,3,1,0,3,3,1,2,3,1,2,2,2,1,0,0,0,1,1,1,1,1,1,1,0,1,1,0,0,1,0,0,1,1,0,1,0,0,3,0,1,1,1,1,1,1,1,1,3,0,1,0,0,0,0,0,0,2,0,1,0,2,0,0,0,2,1,1,0,0,1,0,0,6,0,0,0,0,0,0,0,0,2,2,0,0,0,1,0,1,0,0,0,0,0,0,1,1,0,0,0,0,0,0,0,0,0,0,0,0,0,0,0,0,0,0,0,0,0,0,0,0,0,0,0,0,0,0,0,0,0,0,0,0,0,0,0,0,0,0,0,0,0,0,0,0,0,0,0,0,0,0,0,0,0,0,0,0,0,0,0,0,0,0,0,0,0,0,0,0,0,0,0,0,0,0,0,0,0,0,0,0,0,0,0,0,0,0,0,0,0,0,0,0,0,0,0,0,0,0,0
S03M05,1550,743,540,407,328,211,164,180,185,175,134,135,129,103,75,82,72,91,97,67,38,75,43,30,76,60,72,73,80,57,92,36,49,60,53,53,60,55,32,55,52,52,42,31,49,57,45,43,44,44,48,55,22,46,58,35,22,40,45,66,23,37,29,62,20,40,39,11,25,40,31,16,33,31,28,21,46,26,37,26,34,47,23,38,30,25,28,27,26,16,22,17,11,21,16,9,16,20,6,12,13,10,17,11,18,14,18,5,16,11,15,5,12,8,8,15,2,8,10,11,13,14,13,8,5,13,12,9,24,18,8,9,6,11,20,8,8,5,8,6,6,8,11,6,3,20,3,8,7,7,3,4,6,5,6,4,3,1,11,5,2,12,8,8,6,4,9,10,1,6,2,15,7,2,3,2,2,6,9,2,3,4,5,2,4,2,4,4,4,4,6,3,3,4,5,3,5,3,5,4,2,2,4,3,3,3,0,3,4,3,3,3,2,3,5,3,3,4,2,2,1,3,2,4,5,4,4,4,2,4,2,2,3,1,3,1,3,3,0,1,0,3,0,1,2,2,0,2,0,0,0,3,0,0,4,0,2,0,0,0,0,0,0,1,0,2,0,2,0,0,0,0,0,0,0,0,1,0,0,0,1,0,0,0,0,0,0,0,3,0,0,0,0,1,1,1,1,1,0,0,0,0,0,1,0,0,1,0,0,0,0,0,1,1,0,1,1,0,0,0,0,0,0,0,0,0,0,0,0,0,0,1,0,1,0,0,0,0,0,0,0,0,0,0,0,1,0,0,0,0,0,0,0,0,0,0,0,0,0,0,0,0,0,0,0,0,0,0,0,0,0,0,0,0,0,0,0,0,0,0,0,0,0,0,0,0,0,0,0,0,0,0,0,0,0,0,1,0,0,0,0,0,0,0,0,0,0
S03M06,1049,469,342,283,172,179,70,129,81,109,89,55,104,81,63,58,57,64,65,56,38,43,38,40,32,54,51,55,35,37,37,26,33,57,43,43,46,36,33,41,31,39,40,20,24,26,32,12,23,24,34,37,39,21,45,32,26,24,34,18,19,12,30,10,24,17,18,14,25,20,16,12,13,12,20,15,26,12,19,24,8,14,26,20,16,15,5,13,12,14,14,15,6,12,11,8,10,8,4,6,11,4,10,10,6,14,10,5,12,15,11,4,7,11,13,9,3,4,11,5,6,6,2,6,9,2,9,9,11,5,5,7,3,4,8,5,11,0,2,1,5,1,4,4,3,13,3,9,4,1,3,3,5,8,5,4,0,6,2,3,6,3,6,4,3,6,1,2,2,1,4,4,7,7,1,1,3,5,2,2,3,1,5,6,2,1,3,0,3,3,3,1,2,3,1,1,0,1,1,1,3,1,1,1,1,1,1,1,1,1,1,1,5,0,0,0,0,2,2,1,0,2,2,2,2,2,2,2,3,2,2,3,1,1,1,1,0,1,2,2,1,2,0,1,3,1,0,1,0,0,0,2,1,0,2,0,1,0,0,0,2,2,0,1,0,0,0,0,0,0,2,1,0,0,0,0,0,0,1,0,0,0,0,0,0,0,2,1,0,1,0,0,0,0,1,0,0,0,1,0,0,1,0,0,0,0,0,0,0,0,0,0,0,0,0,0,0,0,0,0,0,0,0,0,0,0,0,0,0,0,0,0,0,0,0,0,0,0,0,0,0,0,0,0,0,0,0,0,0,0,0,0,0,0,0,0,0,0,0,0,0,0,0,0,0,0,0,0,0,0,0,0,0,0,0,0,0,0,0,0,0,0,0,0,0,0,0,0,0,0,0,0,0,0,0,0,0,0,0,0,0,0,0,0,0,0,0
S03M07,342,142,109,99,60,46,38,43,69,19,39,21,24,11,22,20,13,15,20,16,9,20,14,11,13,16,20,19,13,11,31,9,15,14,14,6,13,6,6,10,11,12,12,7,11,12,7,21,8,10,4,12,6,8,6,7,9,10,8,23,4,6,9,36,12,6,5,15,10,9,8,3,17,3,7,5,5,5,10,7,25,6,3,9,2,8,4,13,8,8,4,5,2,6,0,5,4,5,4,1,4,1,6,2,1,1,3,4,4,6,2,1,4,5,2,3,3,4,3,0,1,2,2,5,2,2,3,2,2,0,2,0,4,3,0,1,4,2,2,3,1,0,0,2,1,0,3,1,0,0,1,0,1,1,2,0,3,2,0,0,1,3,3,1,3,2,2,0,5,0,0,0,0,1,1,1,1,2,0,1,1,0,2,1,0,0,1,0,0,0,1,0,8,0,1,0,2,0,0,0,0,0,0,0,0,0,0,0,0,1,0,0,1,2,0,0,0,1,1,1,2,0,0,0,0,0,0,0,1,0,0,1,1,1,0,1,0,0,0,0,1,0,0,1,0,0,0,0,0,0,0,2,1,0,0,0,0,0,0,0,0,0,0,0,0,0,1,0,0,0,0,0,0,0,0,0,0,0,0,0,0,0,0,0,0,0,0,0,0,0,0,0,0,0,0,0,0,0,0,0,0,0,0,0,0,0,0,0,0,0,0,0,0,0,0,0,0,0,0,0,0,0,0,0,0,0,0,0,0,0,0,0,0,0,0,0,0,0,0,0,0,0,0,0,0,0,0,0,0,0,0,0,0,0,0,0,0,0,0,0,0,0,0,0,0,0,0,0,0,0,0,0,0,0,0,0,0,0,0,0,0,0,0,0,0,0,0,0,0,0,0,0,0,0,0,0,0,0,0,0,0,0,0,0,0,0,0
S03M08,255,121,75,76,41,41,20,27,27,36,18,11,23,18,10,16,17,12,16,12,16,13,11,14,11,7,14,8,6,8,10,7,24,13,16,11,10,7,12,9,8,9,10,8,4,10,4,4,5,11,8,6,11,8,6,3,5,6,4,2,5,3,8,0,5,4,5,6,3,7,6,2,3,1,4,3,5,7,6,4,1,5,6,4,1,1,0,4,1,4,7,2,3,3,1,3,1,2,2,3,4,3,3,1,2,2,4,2,0,1,3,3,1,2,2,4,3,2,3,2,1,1,0,1,3,0,1,2,0,1,2,3,2,3,2,6,1,0,0,3,2,1,0,1,1,1,1,2,0,1,1,2,0,1,2,1,0,1,0,5,2,0,0,1,0,3,0,0,1,1,2,0,0,0,0,2,1,0,2,2,1,1,0,0,1,3,0,0,1,1,0,1,1,1,1,1,0,1,1,0,0,1,1,1,1,1,0,1,0,0,1,1,1,0,1,0,0,0,0,0,0,1,1,0,0,0,0,0,0,0,1,0,0,0,0,0,1,0,1,0,0,0,0,0,1,1,1,0,1,1,1,0,0,1,0,0,0,0,0,0,0,0,0,0,0,0,0,1,0,0,0,0,0,0,0,1,0,0,0,0,0,0,0,0,0,0,0,0,0,0,0,0,0,0,0,0,0,0,0,0,0,0,0,0,0,0,0,0,0,0,0,0,0,0,0,0,0,0,0,0,0,0,0,0,0,0,0,0,0,0,0,0,0,0,0,0,0,0,0,0,0,0,0,0,0,0,0,0,0,0,0,0,0,0,0,0,0,0,0,0,0,0,0,0,0,0,0,0,0,0,0,0,0,0,0,0,0,0,0,0,0,0,0,0,0,0,0,0,0,0,0,0,0,0,0,0,0,0,0,0,0,0,0,0,0,0,0
S03M09,735,363,262,200,141,119,46,88,37,97,62,40,70,49,37,41,31,45,44,38,27,45,27,25,31,32,39,40,30,20,27,19,20,20,33,24,30,27,24,29,27,27,17,9,22,20,26,13,21,21,24,28,20,16,24,24,15,15,23,12,17,16,19,3,10,15,21,10,15,15,15,10,6,6,14,8,16,16,15,18,4,18,6,17,6,10,10,1,10,10,12,12,8,9,6,3,7,7,3,5,8,3,8,4,3,9,8,5,7,13,8,3,3,6,6,9,3,3,8,5,6,6,0,4,0,0,6,5,6,7,5,4,3,3,4,5,8,0,2,0,3,1,5,3,1,7,2,4,3,1,1,3,5,4,3,3,0,2,0,1,3,1,6,3,2,4,2,0,0,2,1,5,4,2,2,0,1,5,1,1,1,1,5,2,3,1,2,0,2,2,3,2,0,2,1,1,0,1,1,2,4,1,1,1,1,1,1,1,4,0,1,1,2,1,1,0,2,1,0,0,0,1,1,2,2,2,2,2,0,2,1,0,3,1,1,2,0,1,1,1,1,0,0,2,1,0,0,0,0,0,0,2,0,0,0,0,0,0,0,0,1,1,0,0,0,0,0,1,0,0,0,0,0,0,0,0,0,0,0,0,0,0,0,0,0,0,0,0,0,0,0,0,0,0,0,0,0,0,0,0,0,0,0,0,0,0,0,0,0,0,0,0,0,0,0,0,0,0,0,0,0,0,0,0,0,0,0,0,0,0,0,0,0,0,0,0,0,0,0,0,0,0,0,0,0,0,0,0,0,0,0,0,0,0,0,0,0,0,0,0,0,0,0,0,0,0,0,0,0,0,0,0,0,0,0,0,0,0,0,0,0,0,0,0,0,0,0,0,0,0,0,0,0,0,0,0,0,0,0,0,0,0,0,0,0,0,0
S03M10,1203,594,445,350,226,227,124,143,126,80,106,86,106,75,81,70,50,81,82,75,76,59,54,53,47,60,69,73,50,39,72,50,47,35,51,60,57,31,59,50,44,55,40,34,32,46,40,21,33,33,30,45,29,30,48,46,26,28,29,47,30,17,32,34,23,43,21,19,30,39,14,19,25,19,35,19,28,21,22,25,19,26,11,30,10,24,11,8,22,24,17,21,16,17,11,12,10,21,13,15,13,5,9,9,8,9,14,12,12,16,17,9,8,11,16,15,10,6,16,10,9,12,2,8,5,2,12,9,2,5,7,5,5,14,5,8,7,0,7,0,6,5,7,11,6,5,6,7,5,4,6,5,8,10,6,6,0,5,2,4,10,1,8,7,6,2,0,3,0,5,3,3,6,3,4,0,2,7,5,7,2,5,5,4,1,1,3,3,2,3,5,4,0,2,2,2,6,1,1,1,6,2,1,2,1,1,0,1,2,1,1,1,2,0,1,0,3,2,5,3,0,3,2,3,3,3,3,3,4,3,2,4,2,3,3,2,1,2,1,1,2,0,0,0,0,1,0,1,0,0,0,2,0,0,0,0,1,0,0,3,1,1,0,0,0,1,1,1,0,2,0,2,0,2,0,0,2,1,0,0,0,1,0,0,1,0,0,0,0,2,0,0,0,1,0,0,0,0,0,0,0,0,0,0,0,0,0,0,0,0,1,0,1,0,2,0,0,0,0,1,0,0,0,0,0,0,0,0,0,0,0,0,0,0,0,0,0,0,0,0,0,0,0,0,0,0,0,0,0,0,0,0,0,0,0,0,0,0,0,0,0,0,0,0,0,0,1,0,0,0,0,0,0,0,0,1,0,0,0,0,0,0,0,0,0,0,0,0,0,0,0,0,0,0,0,0,0,0,0,0,0,0,0,0,0,0,0
S03M12,347,183,133,114,80,69,26,30,37,20,18,17,22,25,22,24,30,23,22,16,13,19,10,9,20,17,8,15,17,22,29,8,9,15,0,20,9,17,9,6,9,13,12,5,14,11,6,8,9,6,13,15,10,10,13,13,6,10,12,13,6,10,11,2,7,8,12,3,4,7,0,5,14,5,7,6,11,7,6,8,9,2,7,6,10,10,4,6,3,5,0,10,4,4,6,3,3,5,5,2,5,2,7,4,3,6,3,0,3,2,2,2,2,2,0,2,1,3,2,2,3,2,0,4,1,0,4,2,8,2,3,1,2,2,2,1,1,0,2,6,2,1,1,2,3,5,1,2,1,1,3,2,3,3,1,2,0,1,1,2,1,3,1,1,1,0,2,0,6,3,0,2,1,3,3,4,0,1,0,0,0,1,1,0,1,2,1,0,0,0,1,0,0,0,1,1,0,1,1,1,1,1,1,1,1,1,0,1,1,0,1,1,3,0,0,0,0,0,0,0,0,0,0,1,1,1,1,1,0,1,0,0,0,0,0,0,2,0,0,0,0,0,1,0,4,1,0,1,0,0,0,0,0,0,0,0,1,0,0,0,0,0,0,2,0,1,0,0,1,0,0,0,0,0,0,0,0,0,0,0,0,0,0,0,0,0,0,0,0,0,0,0,0,1,0,0,0,0,0,0,0,0,0,0,0,0,0,0,0,0,0,1,0,0,0,0,0,0,0,1,0,0,0,0,0,0,0,0,0,1,0,0,0,0,0,0,0,0,0,0,0,0,0,0,0,0,0,0,0,0,0,0,0,0,0,0,0,0,0,0,0,0,0,0,0,0,0,0,0,0,0,0,0,0,0,0,0,0,0,0,0,0,0,0,0,0,0,0,0,0,0,0,0,0,0,0,0,0,0,0,0,0,0,0,0,0,0
S04M01,358,147,105,83,55,58,30,35,29,26,40,35,34,27,23,20,13,18,27,22,21,13,15,15,6,18,19,21,19,11,39,15,13,18,14,10,16,9,14,13,16,13,9,8,9,12,10,2,10,7,8,3,6,3,16,10,7,6,8,26,8,3,12,1,7,14,5,4,9,11,8,4,12,3,6,7,9,4,5,3,1,10,2,10,2,11,3,1,5,5,5,4,3,5,2,7,3,6,3,2,5,2,2,3,1,2,2,3,4,2,2,1,2,1,3,4,2,1,3,4,2,4,0,2,1,0,3,1,0,2,2,0,4,5,0,3,0,0,3,1,2,3,2,2,1,0,1,2,1,3,1,1,1,1,1,0,0,1,0,2,1,0,1,0,2,0,0,0,0,0,1,1,1,1,1,0,1,1,2,2,1,0,1,0,0,2,1,3,0,0,1,1,0,0,0,0,0,0,0,0,0,0,0,0,0,0,0,0,0,0,0,0,0,0,0,0,0,1,0,1,0,1,1,1,1,1,1,1,1,1,1,1,0,1,0,0,0,0,0,0,0,1,0,0,0,0,0,1,0,0,0,0,0,0,0,1,1,0,0,0,0,0,0,0,0,0,1,0,0,0,1,1,0,0,0,0,0,0,1,0,0,0,0,0,0,0,0,0,0,0,0,0,0,0,0,0,0,0,0,0,0,0,0,0,0,0,0,0,0,0,0,0,0,0,0,0,0,0,0,0,0,0,0,0,0,0,0,0,0,0,0,0,0,0,0,0,0,0,0,0,0,0,0,0,0,0,0,0,0,0,0,0,0,0,0,0,0,0,0,0,0,0,0,0,0,0,0,0,0,0,0,0,0,0,0,0,0,0,0,0,0,0,0,0,0,0,0,0,0,0,0,0,0,0,0,0,0,0,0,0,0,0,0,0,0,0,0
S04M05,3433,1649,1256,976,713,559,293,411,246,368,308,200,325,191,188,177,188,187,197,184,168,164,146,148,168,148,169,165,156,114,129,134,103,142,128,120,130,105,109,118,117,106,94,89,101,96,109,93,106,96,109,91,82,97,104,95,82,99,100,63,84,93,79,46,61,74,63,71,64,73,57,56,33,49,66,46,68,60,66,65,18,83,59,69,88,46,60,38,51,35,47,47,39,38,53,30,32,32,29,40,42,31,40,37,26,34,37,35,39,38,33,33,23,32,32,33,27,19,25,23,29,23,12,23,35,11,18,24,50,28,24,23,13,14,51,20,26,10,14,16,17,13,17,11,12,38,11,25,15,12,11,14,17,17,14,13,6,8,5,11,14,31,14,13,9,14,9,5,13,10,6,23,13,10,7,11,11,9,6,3,10,9,9,12,11,11,8,5,9,9,9,9,5,9,7,8,1,9,9,8,4,6,8,8,8,8,0,8,18,8,8,8,5,2,3,2,6,3,4,2,1,4,4,5,5,5,5,5,4,5,4,4,5,3,14,3,2,13,2,5,3,0,1,3,2,3,2,3,2,2,2,4,2,2,1,3,1,0,1,1,3,3,1,0,1,2,0,2,0,0,0,0,1,1,2,1,0,1,0,0,0,1,1,3,0,1,0,0,1,0,1,1,0,1,0,0,0,0,0,1,0,0,0,0,0,0,0,0,0,0,0,0,0,1,0,0,0,0,0,0,0,1,0,0,0,1,0,0,0,0,0,0,0,1,1,0,1,0,0,1,0,0,0,0,0,0,0,0,0,0,0,0,0,0,0,0,0,0,0,0,0,0,1,0,0,0,0,0,0,0,0,0,0,0,1,0,0,0,0,0,0,0,0,0,0,0,0,0,0,0,0,0,0,0,0,0,0,0,0,0,1,0,0,0,0,0,0
S04M06,3036,1451,1080,857,604,526,193,359,223,200,260,130,297,176,166,194,135,187,170,163,144,175,135,135,121,151,146,148,136,107,95,96,113,131,139,109,111,109,118,108,99,110,90,64,88,74,105,71,76,82,85,84,66,56,111,103,63,81,93,54,63,66,74,44,61,45,61,51,77,66,63,42,30,56,64,48,74,50,66,61,68,55,39,52,31,37,35,12,51,53,46,42,26,38,28,29,28,31,17,19,38,17,30,22,20,36,26,26,39,39,35,19,17,31,39,39,22,15,31,28,22,28,5,21,9,4,26,19,5,10,18,25,16,16,28,22,25,2,14,7,18,10,17,15,8,25,12,16,14,10,8,15,16,18,9,15,1,16,3,2,19,0,17,8,8,15,5,3,4,8,5,10,6,10,8,4,10,17,9,11,11,12,16,8,12,7,8,1,8,8,5,9,1,8,7,9,3,9,9,3,6,9,9,9,9,9,0,9,9,0,9,9,11,0,0,0,8,7,6,0,0,4,4,4,4,4,4,4,3,4,4,3,7,7,9,5,2,9,7,5,7,4,1,7,0,1,1,0,1,1,1,4,2,1,2,0,0,1,0,0,6,6,0,2,0,2,0,0,1,0,0,0,0,2,0,0,1,0,0,0,1,0,0,0,3,0,0,0,0,0,0,0,0,0,0,0,0,0,0,0,0,0,0,0,2,0,0,0,1,0,0,0,0,0,0,0,0,0,0,0,1,0,0,0,0,0,0,0,0,0,0,0,0,0,0,0,0,0,0,0,0,0,0,0,0,0,0,0,0,0,0,0,0,0,0,0,0,0,0,0,0,0,0,0,0,0,0,0,0,0,0,0,0,0,0,0,0,0,0,0,0,0,0,0,0,0,0,0,0,0,0,0,0,0,0,0,0,0,0,0,0,0,0,0,0,0,0
S04M07,1699,832,626,493,376,291,207,216,142,186,139,149,161,91,97,108,88,101,106,90,72,86,71,71,85,78,81,87,81,69,78,58,50,72,67,61,68,48,50,59,58,50,60,46,50,53,54,49,51,51,44,47,50,46,49,45,42,51,51,46,40,40,33,42,42,34,34,30,46,35,25,25,23,29,35,37,25,32,29,26,21,30,31,28,13,23,31,16,23,25,27,22,21,31,17,19,21,17,16,20,23,17,18,12,16,21,21,13,18,11,19,12,15,13,18,16,15,14,8,14,18,10,9,13,6,9,11,11,4,14,15,12,13,8,6,12,4,7,8,6,9,6,8,9,8,5,8,8,4,6,8,10,7,8,6,9,7,7,5,10,7,3,5,6,8,2,6,2,5,6,2,6,7,2,4,2,8,4,3,7,8,3,4,4,5,5,4,3,6,5,5,6,2,5,6,3,1,3,3,5,1,6,3,3,3,3,0,3,4,2,3,3,5,2,6,1,2,0,4,5,1,2,1,3,4,3,3,3,2,3,1,2,1,2,3,1,1,3,2,3,1,1,2,0,0,2,1,1,1,1,1,3,2,1,0,0,1,1,0,2,1,1,2,0,0,0,2,0,2,0,0,0,0,0,1,1,0,0,0,2,2,0,0,0,0,1,0,0,0,0,1,0,0,0,0,0,0,1,0,0,0,0,0,0,0,0,1,0,1,0,0,0,1,0,0,0,1,0,0,0,0,0,0,0,0,0,0,0,1,0,0,0,0,0,0,0,0,0,0,0,1,1,0,0,0,0,0,0,0,0,0,0,0,0,1,0,0,0,0,0,0,0,0,0,0,0,0,0,0,0,0,0,0,0,0,0,0,0,0,0,0,0,0,0,1,0,0,1,0,0,0,0,0,0,0,0,0,0,0,0,0,0,0,0,0,0,0
S04M08,2031,938,731,627,399,338,247,234,206,210,194,213,178,97,121,128,137,105,122,114,116,84,112,113,89,86,89,92,87,78,77,100,73,81,78,53,74,76,70,66,65,60,62,90,59,65,62,62,62,67,49,31,74,56,48,45,83,56,56,37,70,47,46,48,50,35,34,56,45,41,39,54,28,30,43,44,24,39,41,39,33,31,42,37,16,22,38,35,29,31,27,23,24,29,18,29,20,22,27,25,22,35,29,23,30,20,19,27,21,22,17,29,18,15,21,7,27,20,7,15,13,13,16,17,23,16,12,19,9,16,13,13,18,11,7,12,13,13,13,13,9,13,12,9,10,6,16,8,11,11,10,8,9,9,9,11,7,13,11,10,5,9,6,7,7,8,5,10,6,4,1,8,5,10,6,6,7,2,3,4,6,6,2,7,6,1,4,5,3,3,6,4,3,3,5,7,1,6,6,2,1,4,6,6,6,6,0,6,5,8,6,6,4,2,4,7,4,3,6,3,2,0,0,2,2,2,2,2,3,2,0,3,1,2,4,1,3,4,4,3,2,0,1,4,0,1,1,3,1,1,1,0,1,1,0,2,1,2,4,1,1,1,1,0,2,1,1,0,1,0,2,0,1,1,2,1,0,1,0,0,1,0,0,2,0,2,0,0,0,0,0,0,0,0,0,0,0,0,0,1,0,0,0,0,0,0,0,0,0,0,0,0,0,0,0,1,0,0,0,0,0,0,0,0,0,0,0,0,0,0,1,0,0,1,0,0,0,0,0,0,0,0,0,0,0,0,0,0,0,0,0,0,0,0,0,0,0,0,0,0,0,0,0,1,0,0,0,0,0,0,0,0,1,0,0,0,0,0,0,0,0,0,0,0,0,0,0,0,0,0,0,0,0,0,0,0,0,0,0,0,0,0,0,0,0,0,0
S04M09,1984,884,690,617,365,336,309,225,377,129,138,228,171,123,126,105,122,92,100,112,128,101,118,111,88,87,89,78,64,76,88,104,82,84,77,65,80,90,81,68,54,60,59,73,69,57,49,78,58,74,44,49,57,50,66,51,65,57,46,67,58,48,46,123,86,48,33,57,58,43,20,49,50,57,33,49,55,32,29,35,120,60,36,35,27,50,35,43,22,30,19,22,31,29,19,29,35,29,25,28,21,29,16,14,21,18,11,25,16,23,14,18,31,26,16,14,23,27,16,18,14,20,33,19,20,33,18,13,6,9,13,11,21,21,5,11,11,27,9,11,13,15,10,5,7,5,8,12,18,15,7,8,7,6,7,7,24,8,10,9,8,7,4,5,8,6,7,9,9,4,6,8,5,3,4,6,9,4,13,5,7,4,4,3,3,7,5,10,4,4,1,1,6,4,4,4,14,4,3,6,3,4,3,3,3,3,0,3,3,2,3,3,4,3,3,5,2,4,7,2,4,5,5,2,1,2,1,1,3,1,5,3,1,5,2,1,3,2,2,4,4,10,1,4,0,3,1,1,1,1,1,3,1,1,0,0,0,2,0,0,1,1,0,0,2,1,3,0,0,0,0,2,0,1,1,0,0,1,0,2,0,0,1,1,0,0,1,0,1,0,0,0,0,0,2,0,0,0,0,1,0,0,1,0,0,0,0,0,0,0,0,0,0,0,0,0,0,0,0,0,1,0,0,0,0,0,0,0,0,0,0,0,0,0,0,0,0,0,0,0,0,0,0,0,0,0,0,0,0,0,0,0,0,0,0,1,0,0,0,0,0,1,0,0,0,0,0,0,0,0,0,0,0,0,1,0,0,0,0,0,0,0,0,0,0,0,0,0,0,0,0,0,0,0,0,0,0,0,0,0,0,0,0,0,0,0,0
S04M10,624,314,259,196,142,105,73,75,45,24,45,40,46,47,42,56,50,50,37,24,23,30,33,28,28,28,26,30,36,24,15,25,14,27,13,31,23,35,17,19,17,10,24,19,23,18,24,11,18,14,26,17,20,16,11,15,16,26,17,12,13,17,17,1,13,15,20,8,18,15,4,17,18,11,17,17,10,11,14,14,7,4,22,7,15,10,10,16,12,9,5,7,12,6,18,3,6,4,4,10,7,6,6,10,13,8,13,2,4,6,10,8,3,3,2,7,4,6,8,0,8,1,4,3,6,4,4,5,8,3,7,3,4,1,2,1,4,1,6,4,2,0,1,8,5,6,2,1,1,0,5,3,2,3,3,6,1,1,4,1,2,3,3,2,0,4,4,3,1,2,6,1,2,2,2,1,3,2,0,2,3,1,1,1,0,1,0,0,1,1,2,0,0,1,1,0,1,1,0,0,1,1,0,0,0,0,1,0,0,0,0,0,3,1,1,2,1,3,2,0,0,1,2,1,1,1,1,1,0,1,1,0,0,0,0,0,0,0,0,0,1,0,1,0,1,0,0,0,0,0,0,0,1,0,0,0,0,1,2,3,0,0,3,1,0,0,0,0,2,0,0,0,0,0,1,0,1,0,0,0,0,0,1,0,0,0,0,1,0,0,0,1,0,0,0,0,0,0,1,0,0,1,0,0,0,0,0,0,0,0,0,0,0,0,0,0,0,0,0,0,0,0,0,0,0,0,0,0,0,0,0,0,0,0,0,0,0,0,0,0,0,0,0,0,0,0,0,0,0,0,0,0,0,0,0,0,0,0,0,0,0,0,0,0,0,0,0,0,0,0,0,0,0,0,0,0,0,0,0,0,0,0,0,0,0,0,0,0,0,0,0,0,0,0,0,0,0,0,0,0,0,0,0,0,0,0,0
S04M12,549,220,169,153,73,109,54,74,80,55,53,44,56,25,40,23,29,31,38,45,44,30,33,39,10,20,36,33,15,21,41,28,14,20,23,12,27,16,25,19,28,23,19,23,9,19,16,9,21,13,13,10,12,10,29,19,13,9,12,31,15,5,20,36,16,18,10,13,14,19,3,10,14,7,13,11,15,6,10,15,23,13,4,6,3,20,4,2,6,11,8,7,9,9,2,10,3,11,8,6,8,5,6,9,3,6,3,9,4,9,3,5,4,4,7,6,12,2,6,6,5,5,1,2,4,1,6,4,1,6,5,6,4,8,1,2,5,0,1,1,4,4,3,3,4,1,3,2,2,4,4,2,2,1,0,1,0,3,1,2,2,1,2,0,2,3,1,1,0,1,3,2,1,0,2,0,3,1,3,5,3,1,1,1,1,2,1,2,0,0,1,1,0,0,3,1,3,3,1,0,2,3,1,1,1,1,1,1,1,0,1,1,1,0,1,0,1,2,0,2,0,2,2,1,1,1,2,2,1,1,1,1,0,0,0,0,0,0,0,0,0,0,0,0,0,1,0,2,0,0,0,0,1,0,0,0,2,3,1,0,1,1,0,0,1,0,0,0,1,0,0,0,0,0,0,0,1,0,0,0,0,0,0,0,0,0,0,0,0,0,0,1,0,0,0,1,0,0,0,0,0,0,0,0,0,0,0,0,0,0,0,1,0,0,1,0,0,0,0,0,0,0,0,0,0,0,1,0,1,0,0,0,0,0,0,0,0,2,0,0,0,0,0,0,0,0,0,0,0,0,0,0,0,0,0,0,0,0,0,0,0,0,0,0,0,0,0,0,0,1,0,0,0,0,0,0,0,0,0,0,0,0,0,1,0,1,0,0,0,0,0,0,0,0,0,0,0,0,0,0,0,0,0,0,0,0,0
S05M02,319,150,148,109,65,63,30,41,19,43,37,40,27,16,22,14,24,14,16,24,44,10,32,33,13,14,12,12,17,13,10,26,5,15,15,10,8,9,18,9,12,8,10,32,5,9,9,7,18,9,7,8,18,10,0,8,18,10,8,2,19,4,0,0,4,13,6,22,4,8,8,20,4,5,8,4,3,6,9,10,0,3,5,3,4,2,6,6,8,8,4,2,10,5,5,5,4,2,15,10,5,6,2,6,4,2,1,10,2,5,1,8,1,1,3,2,11,1,2,1,3,0,1,1,9,1,3,4,2,3,3,0,2,2,1,1,4,1,2,2,1,0,1,2,3,0,4,2,1,0,2,2,1,3,1,2,0,3,1,0,0,0,1,1,2,3,1,1,1,1,1,0,0,1,1,1,1,0,0,0,1,0,0,1,0,0,1,0,0,0,1,0,0,0,5,0,0,0,0,1,0,6,0,0,0,0,0,0,0,1,0,0,0,0,0,0,0,0,0,0,0,0,0,0,0,0,0,0,1,0,0,1,0,1,0,0,1,0,0,0,1,0,2,0,0,0,0,2,0,0,0,0,0,0,0,3,1,0,0,0,1,1,0,0,0,2,0,0,0,0,1,1,1,0,0,0,0,0,0,0,0,0,0,0,0,0,0,0,0,0,1,0,0,1,0,0,0,0,0,0,0,0,0,0,0,0,0,0,0,0,0,0,0,0,0,0,0,0,0,0,0,0,0,0,0,0,0,0,0,0,0,0,0,0,0,0,0,0,0,0,0,0,0,0,0,0,0,0,0,0,0,0,0,0,0,0,0,0,0,0,0,0,0,0,0,0,0,0,0,0,0,0,0,0,0,0,0,0,0,0,0,0,0,0,0,0,0,0,0,0,0,0,0,0,0,0,0,0,0,0,0,0,0,0,0,0,0
S05M05,2420,1102,839,656,441,397,189,289,241,317,233,129,225,137,129,143,122,141,140,119,112,120,117,112,96,102,121,105,94,80,117,77,97,100,108,100,95,91,82,90,81,88,56,52,62,72,76,50,66,85,73,79,67,59,89,68,55,52,70,63,53,49,55,71,57,45,54,38,60,55,49,41,23,32,46,37,53,45,52,43,51,48,34,46,37,28,28,8,38,30,36,33,19,29,27,22,32,26,20,20,29,18,29,17,13,29,22,23,25,27,26,16,22,26,28,24,15,18,20,19,17,21,11,15,13,10,21,18,25,15,15,20,12,17,32,17,17,9,8,6,16,9,14,10,8,25,8,18,14,9,8,11,16,13,8,9,9,9,2,5,9,11,13,9,7,10,6,2,4,4,5,10,7,6,6,4,6,10,5,4,5,6,10,8,7,3,7,3,6,6,8,6,2,6,2,5,2,5,6,3,4,2,5,5,5,5,0,5,9,2,5,5,8,1,4,0,6,2,7,2,1,4,4,5,5,5,5,5,3,5,4,3,5,4,6,4,2,6,1,3,6,6,2,3,1,3,1,1,1,1,1,7,3,1,4,0,0,1,1,0,3,3,0,0,1,0,1,1,1,0,0,0,1,1,2,0,0,1,0,0,0,0,2,0,0,0,0,0,1,0,0,0,0,0,0,0,0,0,0,0,0,0,0,0,1,0,0,0,0,0,0,0,0,0,0,0,0,0,0,0,0,0,0,0,0,0,0,0,0,0,0,0,0,0,0,0,0,0,1,0,0,0,1,0,0,0,0,0,0,0,0,0,0,0,0,0,0,0,0,0,0,0,0,0,0,0,0,0,0,0,0,0,0,0,0,0,0,0,0,0,0,0,0,0,0,0,0,0,0,0,0,0,0,0,0,0,0,0,0,0,0,0,0,0,0,0,0
S05M06,1347,575,475,534,248,237,244,147,173,130,131,161,106,57,93,74,112,69,60,77,109,53,99,101,53,51,55,45,49,69,51,87,61,52,42,49,48,42,55,40,36,37,31,80,40,42,34,71,51,28,22,16,77,36,32,29,62,32,31,38,53,33,25,62,35,38,25,78,29,30,21,50,31,33,22,39,20,27,25,21,19,19,32,22,15,19,22,44,15,24,12,9,30,17,15,21,22,19,30,28,14,36,13,8,21,15,7,26,12,12,6,25,20,11,9,5,29,18,6,13,11,12,15,13,19,14,10,7,8,9,10,7,19,10,5,5,7,14,8,16,9,10,3,4,11,1,12,2,7,10,10,7,4,6,7,5,14,9,14,6,4,8,5,5,6,5,7,3,5,3,2,1,2,2,4,7,5,2,4,4,5,5,2,4,5,2,3,5,1,1,4,3,9,1,5,5,5,5,5,2,0,6,5,5,5,5,0,5,1,7,5,5,1,10,4,4,0,4,0,2,12,1,1,1,1,1,1,1,0,1,1,0,3,1,0,2,1,0,4,1,1,2,1,1,1,1,3,2,3,3,3,0,2,3,0,3,4,1,2,0,0,0,0,0,0,2,0,1,0,0,1,0,1,0,0,2,0,0,0,1,0,0,0,1,0,0,0,0,0,0,0,0,0,0,0,0,0,0,0,0,0,0,0,0,0,0,0,0,0,0,0,0,0,0,0,0,0,0,0,0,0,0,0,0,0,0,0,0,0,0,0,0,0,0,0,0,0,0,0,0,0,0,0,0,0,0,0,0,0,0,0,0,0,0,0,0,0,0,0,0,0,0,0,0,0,0,0,0,0,0,0,0,0,0,0,0,0,0,0,0,0,0,0,0,0,0,0,0,0,0,0,0,0,0,0,0,0,0,0,0,0,0,0,0,0,0,0
S05M07,2792,1315,936,790,535,430,339,302,330,262,251,252,222,160,151,154,165,144,138,130,135,147,123,131,119,119,112,97,115,101,103,100,175,103,88,93,97,96,76,86,86,81,72,82,62,70,75,98,83,93,64,81,85,82,65,70,69,71,68,57,63,63,71,80,79,48,52,68,70,58,91,46,65,57,51,47,53,49,48,37,65,59,47,44,34,44,44,43,36,35,30,43,39,33,27,40,36,33,38,28,27,33,32,22,26,26,29,32,23,12,25,22,31,33,22,23,24,31,27,28,19,33,31,27,20,33,21,20,14,14,18,28,15,22,13,12,9,27,13,22,16,28,12,11,11,8,11,14,7,20,11,13,13,7,11,10,20,12,11,12,12,9,10,11,10,8,9,12,14,8,13,9,8,7,7,13,8,8,5,3,8,8,8,6,7,13,6,7,7,7,3,6,6,7,9,8,11,7,7,7,6,6,7,7,7,7,26,7,3,2,7,7,6,5,8,7,4,5,4,6,5,5,5,2,2,2,2,2,3,2,5,2,3,4,1,3,3,1,4,5,1,6,4,1,1,4,4,1,4,4,4,4,3,4,4,0,0,2,0,3,2,2,3,0,11,5,2,1,1,2,1,2,0,1,0,3,0,2,2,3,1,1,0,0,0,0,0,0,0,0,0,0,1,0,2,0,0,0,0,1,0,0,0,0,0,0,0,0,0,0,0,0,0,1,0,0,0,0,0,2,0,0,2,0,0,0,0,0,0,0,3,0,0,0,0,0,0,1,0,0,0,0,0,0,0,0,0,0,0,0,0,0,0,0,0,1,0,0,0,0,0,0,0,0,0,0,0,0,0,0,0,0,0,0,0,0,0,0,1,0,0,0,1,0,0,0,0,0,0,0,0,0,0,0,0,0,0,0,0,0,0,0,0,0,0,0,0
S05M08,646,301,206,149,143,84,96,66,41,41,52,48,49,37,25,34,33,32,40,22,15,30,16,12,27,26,28,18,31,16,15,9,44,24,26,28,17,22,10,16,18,19,15,9,13,13,19,14,17,16,17,28,6,18,7,19,8,19,14,7,6,13,19,1,18,8,15,3,13,14,49,8,14,14,16,4,6,14,13,9,1,7,9,12,10,15,8,6,10,6,12,8,5,9,5,4,9,3,5,3,8,4,6,5,3,7,7,1,4,5,4,3,6,3,4,6,2,6,6,3,3,0,6,6,3,5,4,4,3,6,2,6,0,2,2,5,3,4,5,0,1,0,5,4,5,0,2,3,1,0,4,2,2,2,2,2,4,2,1,0,3,1,0,3,1,2,3,1,0,1,5,0,3,1,3,0,1,0,0,2,1,0,0,0,0,1,1,0,1,1,1,2,0,1,1,0,0,0,0,2,0,1,0,0,0,0,11,0,1,1,0,0,1,0,1,2,1,1,0,1,0,1,1,1,1,1,1,1,1,1,1,1,1,0,0,1,0,0,0,0,0,0,1,0,0,0,1,1,1,1,1,0,0,1,0,0,1,0,1,0,0,0,0,0,0,0,0,0,2,1,0,0,0,0,0,0,0,0,0,0,0,0,0,0,0,0,0,0,0,0,0,0,0,0,0,0,0,0,0,0,0,0,0,0,0,0,0,0,0,0,0,0,0,0,0,0,0,0,0,0,0,0,0,0,0,0,0,0,0,0,0,0,0,0,0,0,0,0,0,0,0,0,0,0,0,0,0,0,0,0,0,0,0,0,0,0,0,0,0,0,0,0,0,0,0,0,0,0,0,0,0,0,0,0,0,0,0,0,0,0,0,0,0,0,0,0,0,0,0,0,0,0,0,0,0,0,0,0,0,0,0,0,0,0,0,0,0
S05M09,743,350,254,193,176,110,79,81,49,57,63,50,64,51,39,45,31,43,36,32,24,49,28,28,42,44,32,27,33,24,19,24,27,32,30,25,22,30,22,24,20,21,26,12,27,18,28,18,14,14,26,33,17,20,13,24,18,27,22,8,15,27,18,3,12,9,27,9,19,15,14,13,7,20,13,15,13,12,17,12,2,18,15,9,7,7,14,6,16,10,10,8,2,7,7,5,6,7,2,4,9,3,8,9,6,9,5,7,10,6,5,5,3,12,9,7,3,5,6,6,5,6,2,7,3,1,6,6,6,3,5,4,3,4,10,6,4,0,5,2,6,2,1,5,3,8,1,6,4,2,3,6,2,4,4,4,0,2,1,0,3,2,4,1,2,2,4,1,1,2,1,3,1,1,2,1,1,4,2,3,1,2,4,2,3,1,2,0,2,2,1,2,1,2,1,2,0,2,2,1,3,1,2,2,2,2,0,2,5,1,2,2,1,0,0,0,2,2,1,2,1,1,1,1,1,1,1,1,0,1,1,0,1,1,3,1,0,3,3,1,1,0,2,1,0,1,1,0,1,1,1,1,0,1,0,0,0,1,0,0,1,1,0,0,0,0,1,0,1,0,0,0,0,0,0,0,0,0,0,0,0,0,0,0,0,0,0,0,0,0,0,0,0,0,0,1,0,0,0,0,0,0,0,1,0,0,0,0,2,0,0,0,0,0,0,0,0,0,0,0,0,0,0,0,0,0,0,0,0,0,0,0,0,0,0,0,0,0,0,0,0,0,0,0,0,0,0,0,0,0,0,0,0,0,0,0,0,0,0,0,0,0,0,0,0,0,0,0,0,0,0,0,0,0,0,0,0,0,0,0,0,0,0,0,0,0,0,0,0,0,0,0,0,0,0,0,0,0,0,0,0,0,0,0,0,0,0
S05M10,1874,777,585,440,297,308,215,193,177,199,200,146,156,157,121,93,74,98,127,108,108,71,72,61,48,83,87,87,74,66,122,79,89,86,81,68,81,42,80,62,73,69,50,35,48,59,56,25,51,54,43,43,33,33,67,63,28,26,47,110,30,26,59,6,46,54,33,17,40,58,68,23,66,38,37,42,52,30,25,40,12,49,22,31,17,50,19,13,22,29,34,35,23,22,9,34,27,26,14,20,24,6,16,19,11,13,9,11,20,31,13,9,18,15,20,17,7,10,29,19,12,19,12,13,4,11,17,12,5,12,14,7,13,20,4,11,19,10,10,5,7,12,13,8,9,1,5,13,3,13,9,7,12,9,7,5,9,4,2,6,7,0,9,3,7,14,3,1,1,1,13,4,6,10,5,1,5,9,15,12,5,3,7,6,3,9,5,12,1,1,5,5,3,1,1,2,1,2,0,1,8,1,0,0,0,0,16,0,0,0,0,0,0,0,1,1,3,2,1,3,3,3,3,5,5,4,4,4,5,4,3,5,2,4,0,2,1,0,0,0,1,4,1,1,0,3,1,2,1,1,1,2,2,1,1,0,2,0,0,1,3,3,1,0,0,0,1,0,0,0,2,2,0,1,1,0,2,0,2,0,0,0,0,0,1,0,1,0,2,0,0,2,0,0,2,1,1,0,0,0,0,0,0,0,0,2,1,1,0,1,3,2,1,0,0,0,1,0,1,0,0,0,1,0,0,0,0,0,0,0,0,0,0,0,0,1,0,0,0,0,0,0,0,1,0,0,1,0,0,0,0,0,1,0,0,0,0,1,0,0,0,1,0,0,0,0,0,1,1,0,0,0,0,0,0,0,0,0,0,0,0,0,0,0,0,0,0,0,0,0,0,0,0,0,0,0,0,0,0,0,0,0,1,0,0,0,0
S06M01,476,226,165,143,94,78,30,59,30,40,35,26,45,34,27,27,23,31,20,23,18,18,18,16,20,20,22,22,19,17,14,10,15,13,19,23,17,12,14,17,14,18,13,7,14,15,15,11,10,13,13,16,10,11,18,17,8,10,11,5,7,11,13,2,7,6,32,6,12,8,8,4,4,5,7,5,10,11,8,9,7,8,3,6,23,5,8,4,9,6,7,8,4,3,4,4,4,5,6,2,6,4,6,3,1,3,3,1,5,4,6,2,4,6,5,6,2,3,4,5,3,4,0,2,1,0,3,3,20,1,3,4,3,2,17,4,2,0,1,4,4,2,2,2,1,4,3,5,0,2,1,2,5,5,1,1,0,3,0,0,1,4,2,1,1,2,2,0,3,3,2,3,2,1,1,3,1,2,3,1,1,2,2,0,3,0,1,0,1,1,0,1,1,1,0,2,0,2,2,1,0,0,2,2,2,2,0,2,5,0,2,2,1,0,0,0,2,0,1,0,0,0,0,0,0,0,0,0,2,0,0,2,0,1,1,0,0,1,0,1,0,0,0,0,0,0,0,0,0,0,0,0,0,0,0,0,0,0,0,0,1,1,0,4,0,0,2,0,0,0,0,1,0,0,0,0,0,0,0,0,0,0,0,0,1,0,0,0,0,0,0,0,0,0,0,0,0,0,0,0,0,0,0,0,0,0,0,0,0,0,0,0,0,0,0,1,0,0,0,0,0,0,0,0,0,0,0,0,0,0,0,0,0,0,0,0,0,0,0,0,0,0,0,0,0,0,0,0,0,0,0,0,0,0,0,0,0,0,0,0,0,0,0,0,0,0,0,0,0,0,0,0,0,0,0,0,0,0,0,0,0,0,0,0,0,0,0,0,0,0,0,0,0,0,0,0,0,0,0,0,0,0,0,0,0,0,0
S06M04,424,221,177,143,90,75,50,46,41,19,41,34,29,31,26,23,33,27,22,29,31,16,37,41,22,17,18,17,19,26,9,32,19,16,17,10,11,15,6,13,10,14,9,35,17,14,13,13,17,10,15,22,22,10,1,9,26,11,9,6,27,13,10,2,3,5,14,23,5,11,8,25,10,9,9,8,2,10,8,15,3,3,9,6,8,9,11,11,7,9,7,7,5,6,7,5,2,4,10,2,4,14,5,9,7,5,4,9,2,8,2,15,1,4,1,2,15,1,4,1,3,1,3,3,15,3,2,5,8,1,2,2,5,1,2,3,7,3,2,3,1,0,1,1,5,0,4,3,2,0,4,2,2,3,3,3,0,3,3,0,2,5,2,2,2,6,2,3,3,2,2,1,1,1,3,2,0,1,0,1,0,0,1,1,0,0,1,0,1,1,1,1,1,1,2,0,0,0,0,1,0,2,0,0,0,0,0,0,1,5,0,0,0,0,1,0,1,0,0,0,0,1,0,0,0,0,0,0,1,0,0,1,0,0,0,0,2,0,1,0,0,0,1,0,0,0,1,3,1,1,1,0,0,1,0,3,2,0,2,0,0,0,0,0,0,1,0,1,0,0,1,0,2,0,0,1,0,0,0,0,0,0,0,0,0,0,0,0,0,0,0,0,0,0,0,0,0,0,0,0,0,0,0,0,0,0,0,0,0,0,0,0,0,0,0,0,0,0,0,0,0,0,0,0,0,0,0,0,0,0,0,0,0,0,0,0,0,0,0,0,0,0,0,0,0,0,0,0,0,0,0,0,0,0,0,0,0,0,0,0,0,0,0,0,0,0,0,0,0,0,0,0,0,0,0,0,0,0,0,0,0,0,0,0,0,0,0,0,0,0,0,0,0,0,0,0,0,0,0,0,0,1,0,0,0,0,0
S06M06,1105,525,417,309,275,176,112,128,128,65,100,71,96,69,49,71,57,66,61,42,38,53,47,37,70,54,47,45,60,40,41,38,25,37,46,45,39,52,27,35,37,34,30,23,37,32,42,31,32,27,29,36,21,41,23,32,22,31,29,33,23,33,23,55,24,24,36,11,29,17,18,17,21,15,19,22,22,18,23,16,49,22,21,24,26,21,21,11,24,15,16,10,12,17,16,11,10,15,7,8,18,5,8,26,8,12,13,6,10,5,14,7,3,7,8,11,7,5,6,9,12,5,4,7,8,4,10,11,3,10,10,2,4,10,4,7,1,3,5,3,4,3,6,7,8,2,4,2,3,3,6,5,4,3,6,4,2,3,2,3,1,0,4,4,3,1,7,2,1,4,2,3,2,2,3,3,2,3,2,3,1,1,2,2,0,1,1,3,3,3,2,2,1,3,2,0,6,0,0,2,1,2,0,0,0,0,0,0,2,1,0,0,2,1,0,2,2,3,1,3,0,1,1,1,1,1,1,1,0,1,1,0,1,1,1,1,1,1,3,0,1,8,3,0,0,0,0,0,0,0,0,0,1,0,0,0,1,2,3,0,0,0,0,0,0,0,0,0,0,0,0,0,0,0,0,0,1,0,1,0,0,0,0,0,0,0,0,0,0,0,0,0,1,0,0,0,0,0,0,0,0,0,0,0,0,0,0,0,0,0,0,0,0,0,0,0,0,0,0,0,0,0,0,0,0,0,0,0,0,0,0,0,0,0,0,0,0,0,0,0,0,0,0,0,0,0,0,0,0,0,0,0,0,0,0,0,0,0,0,0,0,0,0,1,0,0,0,0,0,0,0,0,0,0,0,0,0,0,0,0,0,0,0,0,0,0,0,0,0,0,0,0,0,0,0,0,0,0,0,0,0,0,0,0,0,0,0
S06M07,2059,972,740,578,420,356,148,226,143,203,208,96,168,103,130,121,103,117,114,126,100,106,94,80,108,92,92,109,82,85,64,70,73,84,70,78,66,61,77,62,59,59,60,42,75,51,67,53,60,44,51,68,52,50,81,68,51,43,56,28,42,66,54,21,36,39,36,33,40,39,34,33,37,32,33,30,41,32,42,35,18,31,38,33,26,31,45,21,30,32,19,33,22,25,24,19,23,20,25,19,25,10,20,12,14,20,20,16,20,23,17,10,13,14,19,17,10,13,15,13,16,13,5,10,6,3,17,12,9,16,14,12,10,11,14,12,13,2,7,8,14,5,10,12,5,11,9,8,10,5,5,9,20,10,12,9,2,8,1,4,10,0,8,10,8,6,4,1,4,3,3,7,9,6,7,3,7,6,7,3,7,6,6,6,4,8,7,1,6,6,10,6,6,6,2,5,1,4,5,4,1,2,4,5,4,4,0,4,6,0,4,4,4,2,1,0,2,1,3,2,1,4,4,5,5,5,5,5,2,5,4,2,2,3,5,2,2,5,0,4,4,0,2,6,0,3,2,2,2,2,2,4,2,2,0,0,2,0,0,0,1,1,0,1,0,0,0,0,0,0,0,0,1,2,0,0,0,0,0,0,0,0,0,0,0,0,0,0,0,1,0,0,0,0,0,1,1,0,0,0,0,0,0,0,0,0,0,0,0,0,0,0,0,0,0,0,0,0,0,0,0,0,0,0,0,0,0,0,0,0,0,0,0,0,0,0,0,0,0,0,0,0,0,1,0,0,1,0,0,0,1,0,0,0,0,0,0,0,0,0,0,1,0,0,0,0,0,0,0,0,0,0,0,0,0,0,0,0,0,0,0,0,0,0,0,0,0,0,0,0,0,0,0,0,0,0,0,0,0,0,0,0,0,1,0,0,0
S06M08,1676,733,574,533,345,257,314,190,235,134,145,201,153,85,102,101,107,97,106,80,88,78,72,89,79,76,80,64,74,69,81,72,73,73,73,57,65,53,53,58,63,51,56,74,45,62,57,48,50,51,47,31,32,53,36,46,47,54,43,46,46,35,40,33,33,38,39,49,37,37,25,45,46,47,36,43,22,31,31,24,58,32,39,32,25,36,24,42,29,24,25,25,25,16,23,28,20,22,25,21,14,20,20,28,27,21,11,25,16,3,9,18,18,12,18,9,21,16,9,18,12,16,20,10,12,20,11,17,6,11,9,1,7,11,4,9,3,12,10,11,10,12,9,10,11,2,12,6,15,12,11,5,7,4,11,9,8,10,16,9,4,1,5,6,6,2,8,14,7,3,2,2,5,1,7,10,5,3,4,4,5,4,3,7,4,1,3,6,3,3,5,3,5,3,4,3,4,3,3,3,3,5,3,3,3,3,0,3,3,5,3,3,2,5,1,3,3,2,2,2,3,1,1,3,3,3,3,3,4,3,1,4,1,2,1,1,0,1,4,0,1,1,2,1,0,2,1,1,1,1,1,0,1,1,0,3,1,1,0,1,0,0,1,0,3,3,0,0,1,0,0,0,1,1,0,1,0,0,0,0,1,0,0,0,0,0,0,0,0,0,0,0,0,0,0,0,0,0,0,0,0,0,0,0,0,0,0,0,0,0,0,0,0,0,0,0,0,0,0,0,0,0,0,0,0,0,0,0,0,0,0,0,0,0,0,0,0,0,0,0,0,0,0,0,0,0,0,0,0,0,0,0,0,0,0,0,0,0,0,0,0,0,0,0,0,0,0,0,0,0,0,0,0,0,0,0,0,0,0,0,0,0,0,0,0,0,0,0,0,0,0,0,0,0,0,0,0,0,0,0,0,0,0,0,0,0,0
S07M01,166,68,44,35,20,22,23,17,13,11,22,12,11,11,9,7,3,8,14,9,7,5,7,2,3,4,12,7,8,8,16,3,7,9,8,5,8,1,7,9,4,8,6,2,2,8,5,0,7,6,1,7,1,1,8,4,0,1,1,2,2,1,9,1,2,7,1,0,2,5,13,0,5,1,2,1,3,0,2,0,3,5,3,3,2,5,1,1,3,1,4,3,0,0,1,6,2,3,0,1,1,2,3,0,0,4,7,0,0,0,4,0,1,0,3,3,0,1,3,7,1,7,0,2,0,0,2,1,1,1,1,0,0,1,1,2,0,0,2,0,0,6,2,1,0,1,0,1,2,5,1,1,0,1,3,0,0,1,0,2,2,0,1,3,1,0,0,0,0,0,1,0,1,0,2,0,0,1,0,2,0,1,1,0,0,0,0,4,0,0,1,1,0,0,0,0,0,0,0,0,1,0,1,0,0,0,0,0,0,0,0,0,0,0,0,0,0,0,0,0,0,1,0,1,1,1,1,1,0,2,0,0,0,1,0,0,0,0,0,0,0,0,0,0,0,0,1,0,1,0,0,0,1,0,0,0,0,0,0,0,0,0,0,0,2,0,0,0,0,2,0,0,0,0,0,0,0,0,0,0,0,1,1,0,0,0,1,1,1,0,0,0,0,0,0,0,0,1,0,0,0,0,0,1,0,0,0,1,0,0,0,0,0,0,0,0,0,1,0,0,0,0,0,1,0,0,0,1,0,0,0,0,1,0,0,0,0,0,0,0,0,0,1,0,0,0,0,0,1,0,0,0,0,0,0,0,1,0,0,0,1,0,0,0,0,0,0,0,0,0,0,0,0,0,0,0,1,0,0,0,0,0,0,0,0,0,0,0,0,0,0,0,0,0,0,0,0,0,0,0,0,0,0,0,0,0,0
S07M04,366,167,139,113,77,64,30,46,46,18,38,15,30,31,21,21,14,26,12,10,22,18,12,8,19,16,11,13,14,25,15,7,9,11,3,22,10,13,19,8,9,17,17,11,12,12,5,16,9,6,21,16,7,10,10,7,7,7,6,7,6,10,10,3,10,14,12,3,5,6,7,7,18,6,4,8,6,9,7,6,14,0,6,6,14,7,3,5,6,3,0,10,7,2,9,3,2,7,4,5,3,1,6,2,6,1,4,1,2,6,7,4,1,1,0,4,1,1,4,2,2,2,3,1,2,3,2,2,6,4,3,4,3,1,1,1,1,0,1,2,3,1,4,1,2,3,1,1,1,1,1,1,2,2,1,3,0,1,3,3,3,2,1,0,1,1,1,3,1,1,3,2,2,2,4,1,0,1,1,0,0,1,1,0,1,0,1,0,0,0,0,1,1,0,0,1,0,1,1,0,0,0,1,1,1,1,0,1,1,0,1,1,1,0,2,0,0,0,0,1,0,1,1,0,0,0,0,0,0,0,1,0,1,0,0,1,0,0,0,2,0,0,1,0,1,0,0,1,0,0,0,0,0,0,0,0,1,0,0,0,0,0,0,1,0,0,0,0,0,0,0,1,0,0,0,0,0,0,0,0,0,0,0,0,0,0,0,0,0,0,0,0,0,0,0,0,0,0,0,0,0,0,0,0,0,0,0,0,0,0,0,0,0,0,0,0,0,0,0,0,0,1,0,0,0,0,0,0,0,0,0,0,0,0,0,0,1,0,0,0,0,0,0,0,0,0,0,0,0,0,0,0,0,0,0,0,0,0,0,0,0,0,0,0,0,0,0,0,0,0,0,0,0,0,0,0,0,0,0,0,0,0,0,0,0,0,0,0,0,0,0,0,0,0,0,0,0,0,0,0,0,0,0,0,0,0,0
S07M05,2981,1326,1002,978,566,500,533,337,592,197,232,273,234,177,185,181,198,163,124,154,159,141,152,145,136,151,126,118,103,116,143,120,126,131,95,113,108,151,103,99,71,87,83,110,77,87,86,117,69,71,81,87,81,110,84,72,88,79,73,118,85,71,61,152,89,54,65,81,73,56,41,65,144,90,48,72,93,63,49,50,164,85,75,47,58,87,51,73,44,45,26,26,46,40,40,49,46,39,35,32,30,29,29,40,33,46,16,30,27,23,19,30,45,37,20,24,35,43,20,41,20,35,38,19,26,36,26,20,15,12,21,15,30,27,26,15,9,26,14,11,16,29,10,20,29,17,17,19,26,28,29,11,10,8,11,16,25,19,17,17,11,5,11,9,9,7,9,15,9,10,5,11,7,3,4,8,12,10,25,11,9,15,6,7,12,10,4,14,6,6,7,7,8,6,7,12,16,12,11,6,5,8,11,11,11,11,0,11,8,1,11,11,6,12,2,16,5,10,2,6,6,1,1,5,5,5,5,5,4,5,1,4,9,7,7,7,8,7,4,4,5,7,1,2,0,2,3,0,3,3,3,2,5,3,1,0,1,2,0,0,2,2,1,0,3,2,3,0,2,1,0,2,1,0,0,1,4,0,0,0,0,1,0,0,2,0,0,0,0,1,1,0,0,1,0,0,0,0,0,0,0,0,0,0,2,0,0,0,0,0,0,0,0,0,0,0,0,0,0,0,0,0,0,0,0,0,0,0,0,0,0,0,0,0,0,0,0,0,0,0,0,0,0,0,0,0,0,0,0,0,0,0,0,0,0,0,0,0,0,0,0,0,0,0,0,0,0,0,0,0,0,0,0,0,0,0,0,0,0,0,0,0,0,0,1,0,0,0,0,0,0,0,0,0,0,0,0,0,0,0,0,0,0,0,0,0,0
S07M06,1656,815,606,459,327,258,256,172,131,139,138,120,119,121,94,80,79,104,87,76,81,69,72,60,71,81,68,65,69,66,49,63,84,56,61,66,52,45,46,45,49,46,42,53,45,48,42,65,56,39,54,68,38,49,26,48,47,48,41,31,45,37,45,2,26,35,44,28,34,34,59,39,34,39,31,28,22,57,26,32,10,23,32,30,26,21,26,19,23,16,21,19,20,21,12,12,17,13,24,16,20,21,27,20,18,15,23,10,15,14,22,18,10,13,10,16,16,11,12,8,11,3,15,12,10,12,8,14,13,13,13,15,6,5,8,7,7,8,7,9,6,1,10,8,11,3,7,10,4,0,10,9,7,9,11,7,5,5,7,9,9,10,3,9,5,5,6,6,6,7,8,4,4,6,3,5,2,1,2,5,2,2,1,3,1,6,3,0,4,5,3,4,4,4,4,0,0,0,0,3,6,5,0,1,1,1,12,1,2,9,0,0,2,0,2,2,3,3,2,4,4,3,2,1,1,1,1,1,3,1,2,3,2,2,0,2,5,0,1,0,1,0,2,1,3,0,4,0,3,3,3,2,0,3,4,3,1,1,5,3,1,1,3,1,0,1,4,4,1,0,1,0,0,1,0,1,0,0,1,0,2,0,0,1,0,0,0,0,1,2,1,0,0,0,1,0,0,1,0,0,0,0,0,0,0,0,1,0,0,0,0,0,1,0,1,0,1,0,0,0,0,0,0,0,0,0,0,0,0,0,0,0,0,0,0,0,0,0,0,0,0,0,0,0,0,0,0,0,0,0,0,0,0,0,0,0,1,0,0,0,0,0,0,0,0,0,0,0,0,0,0,0,0,0,0,0,0,0,0,0,0,0,0,0,0,0,0,0,0,0,0,0,0,0,0,0,0,0,0,0,0,0,0,0,0,0,0
S07M07,1055,475,341,292,207,153,132,123,95,91,120,97,97,64,51,51,46,46,57,51,46,45,41,37,47,40,52,39,46,47,69,27,45,43,32,40,37,28,32,42,44,29,30,26,32,36,24,36,32,33,31,27,24,28,32,22,18,27,24,47,20,22,28,22,14,26,25,25,14,26,27,21,25,18,22,16,18,16,29,22,6,17,26,25,21,19,24,18,18,8,10,15,13,16,12,13,8,14,10,11,13,9,13,12,8,6,8,6,5,11,8,7,9,7,6,6,7,9,4,9,9,10,5,9,9,5,4,10,11,11,7,3,2,6,4,3,6,3,7,2,7,8,7,3,2,6,3,3,6,8,2,6,2,4,2,2,2,3,5,5,5,7,2,1,1,3,5,3,0,3,2,4,0,2,4,1,2,2,4,0,2,5,2,2,6,0,0,3,2,2,0,1,1,2,3,5,1,5,5,3,0,2,5,5,5,5,1,5,0,1,5,5,1,2,2,0,2,1,1,3,1,0,0,0,0,0,0,0,2,0,0,2,2,0,0,1,0,0,1,1,0,0,1,0,1,1,0,3,0,0,0,0,0,0,1,1,2,0,0,0,0,0,0,1,0,0,0,0,0,0,0,0,0,0,1,0,0,0,0,0,0,0,0,0,1,1,0,0,0,0,0,0,0,0,0,0,0,0,0,0,0,0,0,0,0,0,0,0,0,0,0,0,0,0,0,0,0,0,0,0,0,0,0,0,0,0,0,0,0,0,0,0,0,0,0,0,0,0,0,0,0,0,0,0,0,0,0,0,0,0,0,0,0,0,0,0,0,0,0,0,0,0,0,0,0,0,0,0,0,0,0,0,0,0,0,0,0,0,0,0,0,0,0,0,0,0,0,0,0,0,0,0,0,0,0,0,0,0,0,0,0,0,0,0,0,0,0
S07M08,2809,1305,987,844,572,469,316,303,224,257,269,219,225,145,174,171,173,152,152,155,150,133,129,112,149,132,124,123,118,133,100,125,130,109,118,89,90,109,105,95,97,87,98,69,93,78,80,66,86,94,72,65,76,82,86,70,65,70,80,38,66,83,58,69,55,71,68,49,55,59,47,59,32,46,50,53,40,49,53,45,37,46,59,49,47,27,56,40,27,39,47,32,42,37,28,40,34,32,32,39,34,26,24,33,25,25,25,25,31,18,22,24,23,18,22,24,21,21,18,22,29,23,23,16,21,19,21,23,16,19,26,20,16,17,15,21,9,16,15,14,13,16,15,8,13,6,12,8,11,14,12,18,14,11,13,8,14,12,12,12,11,7,8,7,12,4,13,6,5,8,4,6,4,6,8,6,7,6,3,4,5,6,6,3,6,2,8,7,8,8,5,4,3,7,5,7,6,5,5,7,6,3,5,5,5,5,1,5,7,2,5,5,5,6,6,3,3,4,2,4,8,3,3,3,3,3,3,3,1,3,3,1,2,3,2,2,1,2,2,2,3,0,2,2,1,0,4,1,4,5,4,0,2,4,0,3,2,1,1,1,1,1,1,0,2,1,0,1,0,2,2,1,1,1,2,0,0,2,3,0,0,2,0,0,0,2,0,0,0,0,0,0,2,0,0,0,0,0,0,0,0,0,1,0,0,0,0,0,0,0,0,0,0,0,0,0,0,0,0,0,0,0,0,0,0,0,0,0,0,0,1,0,0,0,0,0,0,0,1,0,0,0,0,0,0,0,0,0,0,0,0,0,0,0,0,0,0,0,0,0,0,0,0,0,0,0,0,0,0,0,0,0,0,0,0,0,0,0,0,0,0,0,0,0,0,0,0,0,0,0,0,0,0,0,0,0,0,0,0,0,0,0,0,0,0,0,0
S07M09,897,407,324,278,174,153,63,94,112,101,79,59,65,56,53,51,46,43,43,47,57,37,43,46,37,38,33,40,36,43,50,42,32,42,21,30,29,35,32,25,31,26,25,38,26,32,24,29,23,31,28,18,30,21,14,20,27,22,24,33,26,21,18,32,26,25,23,24,19,22,11,23,18,16,17,12,19,18,13,11,20,16,19,19,15,16,9,19,15,11,6,13,14,11,14,13,7,9,15,11,8,12,10,7,11,8,4,9,8,7,5,13,7,8,5,3,12,8,6,8,6,9,8,10,14,8,1,8,4,7,5,6,5,5,2,4,3,6,4,5,4,7,5,4,4,2,3,5,3,7,4,2,4,3,3,4,4,3,4,4,2,5,1,1,1,2,3,4,2,2,2,3,3,5,4,2,3,1,3,1,2,3,1,0,2,2,1,4,1,1,0,2,3,1,3,2,0,2,2,1,0,2,2,2,2,2,0,2,0,7,2,2,1,1,2,0,1,0,3,4,3,0,0,0,0,0,0,0,1,0,0,1,2,1,0,2,3,0,0,0,2,1,3,0,2,1,0,1,0,0,0,0,0,0,2,0,1,0,0,0,0,0,0,4,1,0,1,1,0,0,0,0,0,1,1,0,0,1,0,0,0,0,1,0,0,0,0,0,0,0,0,0,0,0,0,0,0,0,0,0,1,0,0,0,0,0,0,0,0,0,0,0,0,0,0,0,0,0,0,0,0,1,0,0,0,0,0,0,0,0,0,0,0,0,0,0,0,0,0,0,0,0,0,0,0,0,0,0,0,0,0,0,0,0,0,0,0,0,0,0,0,0,0,0,0,0,0,0,0,0,0,0,0,0,0,0,0,0,0,0,0,0,0,0,0,0,0,0,0,0,0,0,0,0,0,0,0,0,0,0,0,0,0,0,0,0,0
S08M01,446,226,183,151,91,78,49,48,44,35,49,42,33,27,24,26,32,26,24,28,32,18,39,43,22,22,19,16,20,24,13,31,20,18,19,14,11,15,7,13,14,13,11,33,15,13,13,13,18,10,15,17,22,12,0,9,26,11,10,8,27,12,11,2,6,7,12,23,3,12,8,25,11,8,9,10,2,11,8,15,3,2,12,7,6,8,8,10,8,9,9,6,6,6,7,4,3,4,11,4,5,13,7,8,7,4,4,9,3,8,3,16,2,4,2,2,15,2,4,2,4,2,3,3,14,3,2,4,6,2,3,3,4,1,2,3,7,3,2,3,2,1,1,2,3,0,3,3,2,1,2,3,3,3,3,3,0,2,3,0,2,3,2,2,2,6,2,3,3,2,2,0,0,2,2,3,1,1,0,1,1,1,1,2,1,0,1,0,1,1,1,1,2,1,2,1,0,1,1,1,1,2,1,1,1,1,0,1,1,8,1,1,0,0,1,0,1,0,0,0,0,1,0,0,0,0,0,0,1,0,0,1,0,0,0,0,2,0,1,0,0,0,1,0,0,0,1,3,1,1,1,0,0,1,0,3,2,0,2,1,0,0,1,0,0,1,0,0,0,0,2,0,2,0,0,1,0,0,0,0,0,0,0,1,0,0,0,0,0,0,0,0,0,0,0,0,0,0,0,0,0,0,0,0,0,0,0,0,0,0,0,0,0,0,1,0,0,0,0,0,0,0,0,0,0,0,0,0,0,0,0,0,0,0,0,0,0,0,0,0,0,0,0,0,0,0,0,0,0,0,0,0,0,0,0,0,0,0,0,0,0,0,0,0,0,0,0,0,0,0,0,0,0,0,0,0,0,0,0,0,0,0,0,0,0,0,0,0,0,0,0,0,0,0,0,0,0,0,0,0,0,0,0,0,0,0,0
S08M03,317,149,131,85,71,50,37,34,23,8,30,24,28,30,17,17,21,19,18,15,16,10,18,16,16,21,9,9,15,15,10,13,8,11,14,11,8,14,10,8,13,7,6,12,9,10,10,7,10,9,12,14,8,10,1,10,11,17,8,1,10,6,5,0,4,6,12,7,8,9,3,11,6,6,9,5,1,9,6,10,2,4,12,5,4,3,7,2,5,2,4,3,7,4,4,3,4,1,3,5,4,1,4,7,3,2,3,4,3,7,2,5,0,1,2,2,3,1,1,1,3,0,0,3,3,1,3,4,0,1,3,1,0,1,0,2,2,1,3,1,1,0,1,2,2,1,1,0,0,0,2,2,0,0,1,3,0,1,0,0,1,0,0,0,1,2,3,0,1,1,0,1,0,1,0,1,1,0,0,2,1,0,0,0,0,1,0,0,1,1,0,1,0,1,0,0,0,1,0,1,0,0,0,0,0,0,0,0,0,2,0,0,1,0,0,0,0,0,1,1,0,0,1,0,0,0,0,0,0,0,0,0,0,0,0,0,0,0,1,0,0,0,0,0,0,0,1,1,1,1,1,0,0,1,0,3,1,1,1,1,0,0,1,0,0,0,0,0,1,0,1,0,0,0,0,1,0,1,0,0,0,0,0,0,0,0,0,0,0,0,0,1,0,0,0,0,0,0,0,0,0,0,0,0,0,0,0,0,0,0,0,0,0,0,1,0,0,0,0,0,0,0,0,0,0,0,0,0,0,0,0,0,0,0,0,0,0,0,0,0,0,0,0,0,0,0,0,0,0,0,0,0,0,0,0,0,0,0,0,0,0,0,0,0,0,0,0,0,0,0,0,0,0,0,0,0,0,0,0,0,0,0,0,0,0,0,0,0,0,0,0,0,0,0,0,0,0,0,0,0,0,0,0,0,0,0,0
S08M04,1054,501,414,337,214,183,172,114,124,70,107,140,78,63,67,56,67,58,58,62,78,43,75,80,64,46,35,47,46,46,40,64,35,44,41,28,33,33,37,29,32,27,34,45,43,34,27,32,35,29,35,31,37,25,31,29,37,16,19,28,35,43,19,34,24,30,26,36,20,22,6,48,30,21,16,20,21,19,20,21,27,19,18,16,15,23,28,22,15,16,14,13,20,10,11,13,11,12,28,15,10,25,9,17,5,10,13,13,8,10,8,15,7,15,11,9,18,7,12,7,10,8,6,15,19,8,8,10,10,3,8,2,14,8,2,4,5,8,4,14,4,5,4,5,4,1,6,4,6,4,3,7,13,3,7,2,4,4,1,2,7,6,5,10,3,4,4,1,12,3,7,1,3,7,3,7,2,3,1,1,2,1,4,3,1,1,1,3,4,4,4,2,2,4,2,2,3,1,1,3,0,2,1,1,1,1,0,1,3,5,1,1,0,0,1,0,0,3,0,2,0,1,0,1,1,1,1,1,1,1,0,1,1,1,1,1,3,0,0,0,0,0,1,0,0,0,1,3,1,1,1,0,0,1,0,3,1,0,1,0,0,0,0,0,0,0,0,2,0,2,1,1,1,1,1,0,0,3,0,0,0,1,0,1,1,1,1,0,0,0,0,0,0,0,0,0,0,0,0,0,0,0,1,0,0,0,0,0,0,0,0,0,0,0,1,0,0,0,0,0,0,0,0,0,0,0,0,0,0,0,0,0,0,0,0,0,0,0,0,0,0,0,0,0,0,0,0,0,0,0,0,0,0,0,0,0,0,0,0,0,0,0,0,0,0,0,0,0,0,0,0,0,0,0,0,0,0,0,0,0,0,0,0,0,0,0,0,0,0,0,0,0,0,0,0,0,0,0,0,0,0,0,0,0,0,0,0
S08M05,2391,1095,878,828,489,412,609,305,335,206,186,405,191,135,160,143,171,124,118,113,145,118,134,146,98,118,90,95,95,89,81,125,78,65,83,89,76,86,83,69,66,54,77,107,64,79,68,102,73,77,69,70,97,74,26,49,78,79,56,61,73,57,44,90,74,50,66,115,72,62,41,65,55,64,47,57,36,46,51,39,82,57,41,35,59,54,37,79,35,45,29,24,40,26,41,32,36,26,45,32,27,42,22,33,31,20,23,37,17,9,25,29,32,25,16,17,35,40,15,21,19,19,29,20,26,29,14,16,5,17,17,11,17,15,8,11,7,22,13,19,13,16,8,21,16,7,18,13,29,14,15,8,5,8,10,11,20,17,14,13,5,4,7,6,7,6,10,11,13,8,7,8,2,2,4,12,5,5,5,11,4,10,3,4,9,8,3,6,6,6,3,4,14,6,7,9,5,7,7,6,6,8,7,7,7,8,0,7,3,6,7,7,2,19,5,6,7,5,3,4,7,2,2,1,1,1,1,1,4,1,2,4,1,1,2,1,3,2,2,3,1,1,3,1,0,5,0,2,0,0,0,1,7,0,0,0,1,7,1,2,0,0,2,5,2,4,3,0,3,1,0,1,0,1,0,0,2,1,0,0,2,1,0,0,0,0,0,0,0,1,1,0,0,1,0,0,0,0,0,0,1,0,0,0,0,0,0,0,0,2,0,0,0,0,0,0,0,0,0,0,0,0,0,0,0,0,0,0,0,0,0,0,0,0,0,0,0,0,1,0,0,0,0,0,0,0,0,0,0,0,0,0,0,0,0,0,0,0,0,0,0,0,0,0,0,0,0,0,0,0,0,0,0,1,0,0,0,0,0,0,0,0,0,0,0,0,0,0,0,0,0,0,0,0,0,0,0,0,0,0,0,0,0,0,0,0,0
S08M06,3596,1598,1203,951,591,574,292,426,201,365,307,190,353,210,192,182,150,204,198,207,163,176,144,146,127,179,179,164,112,117,99,110,137,137,156,120,141,114,137,134,109,110,99,79,90,85,113,66,96,109,103,103,107,76,160,109,98,89,112,38,80,67,97,8,70,69,66,63,87,76,115,49,31,61,69,51,79,70,66,84,13,67,47,58,43,37,45,26,45,50,56,51,31,43,37,27,43,31,16,36,40,18,32,17,36,47,31,27,44,62,35,27,24,32,49,37,19,25,35,19,21,21,14,20,13,14,33,20,17,28,19,35,16,18,33,29,38,12,10,7,11,4,19,23,11,29,9,26,15,4,11,15,17,17,11,22,7,13,5,1,24,8,17,13,10,20,3,7,5,9,8,11,18,15,8,3,9,17,10,9,9,3,17,13,7,16,11,0,9,9,8,12,10,9,5,3,0,4,4,5,13,6,3,3,3,3,18,3,8,3,3,3,14,0,2,3,6,3,10,4,2,3,3,8,8,9,8,8,6,8,3,6,5,7,6,4,1,6,4,6,5,2,0,6,6,5,2,0,1,1,0,1,4,0,5,1,0,0,1,1,8,8,2,0,1,1,2,5,0,1,0,1,2,0,1,0,0,0,1,0,0,1,1,0,1,0,0,0,0,0,1,0,1,0,1,1,2,1,0,0,0,0,0,1,1,1,0,1,0,0,1,0,0,1,0,1,0,1,0,0,1,0,0,0,1,1,0,0,0,0,0,2,0,1,0,1,0,0,0,0,1,1,1,0,0,2,0,1,0,0,0,0,0,1,0,0,0,0,0,0,0,0,0,0,0,0,0,0,0,0,0,0,0,0,0,1,0,0,0,1,0,0,0,0,0,0,0,0,0,0,0,0,0,0,0,0,0,0,0,0,0,0,0,0,0,0,0
S08M07,2383,1081,812,806,492,412,394,250,226,256,228,286,197,101,148,162,165,129,126,135,114,116,113,110,119,99,90,94,92,127,91,115,124,83,87,88,70,104,75,66,80,71,74,85,79,72,66,71,73,62,55,26,90,79,58,68,70,71,61,48,62,65,41,54,56,46,28,66,50,48,49,61,30,40,38,59,30,50,36,33,13,38,50,40,29,33,47,51,29,39,30,24,24,26,34,43,31,25,28,25,25,37,25,31,36,20,16,26,19,13,17,26,24,13,16,19,17,27,11,28,22,23,28,17,16,26,11,16,2,18,21,21,28,8,1,16,8,20,13,19,13,20,10,9,15,0,15,3,14,19,14,12,6,12,6,15,16,15,14,10,4,2,4,4,10,3,12,10,9,3,4,4,4,3,7,9,5,3,5,4,6,7,3,4,8,2,5,12,5,5,2,4,7,5,5,8,2,7,7,5,3,4,7,7,7,7,0,7,0,2,7,7,3,8,6,7,3,2,0,2,5,3,3,1,1,1,1,1,0,1,3,0,2,1,0,2,5,0,0,3,0,0,1,1,0,1,2,2,2,2,2,0,2,2,0,4,2,2,0,1,0,0,1,0,0,3,0,0,1,1,1,1,1,0,0,0,0,1,0,0,0,1,0,1,0,0,1,0,0,0,0,0,0,0,0,0,0,0,0,0,0,0,1,0,0,0,0,0,0,2,0,0,0,0,0,0,0,0,0,0,0,0,1,0,0,0,0,0,0,0,0,0,0,0,0,0,0,0,1,0,0,0,0,0,0,0,0,0,0,0,0,0,0,0,0,0,0,0,0,0,0,0,0,0,0,0,0,0,0,0,0,0,0,0,0,0,0,0,0,0,0,0,0,0,0,0,0,0,0,0,0,0,0,0,0,0,0,0,0,0,0,0,0,0,0,0,0
S08M08,2154,1012,800,725,425,407,227,225,197,159,201,167,188,100,145,127,164,122,108,137,129,95,141,147,87,79,95,96,95,91,82,119,90,73,83,73,71,65,69,74,68,63,71,89,57,59,65,67,71,60,56,40,67,46,28,67,83,48,59,40,83,44,42,39,58,37,55,76,55,52,28,54,23,32,46,38,27,39,40,39,19,34,30,38,36,18,31,30,29,34,29,17,25,23,28,31,25,25,25,20,23,41,21,25,25,17,20,42,21,19,19,30,23,13,17,22,32,22,12,28,11,22,14,13,23,14,10,15,10,13,6,22,16,8,7,12,11,14,11,14,19,17,12,9,8,4,10,4,6,17,8,3,7,8,9,10,10,8,11,8,5,9,6,5,8,7,7,4,9,9,2,3,2,4,5,7,11,3,6,7,9,11,3,5,9,3,6,8,4,4,5,5,4,4,10,9,0,9,9,5,0,8,9,9,9,9,0,9,2,12,9,9,4,3,6,0,5,3,5,2,5,6,6,2,2,2,2,2,2,2,6,2,1,3,1,1,3,1,2,2,5,2,3,1,1,0,0,2,0,0,0,2,2,0,1,3,0,1,1,0,0,0,0,0,0,1,0,1,0,0,0,0,0,2,2,0,0,0,0,1,1,0,2,0,1,0,0,0,0,0,0,0,0,0,0,0,0,0,0,0,0,0,0,0,0,0,0,0,0,0,0,0,0,0,0,0,0,0,0,0,0,0,0,0,0,0,0,0,0,0,0,0,0,0,0,0,0,0,0,0,0,0,0,0,0,0,0,0,0,0,0,0,0,0,0,0,0,0,0,0,0,0,0,1,0,0,0,0,0,0,0,0,0,0,0,0,0,0,0,0,0,0,0,0,0,0,0,0,0,0,0,0,0,0,0,0,0,0,0,0,0,0,0,0,0,0,0
S08M09,531,240,190,155,102,82,43,61,87,50,40,29,47,40,29,31,18,35,27,23,24,26,12,10,26,21,18,20,23,27,33,9,26,27,5,29,16,24,22,18,17,22,15,9,20,17,12,15,12,12,22,20,11,13,15,10,4,13,12,30,6,11,11,34,11,18,14,2,10,13,8,9,17,9,13,6,15,12,11,13,42,3,8,12,18,11,7,10,8,3,0,9,6,6,11,3,6,10,5,6,5,2,8,5,6,5,5,0,5,8,2,3,4,4,1,3,0,2,4,2,4,2,2,5,3,2,6,5,18,7,3,1,1,4,6,0,6,0,3,1,3,1,4,3,1,13,2,1,4,1,1,2,3,1,3,3,0,1,3,3,3,11,2,2,3,3,2,2,1,2,2,5,5,2,4,1,2,1,1,0,2,1,1,2,1,1,2,0,0,0,2,1,0,0,0,1,1,1,1,1,1,0,1,1,1,1,0,1,0,0,1,1,2,1,0,0,1,2,1,0,0,1,1,1,1,1,1,1,2,1,1,1,1,0,0,1,0,0,0,0,0,0,1,0,3,0,1,0,1,0,0,0,0,0,1,0,0,0,0,0,0,0,0,0,0,0,0,0,0,1,0,0,0,0,0,0,0,0,0,1,0,0,0,0,0,0,1,1,0,0,1,0,0,0,0,0,0,1,0,0,0,0,0,0,1,0,0,1,1,0,0,0,0,0,0,0,0,1,1,0,0,0,0,1,1,1,1,0,0,0,0,0,0,0,1,0,0,0,0,1,0,0,0,0,1,0,0,0,0,0,0,1,0,0,0,0,0,0,0,0,0,0,1,0,1,0,0,0,0,0,0,0,0,0,0,0,0,1,0,0,0,0,0,0,0,0,1,0,0,0,0,0,0,0,0,0,0,0,0,0,0,0,0,0,0,0,0
S08M10,553,238,165,109,85,57,88,51,50,39,40,42,32,36,29,20,19,26,27,18,18,35,10,6,19,22,16,12,18,19,12,10,42,22,19,15,15,21,12,12,15,14,11,6,13,9,12,18,14,10,12,21,6,14,3,12,6,12,8,11,3,11,19,1,12,10,10,1,8,7,52,5,15,15,8,7,5,13,8,12,4,8,13,12,3,14,6,4,5,4,7,13,8,7,2,3,9,6,6,5,5,2,10,2,6,4,8,1,3,9,8,1,5,4,5,3,0,4,7,1,2,2,6,5,0,5,5,3,1,4,3,9,2,1,2,2,4,4,3,3,2,0,3,1,4,0,1,1,1,0,3,2,6,1,3,1,3,1,3,0,4,0,2,5,2,4,2,2,1,2,3,1,3,4,3,1,1,2,0,1,1,0,2,2,0,3,2,0,4,4,1,1,0,4,0,0,0,0,0,1,12,0,0,0,0,0,17,0,0,1,0,0,0,0,1,2,1,0,0,1,0,1,1,1,1,1,1,1,1,1,1,1,1,0,0,1,0,0,0,0,0,1,0,1,2,0,1,0,1,1,1,0,1,1,0,0,0,0,0,1,0,0,1,0,0,0,1,1,0,0,0,0,0,0,0,0,0,0,0,0,0,0,0,0,0,0,0,0,0,0,0,0,0,0,1,0,0,0,0,0,0,0,0,0,0,0,0,0,0,0,0,0,0,0,0,0,0,0,0,0,0,0,0,0,0,0,0,0,0,0,0,0,0,0,0,0,0,0,0,0,0,0,0,0,0,0,0,0,0,0,0,0,0,0,0,0,0,0,0,0,0,0,0,0,0,0,0,0,0,0,0,0,0,0,0,0,0,0,0,0,0,0,0,0,0,0,0,0,0,0,0,0,0,0,0,0,0,0,0,0,0,0,0,0,0,0,0
S09M02,242,120,97,79,55,47,37,21,30,12,16,18,12,17,12,16,13,14,13,13,9,13,6,3,17,13,9,13,9,17,18,3,5,9,3,9,7,9,9,5,12,9,3,3,8,9,6,9,9,6,7,10,8,12,8,8,4,7,5,17,5,4,6,7,3,11,8,2,4,7,1,3,11,5,5,7,3,6,3,5,12,1,3,3,9,9,4,4,4,2,0,6,3,1,6,1,1,4,1,3,2,1,3,2,2,2,2,1,2,2,1,2,1,1,1,3,0,0,2,2,3,2,0,2,1,0,0,2,0,0,3,2,2,1,0,1,1,0,1,0,1,1,1,0,1,0,0,2,1,1,1,2,0,2,0,2,0,0,0,1,2,0,1,0,1,0,1,0,0,2,0,0,0,3,2,0,1,1,0,0,1,0,1,1,0,0,1,1,0,0,0,1,0,0,0,0,0,0,0,1,0,0,0,0,0,0,1,0,0,0,0,0,1,1,1,0,0,2,1,0,0,1,1,0,0,0,0,0,0,0,1,0,1,0,0,1,1,0,0,0,1,0,0,0,1,0,0,0,0,0,0,0,0,0,0,0,0,0,0,0,0,0,0,1,0,0,0,0,1,0,0,0,0,0,1,0,0,0,0,0,0,0,1,0,0,0,0,1,0,0,0,0,0,0,0,0,0,0,1,0,0,1,0,0,0,0,0,0,0,0,0,0,0,0,0,0,0,0,0,0,0,0,0,0,0,0,0,0,0,0,0,0,0,0,0,0,0,0,0,0,0,0,0,0,0,0,0,0,0,0,0,0,0,0,0,0,0,0,0,0,0,0,0,0,0,0,0,0,0,0,0,0,0,0,0,0,0,0,0,0,0,0,0,0,0,0,0,0,0,0,0,0,0,0,0,0,0,0,0,0,0,0,0,0,0,0,0
S09M04,701,330,270,188,129,124,57,85,40,44,67,50,69,45,37,44,37,40,46,41,41,33,34,34,25,39,36,34,32,28,23,30,11,21,36,29,27,23,31,25,25,21,25,20,18,18,26,7,24,21,19,20,26,17,21,22,21,23,21,4,19,5,22,3,13,13,17,19,22,17,10,14,10,12,18,12,12,15,15,15,1,10,11,8,10,8,6,6,12,11,17,7,10,9,7,8,8,4,9,11,9,2,6,6,4,9,7,7,8,10,7,5,2,5,8,4,6,2,4,2,8,2,0,6,2,1,7,3,0,1,7,7,2,4,4,8,4,1,4,0,2,0,4,4,3,3,4,4,1,0,3,5,3,5,3,4,0,4,0,0,4,0,2,2,3,1,1,0,1,2,0,1,2,2,1,0,3,2,1,3,4,0,2,1,0,2,2,0,2,2,1,1,2,2,3,0,0,2,0,0,0,3,0,0,0,0,0,0,1,2,0,0,3,0,0,1,2,0,1,0,0,1,2,1,1,1,2,1,1,1,1,1,0,0,1,0,0,1,0,1,0,0,0,2,0,1,0,0,0,0,0,0,0,0,0,3,0,1,0,1,1,1,1,0,0,1,0,0,0,0,0,0,0,0,0,0,0,1,0,0,0,0,0,0,0,0,0,0,0,0,0,1,0,1,0,0,0,0,0,0,0,0,0,0,0,0,0,0,0,0,0,0,0,0,0,0,0,0,0,0,0,0,0,0,0,0,0,0,0,0,0,0,0,0,0,0,0,0,0,0,0,0,0,0,0,0,0,0,0,0,0,0,0,0,0,0,0,0,0,0,0,0,0,0,0,0,0,0,0,0,0,0,0,0,0,0,0,0,0,0,0,0,0,1,0,0,0,0,0,0,0,0,0,0,0,0,0,0,0,0,0,0,0,0,0,0,0
S09M05,1483,716,536,471,303,273,197,173,260,134,108,138,122,98,88,89,99,81,72,82,72,76,76,74,73,70,61,66,64,60,61,60,68,49,62,61,48,66,45,42,53,50,44,55,44,47,39,41,40,61,44,48,45,50,36,38,45,45,42,44,37,33,31,85,54,27,33,30,43,34,24,34,31,38,22,33,31,27,24,20,76,31,23,26,24,32,29,28,19,19,19,15,18,19,19,22,23,30,16,15,17,18,19,17,18,17,12,14,15,8,15,15,23,18,11,15,12,20,9,22,14,18,24,13,13,23,20,11,2,7,14,7,10,22,2,8,2,19,11,10,6,15,5,5,12,1,5,10,17,15,12,7,4,4,6,7,16,5,9,14,3,1,4,4,7,1,5,7,6,5,2,5,2,2,4,7,4,4,0,4,3,5,3,1,4,3,4,9,4,4,1,2,4,4,5,4,19,5,4,3,2,3,4,4,4,4,0,4,2,0,4,4,3,2,2,1,3,2,3,4,5,1,2,1,1,1,1,1,2,1,1,2,3,4,1,2,2,1,0,1,3,10,3,1,0,0,2,0,2,2,2,1,0,2,0,0,1,2,0,1,0,0,1,0,2,1,0,0,1,1,0,2,0,0,0,0,1,1,0,0,1,0,0,0,0,0,0,0,0,0,0,1,0,0,0,0,0,0,0,0,0,0,0,0,0,0,0,0,0,0,0,0,0,0,0,0,0,0,0,0,0,0,0,0,0,0,0,0,0,0,0,0,0,0,0,0,0,0,0,0,0,0,0,0,0,0,0,0,0,0,0,0,0,0,0,0,0,0,0,0,0,0,0,0,0,0,0,0,0,0,0,0,0,0,0,0,0,0,0,0,0,0,0,0,0,0,0,0,0,0,0,0,0,0,0,0,0,0,0,0,0,0,0,0,0,0,0
S09M07,2388,1175,926,794,556,430,283,274,206,223,187,235,205,132,137,150,143,155,144,118,126,114,109,102,132,108,102,95,118,123,107,91,80,85,78,110,83,69,85,73,80,64,73,79,84,78,84,72,63,61,83,66,66,78,50,62,66,64,60,74,63,67,59,49,46,62,63,59,53,55,37,52,45,43,51,53,40,52,45,38,29,22,39,36,44,33,45,57,36,32,22,31,31,31,36,20,19,24,35,32,26,36,24,24,29,20,26,21,18,15,24,24,15,15,18,20,25,12,10,13,19,9,18,21,21,17,10,19,26,21,14,11,10,10,13,9,9,8,20,11,7,6,12,8,12,19,15,3,9,6,11,8,11,10,8,11,8,12,18,12,10,14,6,7,7,7,13,12,6,11,3,9,4,10,8,6,7,3,1,6,7,3,3,7,3,4,5,3,6,6,3,6,2,6,5,3,3,3,3,6,3,4,3,3,3,3,1,3,2,2,3,3,4,9,3,3,4,5,1,2,3,2,2,0,0,0,0,0,4,0,2,2,5,1,0,5,1,0,1,3,1,1,3,0,5,1,1,2,1,0,0,2,2,0,2,3,3,2,1,3,0,0,3,2,0,1,0,1,1,1,2,2,2,0,3,0,0,0,1,0,0,0,0,1,1,3,0,2,0,1,1,0,0,0,0,0,0,1,1,2,3,1,0,0,1,1,0,1,1,0,0,0,0,0,0,0,0,1,1,0,0,0,0,1,1,1,1,0,0,0,0,0,0,0,1,0,0,0,0,1,0,0,0,0,1,0,0,0,0,0,0,1,0,0,0,0,0,0,0,0,0,0,1,0,1,0,0,0,0,0,0,0,0,0,0,0,0,1,0,1,0,0,0,0,0,0,1,0,0,0,0,0,0,0,0,0,0,0,0,0,0,0,0,0,1,0,0
S09M08,2774,1237,960,850,525,432,388,334,267,286,241,293,224,142,142,152,145,144,150,123,150,129,117,113,132,118,109,86,116,131,94,104,134,92,96,101,90,91,102,83,80,79,76,91,88,86,65,99,76,83,71,80,80,78,54,65,67,58,60,59,54,77,63,17,64,69,69,61,52,65,100,70,93,68,52,53,41,62,51,56,51,46,57,49,42,38,55,55,37,38,42,46,36,29,33,30,36,25,46,37,31,43,39,32,37,26,24,18,19,26,20,24,26,25,21,19,19,24,48,15,21,12,29,26,25,29,14,24,31,22,17,29,22,13,12,14,16,25,14,21,13,8,11,10,12,13,17,10,5,8,11,13,10,12,13,10,17,15,17,13,9,20,7,11,9,13,11,11,12,10,38,4,13,13,9,8,6,4,1,6,6,3,4,10,5,13,5,5,7,6,5,6,1,6,3,3,2,3,3,7,12,3,4,3,4,3,23,3,3,3,3,3,1,4,7,8,5,6,5,7,3,5,5,4,3,3,3,4,2,3,5,2,6,4,1,5,3,1,2,2,1,5,4,0,5,3,2,4,2,2,3,2,4,2,3,4,1,1,0,3,1,1,3,1,1,2,2,1,0,0,5,2,2,0,1,1,0,1,4,1,0,0,0,1,1,1,0,0,0,2,0,0,2,0,0,2,1,0,0,2,1,0,0,1,0,1,0,1,1,0,0,0,0,0,1,0,0,0,0,0,0,0,0,0,0,0,0,0,0,0,0,0,1,0,0,0,0,0,0,0,0,0,0,0,0,0,1,0,0,0,0,0,0,0,0,0,0,0,0,0,0,0,0,0,0,0,0,0,1,1,0,0,0,1,0,0,0,0,1,0,0,0,0,0,0,0,0,0,0,0,0,0,0,0,0,0,0,0,0,0,0,0,0,0,0,0,0
S09M09,2688,1166,898,931,468,449,463,290,438,217,194,304,194,154,171,141,179,139,102,140,153,129,148,140,104,102,97,89,97,114,132,137,157,90,77,89,79,96,90,60,77,69,70,104,68,65,61,124,75,79,65,92,101,73,60,63,74,68,61,95,64,57,68,133,74,65,59,100,60,55,79,68,92,79,33,58,49,47,46,50,123,58,44,44,41,64,47,87,35,44,24,29,30,28,30,33,38,40,38,35,26,55,26,32,33,22,22,36,22,24,21,25,37,31,14,16,25,31,33,29,17,26,32,27,21,33,29,19,23,17,15,30,21,31,6,7,11,26,13,27,17,19,12,9,13,3,16,14,13,19,13,7,11,8,11,9,22,14,26,11,11,14,8,12,8,9,8,11,18,9,20,5,9,9,4,21,7,6,9,3,5,11,5,6,13,10,6,8,6,6,5,5,17,6,7,8,25,8,8,5,15,3,8,8,8,8,15,8,4,11,8,8,2,16,10,13,3,6,8,13,13,2,2,4,3,3,3,3,4,3,2,4,6,6,0,6,5,0,2,3,3,4,4,1,2,3,1,5,1,1,1,2,4,1,2,0,0,3,2,1,0,0,1,0,2,1,0,1,1,1,1,2,0,2,1,0,1,1,0,0,1,0,0,0,1,1,1,0,0,1,0,0,1,0,0,1,1,0,0,1,0,0,0,0,0,1,0,0,0,0,0,0,0,0,0,0,0,0,0,0,0,0,0,0,0,0,0,0,0,0,0,0,0,0,0,0,0,0,0,0,0,0,0,0,0,0,0,0,0,0,0,0,0,0,0,1,0,0,0,0,0,0,0,0,0,0,0,0,0,0,0,0,0,0,0,0,0,0,0,0,0,0,0,0,0,0,0,0,0,0,0,0,0,0,0,0,0,0,0,0,0,0,0,0,0,0,0
S09M10,501,237,187,157,106,84,48,58,108,44,36,29,41,40,29,32,20,29,29,23,23,27,17,11,25,20,17,20,23,28,43,12,15,23,5,24,16,19,19,14,17,19,20,11,19,14,15,21,14,14,15,19,17,13,11,10,7,10,13,39,6,12,16,35,10,16,11,5,9,15,8,8,25,9,10,11,19,8,11,8,46,2,10,12,19,13,7,12,10,3,0,10,5,4,9,3,4,10,5,4,5,3,9,3,6,4,5,1,5,4,3,2,3,3,1,2,1,2,5,2,3,2,4,4,3,4,4,3,10,5,4,1,3,3,7,0,4,1,3,2,3,2,3,2,1,9,2,2,3,1,1,3,3,1,3,1,0,1,5,3,3,5,2,2,2,2,2,4,2,2,3,2,7,4,4,2,2,1,1,0,2,1,1,2,1,2,1,0,1,1,2,1,0,1,0,1,1,2,1,1,0,0,1,1,1,1,0,1,0,1,1,1,3,1,0,1,1,0,1,1,0,1,1,1,1,1,1,1,1,1,1,1,0,1,0,1,0,0,0,0,1,1,1,0,3,0,0,1,0,0,0,0,0,0,1,0,1,0,0,0,0,0,0,0,0,0,0,0,0,1,1,2,1,1,1,0,0,0,1,0,0,0,0,0,1,1,0,0,0,0,0,0,0,0,0,0,0,0,0,1,0,0,0,0,0,0,1,0,0,0,0,1,0,1,0,0,0,0,0,0,0,0,0,0,0,0,0,0,0,0,0,0,1,0,0,0,0,0,0,0,0,0,0,0,0,0,0,0,0,0,0,0,1,0,0,0,0,0,0,0,0,0,0,0,0,0,0,0,0,0,1,0,0,0,0,0,0,0,0,0,0,0,0,0,0,0,0,0,0,0,0,0,0,0,0,0,0,0,0,0,0,0,0,0,0,0,0
S09M12,248,138,94,82,56,50,20,20,23,18,10,14,15,19,18,16,26,18,19,12,9,13,7,7,12,9,9,10,14,16,14,6,8,9,4,14,8,9,6,6,9,7,8,10,11,7,2,5,9,8,10,12,7,5,9,9,6,9,9,11,7,7,9,1,6,8,6,3,4,3,3,6,8,5,5,5,9,5,5,3,4,1,7,4,10,9,4,5,3,4,3,9,4,2,6,1,3,4,2,3,3,0,5,4,5,4,2,2,2,1,2,3,2,2,0,1,0,1,3,1,3,2,2,3,1,2,2,2,2,0,2,0,1,1,1,4,1,0,1,1,0,1,1,1,1,1,1,0,0,0,1,1,1,2,1,3,0,1,2,1,1,1,2,1,0,0,1,2,1,1,0,1,1,2,3,1,1,2,0,0,1,0,2,0,0,0,0,0,0,0,1,0,0,0,0,0,0,0,0,1,0,0,0,0,0,0,0,0,1,0,0,0,2,0,0,0,0,1,1,0,0,0,0,1,1,1,1,1,0,1,0,0,0,0,1,0,1,1,0,0,0,0,0,0,2,0,0,1,0,0,0,0,0,0,0,0,1,0,0,0,0,0,0,2,0,0,0,0,1,0,0,0,0,0,0,0,0,0,0,0,0,0,0,0,0,0,0,1,0,0,0,0,0,0,0,0,0,0,1,0,0,1,0,0,0,0,0,0,0,0,0,0,0,0,0,0,0,0,0,0,0,0,0,0,0,0,0,0,0,0,0,0,0,0,0,0,0,0,0,0,0,0,0,0,0,0,0,0,0,0,0,0,0,0,0,0,0,0,0,0,0,0,0,0,0,0,0,0,0,0,0,0,0,0,0,0,0,0,0,0,0,0,0,0,0,0,0,0,0,0,0,0,0,0,0,0,0,0,0,0,0,0,0,0,0,0,0
S10M01,563,247,198,217,105,97,134,52,68,21,37,125,41,27,41,40,32,22,36,31,51,33,43,52,39,15,15,18,21,20,13,48,15,22,16,19,10,19,27,13,12,14,30,30,29,19,9,27,15,7,9,3,25,12,16,11,29,5,8,7,13,32,11,0,21,15,7,30,16,7,1,25,2,10,6,12,9,9,14,4,1,21,14,8,6,6,28,22,8,11,5,4,10,7,16,9,12,5,17,11,5,18,6,2,8,1,3,14,3,2,2,5,13,8,2,1,7,13,3,4,6,5,10,11,12,12,2,2,2,2,5,4,12,2,0,3,1,11,1,8,6,4,2,3,0,0,4,2,10,4,0,3,4,6,3,2,9,3,1,3,0,2,2,2,3,1,1,1,11,0,0,1,1,1,1,5,0,1,0,0,0,4,0,1,2,3,1,2,1,1,2,0,2,1,1,2,1,2,2,5,0,1,2,2,2,2,0,2,0,0,2,2,0,1,3,4,0,1,0,1,1,0,0,1,1,1,1,1,1,1,0,1,0,0,0,0,2,0,0,0,0,0,0,0,0,0,0,2,0,0,0,0,1,0,0,1,2,0,1,0,0,0,0,0,0,0,0,0,0,0,0,0,0,1,0,0,1,2,0,1,0,0,0,0,0,0,0,0,0,0,0,0,0,0,0,0,0,0,0,0,0,0,0,0,0,0,0,0,0,0,0,0,0,0,0,0,0,0,0,0,0,0,0,0,0,0,0,0,0,0,0,0,0,0,0,0,0,0,0,0,0,0,0,0,0,0,0,0,0,0,0,0,0,0,0,0,0,0,0,0,0,0,0,0,0,0,0,0,0,0,0,0,0,0,0,0,0,0,0,0,0,0,0,0,0,0,0,0,0,0,0,0,0,0,0,0,0,0,0,0,0,0,0,0,0,0,0
S10M02,418,189,133,110,66,57,89,39,45,9,14,33,24,23,23,26,21,18,13,15,15,16,7,6,14,21,11,9,19,20,10,10,30,14,15,15,10,12,14,9,10,6,15,6,10,10,9,19,13,14,5,20,11,16,5,6,7,10,8,10,5,10,15,0,17,12,12,1,9,5,36,6,11,18,5,9,4,14,6,11,4,2,9,10,7,6,4,4,5,4,6,4,7,6,7,1,6,2,2,8,6,4,5,2,5,4,6,0,3,5,4,3,6,6,3,2,0,8,6,1,4,1,8,4,1,8,0,3,0,0,5,9,2,0,1,1,5,7,3,3,3,0,3,3,4,1,1,2,1,0,5,2,1,1,2,3,6,1,2,0,3,0,2,2,0,3,1,1,2,4,2,0,1,1,0,2,4,2,1,0,0,2,1,1,1,2,0,0,1,1,0,0,0,1,0,0,0,0,0,0,2,0,1,0,0,0,2,0,0,0,0,0,0,1,1,7,3,2,0,0,1,3,2,0,0,0,0,0,0,1,3,0,1,0,0,1,0,0,0,0,0,0,1,0,0,1,0,0,1,0,0,0,1,0,0,0,0,0,0,1,2,2,1,0,0,0,0,0,0,2,0,1,0,0,0,0,1,0,0,0,0,1,1,0,0,0,1,1,0,0,0,0,0,0,0,0,0,1,0,1,0,0,0,1,0,0,0,1,0,0,0,0,0,0,0,0,0,1,0,0,1,0,0,1,0,0,0,1,0,0,0,0,1,0,0,0,0,0,0,0,0,0,1,0,0,0,0,0,1,0,0,0,0,0,0,0,0,0,0,0,1,0,0,0,0,0,0,0,0,0,0,0,0,0,0,0,1,0,0,0,0,0,0,0,0,0,0,0,0,0,0,0,0,0,0,0,0,0,0,0,0,0,0,0,0,0,0
S10M05,1213,550,402,298,245,181,163,136,127,133,113,85,99,76,59,62,54,67,59,51,39,58,31,20,53,57,56,43,57,46,43,22,68,46,37,42,52,33,35,45,34,40,35,16,35,30,30,36,24,36,41,41,17,33,18,40,14,29,34,24,14,34,35,32,20,26,22,6,19,24,59,15,36,34,21,15,27,25,21,22,22,15,23,24,16,17,20,10,15,12,17,22,13,9,8,11,16,14,9,9,12,5,19,13,16,12,14,0,14,11,13,6,6,6,8,11,2,5,7,6,8,3,9,5,2,8,13,10,4,11,7,9,5,6,2,6,7,7,5,5,3,2,7,4,6,1,5,3,3,1,6,4,7,5,7,5,3,5,3,5,6,3,3,7,5,5,6,4,1,4,3,1,3,7,4,2,3,2,4,1,3,0,2,3,2,4,5,0,3,3,3,2,3,3,1,0,4,0,0,3,6,1,0,0,0,0,15,0,0,0,0,0,1,0,1,6,2,4,1,3,1,3,3,3,2,2,2,2,1,2,3,1,1,3,0,1,0,0,1,0,0,2,0,0,4,0,1,0,1,1,1,0,0,1,1,1,0,1,6,3,2,2,3,0,1,1,4,2,1,2,0,0,0,0,0,0,0,0,1,0,0,0,0,0,0,0,0,0,0,0,0,0,1,0,0,1,1,0,0,0,0,0,0,0,0,1,0,0,0,1,0,0,0,0,0,0,0,0,0,1,0,0,0,0,0,0,0,0,0,0,0,0,0,0,0,0,0,0,0,0,0,0,0,0,0,0,0,0,0,0,0,0,0,0,0,0,0,0,0,0,0,0,0,0,0,0,0,0,0,0,0,0,0,0,0,0,0,0,0,0,0,0,0,0,0,0,0,0,0,0,0,0,0,0,0,0,0,0,0,0,0,0,0,0,0,0,0
S10M07,2315,1112,860,652,490,391,229,257,176,217,209,166,213,158,131,150,111,153,137,117,96,105,78,88,110,113,101,106,100,102,102,66,47,90,96,110,79,82,79,70,71,73,67,51,70,67,73,44,69,76,93,75,54,66,60,68,67,81,65,74,49,55,63,46,53,51,60,28,57,49,41,44,44,37,51,38,52,54,42,45,27,29,32,43,46,35,33,31,38,28,36,43,23,34,41,17,26,36,15,21,28,7,27,30,28,39,34,13,20,21,27,22,15,20,31,21,9,15,13,13,19,11,7,14,11,7,26,15,18,17,16,13,9,15,23,14,14,1,15,5,10,5,11,15,9,20,6,7,7,4,9,10,11,10,12,19,2,5,7,7,14,9,7,11,6,11,6,7,4,9,3,13,11,11,11,2,6,6,5,8,6,4,6,8,4,6,5,1,7,5,6,6,6,5,1,3,7,3,3,4,5,1,3,4,4,4,2,4,7,2,3,3,8,2,1,0,3,1,6,3,1,1,1,4,4,4,4,4,3,4,3,3,2,4,5,1,1,4,3,2,3,1,2,4,6,4,1,0,1,1,1,0,2,1,0,0,0,1,2,3,2,2,3,2,0,0,0,1,1,1,1,0,1,2,0,1,0,0,1,0,2,0,0,0,0,0,0,0,0,0,0,0,0,2,0,0,1,0,2,0,0,0,1,0,1,0,0,0,0,0,0,0,0,0,0,0,0,0,0,0,0,0,0,0,0,0,0,2,0,0,0,0,0,0,0,0,0,0,0,0,0,0,0,0,0,0,0,2,0,3,2,0,0,0,0,0,0,0,2,0,0,0,0,0,0,2,1,0,0,0,0,2,0,0,0,1,0,0,0,0,0,0,0,0,0,1,0,0,1,1,0,0,0,0,0,0,0,0,0,0,0,0,0,0,0,1,0
S10M08,2043,957,711,639,428,329,216,248,211,203,177,150,185,115,121,119,110,113,112,106,93,107,76,58,98,80,89,98,87,91,70,83,85,92,51,80,70,57,73,64,66,68,65,43,72,53,65,77,48,46,58,40,49,56,82,55,29,51,48,45,31,54,37,57,37,49,36,37,41,41,33,28,29,35,37,35,49,32,30,35,26,26,49,43,37,24,32,33,29,26,17,30,19,23,21,24,18,22,22,22,22,21,27,19,19,15,17,15,19,16,14,6,16,16,10,13,11,16,15,17,17,17,12,15,14,12,10,15,20,21,14,21,14,11,16,7,12,4,11,12,13,11,9,11,5,14,12,3,5,11,5,7,15,9,10,3,4,8,9,8,6,13,10,9,7,6,6,8,7,7,5,7,11,6,7,6,7,6,6,1,7,6,7,7,7,4,5,5,4,4,7,4,1,4,4,6,1,6,6,6,1,4,6,6,6,6,2,6,5,2,6,6,2,4,7,4,1,2,3,2,0,3,3,3,3,3,3,3,3,3,3,3,2,1,4,2,2,4,2,3,0,1,2,2,3,1,1,1,1,1,1,0,1,1,3,0,1,1,0,0,1,1,0,2,0,0,0,0,0,0,1,1,1,0,0,1,0,0,1,0,0,0,0,0,0,0,1,1,0,0,0,0,0,0,0,0,0,0,0,0,2,0,0,0,0,0,0,0,0,0,0,0,0,0,0,1,0,0,0,0,0,0,0,0,0,0,0,0,0,0,0,0,0,1,0,0,0,0,0,0,0,0,0,0,0,0,0,0,0,0,0,0,0,0,0,0,0,0,0,0,0,0,0,0,0,0,0,0,0,0,0,0,0,0,0,0,0,0,0,0,0,0,0,0,0,0,0,0,0,0,0,0,0,0,0,0,0,0,0,0,0,0,0,0,0,0,0
S10M09,1651,775,588,524,339,260,228,174,187,122,111,128,129,108,91,105,96,100,86,81,67,82,60,54,72,82,57,67,78,72,56,49,61,64,41,67,56,97,57,52,42,54,57,47,47,47,48,53,36,48,61,59,47,53,45,34,36,53,39,44,35,36,36,69,36,37,43,27,33,31,30,34,41,40,28,53,36,38,31,34,46,31,26,39,48,36,26,48,29,19,13,20,22,19,29,16,15,23,13,22,11,11,24,27,27,21,16,10,13,12,12,12,17,13,8,14,4,19,12,16,17,17,19,14,9,17,11,11,30,10,18,12,10,9,12,7,8,7,11,9,11,13,7,11,8,19,8,9,9,12,7,14,4,5,9,10,3,7,15,7,6,13,6,8,1,4,4,14,5,5,7,8,8,6,6,4,3,4,3,1,3,8,4,5,8,6,1,3,3,3,4,5,4,2,1,10,4,8,8,3,2,0,8,8,8,8,1,8,9,2,8,8,3,4,3,1,1,2,2,4,1,3,2,2,3,2,2,2,3,2,2,3,3,2,2,1,2,2,3,3,0,1,1,0,1,2,4,0,4,5,4,3,1,4,3,0,0,3,1,0,1,1,0,1,1,0,0,1,0,1,1,1,1,0,0,2,0,0,1,0,0,1,0,0,0,0,1,1,0,0,0,0,0,0,0,0,0,1,1,1,0,1,0,0,1,0,1,0,0,0,0,0,1,0,0,0,1,0,0,0,0,1,0,0,0,0,0,0,0,0,0,0,0,0,0,0,1,0,0,0,0,0,0,0,0,0,0,0,0,0,0,0,0,0,0,0,0,0,0,0,0,0,0,0,0,0,0,0,0,0,0,0,0,0,0,0,0,0,0,0,0,0,0,0,0,0,0,0,0,0,0,0,0,0,0,0,0,0,0,0,0,0,0,0,0,0,0
S10M10,915,408,305,227,161,153,112,114,154,99,82,108,83,82,50,55,38,52,67,45,58,41,41,44,28,44,44,42,41,29,58,26,34,29,48,38,42,37,43,34,32,38,30,29,19,36,24,12,21,30,30,20,15,19,37,30,18,22,19,67,15,16,25,100,24,33,15,10,17,20,15,17,44,12,21,15,34,17,14,23,54,25,11,13,11,23,9,5,10,16,17,14,14,13,7,12,7,33,14,11,9,7,8,17,6,7,10,4,10,13,11,6,3,5,10,9,7,3,15,4,7,7,3,9,2,2,24,10,3,7,6,7,7,25,1,6,9,3,6,3,5,2,4,5,4,0,7,3,2,1,4,5,6,6,6,4,0,6,1,1,6,0,5,5,4,7,0,1,1,1,8,5,7,3,2,2,5,4,3,6,4,0,5,3,1,2,3,0,3,3,4,2,1,3,3,1,19,2,0,1,4,3,0,0,0,0,0,0,0,0,0,0,2,1,2,0,1,1,0,0,0,2,4,2,2,2,2,2,1,2,2,1,3,1,0,3,0,0,0,0,0,1,1,2,0,1,2,1,2,2,3,1,0,2,2,0,1,0,0,2,0,0,2,0,1,0,2,1,0,2,1,4,2,0,0,0,0,1,1,0,0,1,0,0,2,0,4,0,0,0,0,2,0,0,0,0,0,0,0,0,0,0,0,0,0,0,0,0,0,0,0,0,0,0,0,0,0,0,0,1,0,0,0,0,0,0,0,0,0,0,0,0,0,0,0,0,0,0,0,0,0,0,0,0,0,0,0,0,0,0,0,0,0,0,0,0,0,0,0,0,0,0,0,0,0,0,0,0,0,0,0,0,0,0,0,0,0,0,0,0,0,0,0,0,0,0,0,0,0,0,1,0,0,0,0,0,0,0,0,0,0,0,0,0,0,0,1
S10M12,325,145,103,80,47,61,30,36,25,21,32,25,23,23,25,17,16,19,21,21,21,13,15,15,9,15,21,23,14,10,17,17,12,15,13,12,17,6,17,16,10,14,13,7,12,12,6,3,11,12,6,3,8,6,15,10,7,5,4,20,8,5,11,1,5,16,3,4,8,9,4,3,11,7,8,8,8,4,3,6,0,11,2,3,1,8,5,2,3,7,6,4,4,5,2,7,3,6,1,5,4,1,2,3,2,2,2,4,2,3,4,1,2,3,4,4,1,1,6,4,3,5,0,2,0,0,3,3,1,1,4,2,3,3,0,2,2,0,1,1,0,3,2,2,3,1,1,5,0,3,3,1,0,3,1,1,0,1,0,2,1,0,1,0,3,1,0,0,0,0,3,3,1,2,1,0,1,1,1,4,1,1,1,2,0,0,1,3,0,0,1,1,0,0,0,0,0,0,0,0,2,0,0,0,0,0,0,0,0,0,0,0,0,0,1,0,0,0,1,1,0,0,0,1,1,1,1,1,1,1,0,1,0,1,0,0,0,0,0,0,0,0,0,0,0,1,0,0,0,0,0,0,0,0,0,0,0,0,0,0,1,1,0,0,0,0,2,0,0,0,0,0,1,1,0,0,0,0,0,0,0,0,0,0,0,0,0,0,0,0,0,0,0,0,0,0,0,0,0,0,0,0,1,0,0,0,0,0,0,0,0,0,0,0,0,0,0,0,0,0,0,0,0,0,0,0,0,0,0,0,0,0,0,0,0,0,0,0,0,0,0,0,0,0,0,0,0,0,0,0,0,0,0,0,0,0,0,0,0,0,0,0,0,0,0,0,0,0,0,0,0,0,1,0,0,0,0,0,0,0,0,0,0,0,0,0,0,0,0,0,0,0,0,0,0,0,0,0,0,0,0,0,0,0,0,0,0
