sample_id,nifH,nifD,nifK,amoA,amoB,amoC,hao,narG,narH,napA,nirK,nirS,norB,nosZ,nrfA,hzo
S01M01,0,0,0,0,0,0,0,0,0,0,1,0,0,0,0,0
S01M02,0,0,0,0,0,0,0,0,0,0,0,0,0,0,0,0
S01M03,0,0,0,0,0,0,0,0,0,0,0,0,0,0,0,0
S01M04,0,0,0,0,0,0,0,0,0,0,0,0,0,0,0,0
S01M05,0,0,0,0,0,0,0,0,0,0,0,0,1,0,0,0
S01M06,0,0,0,0,0,0,0,0,0,0,0,0,0,0,0,0
S01M07,0,0,0,0,0,0,0,0,0,0,0,0,0,0,0,0
S01M08,0,0,0,0,0,1,1,0,0,0,1,0,0,0,0,0
S01M09,0,0,0,0,0,0,0,2,2,0,6,0,0,1,0,0
S01M10,0,0,0,0,0,0,0,0,0,0,0,0,0,0,0,0
S01M12,0,0,0,0,0,0,0,0,0,0,0,0,0,0,0,0
S02M01,0,0,0,0,0,0,0,0,0,0,1,0,0,0,0,0
S02M02,0,0,0,0,0,0,0,2,2,0,0,0,0,0,0,0
S02M03,0,0,0,0,0,0,0,0,0,0,0,0,0,0,0,0
S02M04,0,0,0,0,0,0,0,0,0,0,0,0,0,0,0,0
S02M05,1,0,0,0,0,0,0,0,1,0,2,0,2,1,0,0
S02M06,1,0,0,1,1,0,0,1,1,0,0,0,0,0,0,0
S02M07,0,0,0,0,0,0,0,0,0,0,0,0,0,0,0,0
S02M08,1,0,0,0,0,0,0,0,0,0,0,0,0,0,0,0
S02M09,0,0,0,0,0,0,0,2,2,0,0,0,0,0,0,0
S02M10,0,0,0,0,0,0,0,0,0,0,1,0,0,0,0,0
S02M12,0,0,0,0,0,0,0,0,0,0,0,0,0,0,0,0
S03M01,0,0,0,0,0,0,0,0,0,0,0,0,0,0,0,0
S03M02,1,0,0,0,0,0,0,0,0,0,1,0,0,0,0,0
S03M03,0,0,0,0,0,0,0,0,0,0,0,0,0,0,0,0
S03M04,0,0,0,0,0,0,0,0,0,0,0,0,0,0,0,0
S03M05,1,0,0,0,0,0,0,0,0,0,0,0,0,0,0,0
S03M06,0,0,0,0,0,0,0,0,0,0,1,0,0,0,0,0
S03M07,0,0,0,0,0,0,0,0,0,0,0,0,0,0,0,0
S03M08,0,0,0,0,0,0,0,0,0,0,0,0,0,0,0,0
S03M09,0,0,0,0,0,0,0,0,0,0,0,0,0,0,0,0
S03M10,0,0,0,0,0,0,0,0,0,0,0,0,0,0,0,0
S03M12,0,0,0,0,0,0,0,0,0,0,0,0,0,0,0,0
S04M01,0,0,0,0,0,0,0,0,0,0,0,0,0,0,0,0
S04M02,0,0,0,0,0,0,0,0,0,0,0,0,0,0,0,0
S04M03,0,0,0,0,0,0,0,0,0,0,0,0,0,0,0,0
S04M04,0,0,0,0,0,0,0,0,0,0,0,0,0,0,0,0
S04M05,0,0,0,0,0,0,0,0,0,0,1,0,0,1,0,0
S04M06,0,0,0,0,0,0,0,0,1,0,1,0,2,1,0,0
S04M07,1,0,0,0,0,0,0,0,0,0,0,0,0,0,0,0
S04M08,1,0,0,0,0,0,0,0,0,0,0,0,0,0,0,0
S04M09,0,0,0,0,0,0,0,2,3,0,0,0,0,0,0,0
S04M10,0,0,0,0,0,0,0,0,0,0,0,0,0,0,0,0
S04M12,0,0,0,0,0,0,0,0,0,0,0,0,0,0,0,0
S05M01,0,0,0,0,0,0,0,0,0,0,0,0,0,0,0,0
S05M02,0,0,0,0,0,0,0,0,0,0,1,0,0,0,0,0
S05M03,0,0,0,0,0,0,0,0,0,0,0,0,0,0,0,0
S05M04,0,0,0,0,0,0,0,0,0,0,0,0,0,0,0,0
S05M05,0,0,0,0,0,0,0,0,0,0,0,0,0,0,0,0
S05M06,1,0,0,0,0,0,0,0,1,0,1,0,0,0,0,0
S05M07,1,0,0,0,0,0,0,0,0,0,0,0,0,0,0,0
S05M08,0,0,0,0,0,0,0,0,0,0,0,0,0,0,0,0
S05M09,0,0,0,0,0,0,0,0,0,0,1,0,1,0,0,0
S05M10,0,0,0,0,0,0,0,0,0,0,0,0,0,0,0,0
S05M12,0,0,0,0,0,0,0,0,0,0,0,0,0,0,0,0
S06M01,0,0,0,0,0,0,0,0,0,0,0,0,0,0,0,0
S06M02,0,0,0,0,0,0,0,0,0,0,0,0,0,0,0,0
S06M03,0,0,0,0,0,0,0,0,0,0,0,0,0,0,0,0
S06M04,0,0,0,0,0,0,0,0,0,0,1,0,0,0,0,0
S06M05,0,0,0,0,0,0,0,0,0,0,0,0,0,0,0,0
S06M06,0,0,0,0,0,0,0,0,0,0,0,0,0,0,0,0
S06M07,0,0,0,0,0,0,0,0,0,0,0,0,0,2,0,0
S06M08,0,0,0,0,0,0,0,1,0,0,1,0,0,0,0,0
S06M09,0,0,0,0,0,0,0,0,0,0,0,0,0,0,0,0
S06M10,0,0,0,0,0,0,0,0,0,0,0,0,0,0,0,0
S06M12,0,0,0,0,0,0,0,0,0,0,0,0,0,0,0,0
S07M01,0,0,0,0,0,0,0,0,0,0,0,0,0,0,0,0
S07M02,0,0,0,0,0,0,0,0,0,0,0,0,0,0,0,0
S07M03,0,0,0,0,0,0,0,0,0,0,0,0,0,0,0,0
S07M04,0,0,0,0,0,0,0,0,0,0,0,0,0,0,0,0
S07M05,0,0,0,0,0,0,0,1,3,0,0,1,1,0,0,0
S07M06,0,0,0,0,0,0,0,0,0,0,0,0,0,0,0,0
S07M07,0,0,0,0,0,0,0,0,0,0,0,0,0,0,0,0
S07M08,2,0,0,0,0,0,0,0,0,0,0,0,0,0,0,0
S07M09,0,0,0,0,0,0,0,0,0,0,0,0,0,0,0,0
S07M10,0,0,0,0,0,0,0,0,0,0,0,0,0,0,0,0
S07M12,0,0,0,0,0,0,0,0,0,0,0,0,0,0,0,0
S08M01,0,0,0,0,0,0,0,0,0,0,1,0,0,0,0,0
S08M02,0,0,0,0,0,0,0,0,0,0,0,0,0,0,0,0
S08M03,0,0,0,0,0,0,0,0,0,0,0,0,0,0,0,0
S08M04,0,0,0,0,0,0,0,0,0,0,1,0,0,0,0,0
S08M05,0,0,0,0,0,0,0,1,1,0,0,0,0,0,0,0
S08M06,3,2,1,0,0,0,0,0,0,0,4,0,0,0,0,0
S08M07,1,0,0,0,0,0,0,0,0,0,0,0,0,0,0,0
S08M08,1,0,0,0,0,0,0,0,0,0,0,0,0,0,0,0
S08M09,0,0,0,0,0,0,0,0,0,0,0,0,0,0,0,0
S08M10,0,0,0,0,0,0,0,0,0,0,0,0,0,0,0,0
S08M12,0,0,0,0,0,0,0,0,0,0,0,0,0,0,0,0
S09M01,0,0,0,0,0,0,0,0,0,0,0,0,0,0,0,0
S09M02,0,0,0,0,0,0,0,0,0,0,0,0,0,0,0,0
S09M03,0,0,0,0,0,0,0,0,0,0,0,0,0,0,0,0
S09M04,0,0,0,0,0,0,0,0,0,0,0,0,0,0,0,0
S09M05,0,0,0,0,0,0,0,1,1,0,0,0,0,0,0,0
S09M06,0,0,0,0,0,0,0,0,0,0,0,0,0,0,0,0
S09M07,1,0,0,0,0,0,0,0,0,0,0,0,0,0,0,0
S09M08,1,1,0,0,0,0,0,0,0,0,1,0,0,0,0,0
S09M09,1,0,0,0,0,0,0,2,2,0,0,0,0,0,0,0
S09M10,0,0,0,0,0,0,0,0,0,0,0,0,0,0,0,0
S09M12,0,0,0,0,0,0,0,0,0,0,0,0,0,0,0,0
S10M01,0,0,0,0,0,0,0,0,0,0,0,0,0,0,0,0
S10M02,0,0,0,0,0,0,0,0,0,0,1,0,0,0,0,0
S10M03,0,0,0,0,0,0,0,0,0,0,0,0,0,0,0,0
S10M04,0,0,0,0,0,0,0,0,0,0,0,0,0,0,0,0
S10M05,2,2,1,0,0,0,0,0,0,0,0,0,0,0,0,0
S10M06,0,0,0,0,0,0,0,0,0,0,0,0,0,0,0,0
S10M07,0,0,0,0,0,0,0,0,0,0,1,0,0,0,0,0
S10M08,1,0,0,0,0,0,0,0,0,0,0,0,0,0,0,0
S10M09,0,0,0,0,0,0,0,1,0,0,0,0,0,0,0,0
S10M10,0,0,0,0,0,0,0,0,0,0,0,0,0,0,0,0
S10M12,0,0,0,0,0,0,0,0,0,0,0,0,0,0,0,0
