cohort,row_index_zero_based,sample_id,site,month,season,n
optionC_date_aligned_n107_order_locked,0,S01M12,S01,M12,fall,107
optionC_date_aligned_n107_order_locked,1,S01M01,S01,M01,fall,107
optionC_date_aligned_n107_order_locked,2,S01M02,S01,M02,winter,107
optionC_date_aligned_n107_order_locked,3,S01M03,S01,M03,winter,107
optionC_date_aligned_n107_order_locked,4,S01M04,S01,M04,winter,107
optionC_date_aligned_n107_order_locked,5,S01M05,S01,M05,spring,107
optionC_date_aligned_n107_order_locked,6,S01M06,S01,M06,spring,107
optionC_date_aligned_n107_order_locked,7,S01M08,S01,M08,summer,107
optionC_date_aligned_n107_order_locked,8,S01M09,S01,M09,summer,107
optionC_date_aligned_n107_order_locked,9,S01M10,S01,M10,summer,107
optionC_date_aligned_n107_order_locked,10,S02M12,S02,M12,fall,107
optionC_date_aligned_n107_order_locked,11,S02M01,S02,M01,fall,107
optionC_date_aligned_n107_order_locked,12,S02M02,S02,M02,winter,107
optionC_date_aligned_n107_order_locked,13,S02M03,S02,M03,winter,107
optionC_date_aligned_n107_order_locked,14,S02M04,S02,M04,winter,107
optionC_date_aligned_n107_order_locked,15,S02M05,S02,M05,spring,107
optionC_date_aligned_n107_order_locked,16,S02M06,S02,M06,spring,107
optionC_date_aligned_n107_order_locked,17,S02M07,S02,M07,spring,107
optionC_date_aligned_n107_order_locked,18,S02M08,S02,M08,summer,107
optionC_date_aligned_n107_order_locked,19,S02M09,S02,M09,summer,107
optionC_date_aligned_n107_order_locked,20,S02M10,S02,M10,summer,107
optionC_date_aligned_n107_order_locked,21,S03M12,S03,M12,fall,107
optionC_date_aligned_n107_order_locked,22,S03M01,S03,M01,fall,107
optionC_date_aligned_n107_order_locked,23,S03M02,S03,M02,winter,107
optionC_date_aligned_n107_order_locked,24,S03M03,S03,M03,winter,107
optionC_date_aligned_n107_order_locked,25,S03M04,S03,M04,winter,107
optionC_date_aligned_n107_order_locked,26,S03M05,S03,M05,spring,107
optionC_date_aligned_n107_order_locked,27,S03M06,S03,M06,spring,107
optionC_date_aligned_n107_order_locked,28,S03M07,S03,M07,spring,107
optionC_date_aligned_n107_order_locked,29,S03M08,S03,M08,summer,107
optionC_date_aligned_n107_order_locked,30,S03M09,S03,M09,summer,107
optionC_date_aligned_n107_order_locked,31,S03M10,S03,M10,summer,107
optionC_date_aligned_n107_order_locked,32,S04M12,S04,M12,fall,107
optionC_date_aligned_n107_order_locked,33,S04M01,S04,M01,fall,107
optionC_date_aligned_n107_order_locked,34,S04M02,S04,M02,winter,107
optionC_date_aligned_n107_order_locked,35,S04M03,S04,M03,winter,107
optionC_date_aligned_n107_order_locked,36,S04M04,S04,M04,winter,107
optionC_date_aligned_n107_order_locked,37,S04M05,S04,M05,spring,107
optionC_date_aligned_n107_order_locked,38,S04M06,S04,M06,spring,107
optionC_date_aligned_n107_order_locked,39,S04M07,S04,M07,spring,107
optionC_date_aligned_n107_order_locked,40,S04M08,S04,M08,summer,107
optionC_date_aligned_n107_order_locked,41,S04M09,S04,M09,summer,107
optionC_date_aligned_n107_order_locked,42,S04M10,S04,M10,summer,107
optionC_date_aligned_n107_order_locked,43,S05M12,S05,M12,fall,107
optionC_date_aligned_n107_order_locked,44,S05M01,S05,M01,fall,107
optionC_date_aligned_n107_order_locked,45,S05M02,S05,M02,winter,107
optionC_date_aligned_n107_order_locked,46,S05M03,S05,M03,winter,107
optionC_date_aligned_n107_order_locked,47,S05M04,S05,M04,winter,107
optionC_date_aligned_n107_order_locked,48,S05M05,S05,M05,spring,107
optionC_date_aligned_n107_order_locked,49,S05M06,S05,M06,spring,107
optionC_date_aligned_n107_order_locked,50,S05M07,S05,M07,spring,107
optionC_date_aligned_n107_order_locked,51,S05M08,S05,M08,summer,107
optionC_date_aligned_n107_order_locked,52,S05M09,S05,M09,summer,107
optionC_date_aligned_n107_order_locked,53,S05M10,S05,M10,summer,107
optionC_date_aligned_n107_order_locked,54,S06M12,S06,M12,fall,107
optionC_date_aligned_n107_order_locked,55,S06M01,S06,M01,fall,107
optionC_date_aligned_n107_order_locked,56,S06M02,S06,M02,winter,107
optionC_date_aligned_n107_order_locked,57,S06M03,S06,M03,winter,107
optionC_date_aligned_n107_order_locked,58,S06M04,S06,M04,winter,107
optionC_date_aligned_n107_order_locked,59,S06M05,S06,M05,spring,107
optionC_date_aligned_n107_order_locked,60,S06M06,S06,M06,spring,107
optionC_date_aligned_n107_order_locked,61,S06M07,S06,M07,spring,107
optionC_date_aligned_n107_order_locked,62,S06M08,S06,M08,summer,107
optionC_date_aligned_n107_order_locked,63,S06M09,S06,M09,summer,107
optionC_date_aligned_n107_order_locked,64,S06M10,S06,M10,summer,107
optionC_date_aligned_n107_order_locked,65,S07M12,S07,M12,fall,107
optionC_date_aligned_n107_order_locked,66,S07M01,S07,M01,fall,107
optionC_date_aligned_n107_order_locked,67,S07M02,S07,M02,winter,107
optionC_date_aligned_n107_order_locked,68,S07M03,S07,M03,winter,107
optionC_date_aligned_n107_order_locked,69,S07M04,S07,M04,winter,107
optionC_date_aligned_n107_order_locked,70,S07M05,S07,M05,spring,107
optionC_date_aligned_n107_order_locked,71,S07M06,S07,M06,spring,107
optionC_date_aligned_n107_order_locked,72,S07M07,S07,M07,spring,107
optionC_date_aligned_n107_order_locked,73,S07M08,S07,M08,summer,107
optionC_date_aligned_n107_order_locked,74,S07M09,S07,M09,summer,107
optionC_date_aligned_n107_order_locked,75,S07M10,S07,M10,summer,107
optionC_date_aligned_n107_order_locked,76,S08M12,S08,M12,fall,107
optionC_date_aligned_n107_order_locked,77,S08M01,S08,M01,fall,107
optionC_date_aligned_n107_order_locked,78,S08M02,S08,M02,winter,107
optionC_date_aligned_n107_order_locked,79,S08M03,S08,M03,winter,107
optionC_date_aligned_n107_order_locked,80,S08M04,S08,M04,winter,107
optionC_date_aligned_n107_order_locked,81,S08M05,S08,M05,spring,107
optionC_date_aligned_n107_order_locked,82,S08M06,S08,M06,spring,107
optionC_date_aligned_n107_order_locked,83,S08M07,S08,M07,spring,107
optionC_date_aligned_n107_order_locked,84,S08M08,S08,M08,summer,107
optionC_date_aligned_n107_order_locked,85,S08M09,S08,M09,summer,107
optionC_date_aligned_n107_order_locked,86,S08M10,S08,M10,summer,107
optionC_date_aligned_n107_order_locked,87,S09M12,S09,M12,fall,107
optionC_date_aligned_n107_order_locked,88,S09M01,S09,M01,fall,107
optionC_date_aligned_n107_order_locked,89,S09M02,S09,M02,winter,107
optionC_date_aligned_n107_order_locked,90,S09M03,S09,M03,winter,107
optionC_date_aligned_n107_order_locked,91,S09M04,S09,M04,winter,107
optionC_date_aligned_n107_order_locked,92,S09M05,S09,M05,spring,107
optionC_date_aligned_n107_order_locked,93,S09M07,S09,M07,spring,107
optionC_date_aligned_n107_order_locked,94,S09M08,S09,M08,summer,107
optionC_date_aligned_n107_order_locked,95,S09M09,S09,M09,summer,107
optionC_date_aligned_n107_order_locked,96,S09M10,S09,M10,summer,107
optionC_date_aligned_n107_order_locked,97,S10M12,S10,M12,fall,107
optionC_date_aligned_n107_order_locked,98,S10M01,S10,M01,fall,107
optionC_date_aligned_n107_order_locked,99,S10M02,S10,M02,winter,107
optionC_date_aligned_n107_order_locked,100,S10M03,S10,M03,winter,107
optionC_date_aligned_n107_order_locked,101,S10M04,S10,M04,winter,107
optionC_date_aligned_n107_order_locked,102,S10M05,S10,M05,spring,107
optionC_date_aligned_n107_order_locked,103,S10M07,S10,M07,spring,107
optionC_date_aligned_n107_order_locked,104,S10M08,S10,M08,summer,107
optionC_date_aligned_n107_order_locked,105,S10M09,S10,M09,summer,107
optionC_date_aligned_n107_order_locked,106,S10M10,S10,M10,summer,107
optionC_observed_RGI_n75_order_locked,0,S01M01,S01,M01,fall,75
optionC_observed_RGI_n75_order_locked,1,S01M05,S01,M05,spring,75
optionC_observed_RGI_n75_order_locked,2,S01M06,S01,M06,spring,75
optionC_observed_RGI_n75_order_locked,3,S01M08,S01,M08,summer,75
optionC_observed_RGI_n75_order_locked,4,S01M09,S01,M09,summer,75
optionC_observed_RGI_n75_order_locked,5,S02M12,S02,M12,fall,75
optionC_observed_RGI_n75_order_locked,6,S02M01,S02,M01,fall,75
optionC_observed_RGI_n75_order_locked,7,S02M02,S02,M02,winter,75
optionC_observed_RGI_n75_order_locked,8,S02M05,S02,M05,spring,75
optionC_observed_RGI_n75_order_locked,9,S02M06,S02,M06,spring,75
optionC_observed_RGI_n75_order_locked,10,S02M07,S02,M07,spring,75
optionC_observed_RGI_n75_order_locked,11,S02M08,S02,M08,summer,75
optionC_observed_RGI_n75_order_locked,12,S02M09,S02,M09,summer,75
optionC_observed_RGI_n75_order_locked,13,S02M10,S02,M10,summer,75
optionC_observed_RGI_n75_order_locked,14,S03M12,S03,M12,fall,75
optionC_observed_RGI_n75_order_locked,15,S03M01,S03,M01,fall,75
optionC_observed_RGI_n75_order_locked,16,S03M02,S03,M02,winter,75
optionC_observed_RGI_n75_order_locked,17,S03M05,S03,M05,spring,75
optionC_observed_RGI_n75_order_locked,18,S03M06,S03,M06,spring,75
optionC_observed_RGI_n75_order_locked,19,S03M07,S03,M07,spring,75
optionC_observed_RGI_n75_order_locked,20,S03M08,S03,M08,summer,75
optionC_observed_RGI_n75_order_locked,21,S03M09,S03,M09,summer,75
optionC_observed_RGI_n75_order_locked,22,S03M10,S03,M10,summer,75
optionC_observed_RGI_n75_order_locked,23,S04M12,S04,M12,fall,75
optionC_observed_RGI_n75_order_locked,24,S04M01,S04,M01,fall,75
optionC_observed_RGI_n75_order_locked,25,S04M05,S04,M05,spring,75
optionC_observed_RGI_n75_order_locked,26,S04M06,S04,M06,spring,75
optionC_observed_RGI_n75_order_locked,27,S04M07,S04,M07,spring,75
optionC_observed_RGI_n75_order_locked,28,S04M08,S04,M08,summer,75
optionC_observed_RGI_n75_order_locked,29,S04M09,S04,M09,summer,75
optionC_observed_RGI_n75_order_locked,30,S04M10,S04,M10,summer,75
optionC_observed_RGI_n75_order_locked,31,S05M02,S05,M02,winter,75
optionC_observed_RGI_n75_order_locked,32,S05M05,S05,M05,spring,75
optionC_observed_RGI_n75_order_locked,33,S05M06,S05,M06,spring,75
optionC_observed_RGI_n75_order_locked,34,S05M07,S05,M07,spring,75
optionC_observed_RGI_n75_order_locked,35,S05M08,S05,M08,summer,75
optionC_observed_RGI_n75_order_locked,36,S05M09,S05,M09,summer,75
optionC_observed_RGI_n75_order_locked,37,S05M10,S05,M10,summer,75
optionC_observed_RGI_n75_order_locked,38,S06M01,S06,M01,fall,75
optionC_observed_RGI_n75_order_locked,39,S06M04,S06,M04,winter,75
optionC_observed_RGI_n75_order_locked,40,S06M06,S06,M06,spring,75
optionC_observed_RGI_n75_order_locked,41,S06M07,S06,M07,spring,75
optionC_observed_RGI_n75_order_locked,42,S06M08,S06,M08,summer,75
optionC_observed_RGI_n75_order_locked,43,S07M01,S07,M01,fall,75
optionC_observed_RGI_n75_order_locked,44,S07M04,S07,M04,winter,75
optionC_observed_RGI_n75_order_locked,45,S07M05,S07,M05,spring,75
optionC_observed_RGI_n75_order_locked,46,S07M06,S07,M06,spring,75
optionC_observed_RGI_n75_order_locked,47,S07M07,S07,M07,spring,75
optionC_observed_RGI_n75_order_locked,48,S07M08,S07,M08,summer,75
optionC_observed_RGI_n75_order_locked,49,S07M09,S07,M09,summer,75
optionC_observed_RGI_n75_order_locked,50,S08M01,S08,M01,fall,75
optionC_observed_RGI_n75_order_locked,51,S08M03,S08,M03,winter,75
optionC_observed_RGI_n75_order_locked,52,S08M04,S08,M04,winter,75
optionC_observed_RGI_n75_order_locked,53,S08M05,S08,M05,spring,75
optionC_observed_RGI_n75_order_locked,54,S08M06,S08,M06,spring,75
optionC_observed_RGI_n75_order_locked,55,S08M07,S08,M07,spring,75
optionC_observed_RGI_n75_order_locked,56,S08M08,S08,M08,summer,75
optionC_observed_RGI_n75_order_locked,57,S08M09,S08,M09,summer,75
optionC_observed_RGI_n75_order_locked,58,S08M10,S08,M10,summer,75
optionC_observed_RGI_n75_order_locked,59,S09M12,S09,M12,fall,75
optionC_observed_RGI_n75_order_locked,60,S09M02,S09,M02,winter,75
optionC_observed_RGI_n75_order_locked,61,S09M04,S09,M04,winter,75
optionC_observed_RGI_n75_order_locked,62,S09M05,S09,M05,spring,75
optionC_observed_RGI_n75_order_locked,63,S09M07,S09,M07,spring,75
optionC_observed_RGI_n75_order_locked,64,S09M08,S09,M08,summer,75
optionC_observed_RGI_n75_order_locked,65,S09M09,S09,M09,summer,75
optionC_observed_RGI_n75_order_locked,66,S09M10,S09,M10,summer,75
optionC_observed_RGI_n75_order_locked,67,S10M12,S10,M12,fall,75
optionC_observed_RGI_n75_order_locked,68,S10M01,S10,M01,fall,75
optionC_observed_RGI_n75_order_locked,69,S10M02,S10,M02,winter,75
optionC_observed_RGI_n75_order_locked,70,S10M05,S10,M05,spring,75
optionC_observed_RGI_n75_order_locked,71,S10M07,S10,M07,spring,75
optionC_observed_RGI_n75_order_locked,72,S10M08,S10,M08,summer,75
optionC_observed_RGI_n75_order_locked,73,S10M09,S10,M09,summer,75
optionC_observed_RGI_n75_order_locked,74,S10M10,S10,M10,summer,75
