cohort,treatment,label,group,n,n_site_clusters,cluster_df,crossfit,group_split_seed,rf_trees,rf_random_state,theta_z,se_z_site_clustered,T_cluster_df,p_z_normal,p_t_cluster_df,ci_lo_t_cluster_df,ci_hi_t_cluster_df,theta_naive,q_bh24_t_cluster_df
optionC_date_aligned_n107_order_locked,Comm_PC1,Microbial community,community,107,10,9,"5-fold GroupKFold, sites held out",42,120,42,3024.788083633914,1713.42449676154,1.7653465847785639,0.07750553471994026,0.1113203495241475,-851.2474146291133,6900.8235818969415,3985.027888326721,0.3092780363098778
optionC_date_aligned_n107_order_locked,MC_ppb,Microcystin,toxin,107,10,9,"5-fold GroupKFold, sites held out",42,120,42,-942.465027143717,150.10666951811953,-6.278635254311275,3.4155789307988016e-10,0.0001446117538910149,-1282.029904777914,-602.9001495095199,74.27957719316616,0.0034706820933843576
optionC_date_aligned_n107_order_locked,bloom,Bloom (binary),toxin,107,10,9,"5-fold GroupKFold, sites held out",42,120,42,-390.306619446194,773.7046661234975,-0.5044646058576231,0.6139349282356057,0.6260536948194072,-2140.5481718078577,1359.9349329154695,1403.6014812093122,0.7812160643589927
optionC_date_aligned_n107_order_locked,Chl_a_mg_m3,Chlorophyll-a,toxin,107,10,9,"5-fold GroupKFold, sites held out",42,120,42,274.63578751632065,1535.4106716997649,0.17886796840632035,0.8580413746402393,0.8620031777802306,-3198.7044613061053,3747.976036338747,628.3450762849419,0.9403671030329789
optionC_date_aligned_n107_order_locked,water_temp_C,Water temperature,env,107,10,9,"5-fold GroupKFold, sites held out",42,120,42,-1528.5299311257734,864.1899795483124,-1.7687429469208757,0.07693678172000173,0.11072581622315007,-3483.4634833794225,426.4036211278758,1652.1272972442534,0.3092780363098778
optionC_date_aligned_n107_order_locked,TN_mg_L,Total nitrogen,env,107,10,9,"5-fold GroupKFold, sites held out",42,120,42,538.1401166527587,840.1862901949805,0.640500949530935,0.5218469720240173,0.5378108943697515,-1362.4933177966677,2438.773551102185,-1388.2494048048225,0.7592624391102374
optionC_date_aligned_n107_order_locked,TP_mg_L,Total phosphorus,env,107,10,9,"5-fold GroupKFold, sites held out",42,120,42,589.3919954891844,744.9527639554984,0.7911803593555002,0.42883875099999513,0.44918563810558043,-1095.8082354390667,2274.5922264174355,139.2019293432591,0.7378592491450845
optionC_date_aligned_n107_order_locked,DO_mg_L_wq,Dissolved oxygen,env,107,10,9,"5-fold GroupKFold, sites held out",42,120,42,-468.9257373583958,1199.1601664102698,-0.3910451251580031,0.6957638811396873,0.7048599518244787,-3181.614497145675,2243.7630224288832,-1543.5964766998216,0.8055542306565471
optionC_date_aligned_n107_order_locked,pH_wq,pH,env,107,10,9,"5-fold GroupKFold, sites held out",42,120,42,-48.13388218167564,382.27319700341206,-0.12591487595518241,0.8997993070897625,0.9025672631078918,-912.8959329287135,816.6281685653622,940.9522658255628,0.9418093180256263
optionC_date_aligned_n107_order_locked,BOD_mg_L,BOD,env,107,10,9,"5-fold GroupKFold, sites held out",42,120,42,856.3617576487268,1005.8627195818456,0.8513704116648553,0.39456362260411093,0.4166405199869522,-1419.0577982450272,3131.781313542481,1994.1896259513892,0.7378592491450845
optionC_date_aligned_n107_order_locked,COD_mg_L,COD,env,107,10,9,"5-fold GroupKFold, sites held out",42,120,42,3755.145509664291,824.548670433273,4.554182966168736,5.25895698211265e-06,0.00137767408888687,1889.8868287679259,5620.4041905606555,1967.5272789915516,0.01653208906664244
optionC_date_aligned_n107_order_locked,EC_uS_cm,Conductivity,env,107,10,9,"5-fold GroupKFold, sites held out",42,120,42,604.085009379281,1291.1917908773976,0.46785072027819347,0.6398913465173501,0.6510133869658272,-2316.7937489002657,3524.9637676588277,444.9570184874825,0.7812160643589927
optionC_date_aligned_n107_order_locked,NH3N_mg_L,Ammonia-N,env,107,10,9,"5-fold GroupKFold, sites held out",42,120,42,419.5652466138356,612.9218634854384,0.6845330075646804,0.49363865375384464,0.5108799019235126,-966.9603371053724,1806.0908303330436,-242.66592233822303,0.7592624391102374
optionC_date_aligned_n107_order_locked,NO3N_mg_L,Nitrate-N,env,107,10,9,"5-fold GroupKFold, sites held out",42,120,42,-5877.874757871018,3235.7778420710088,-1.8165260548632032,0.06928971489706592,0.1026673352590765,-13197.712780535669,1441.9632647936332,-1800.348876751196,0.3092780363098778
optionC_date_aligned_n107_order_locked,TOC_mg_L,TOC,env,107,10,9,"5-fold GroupKFold, sites held out",42,120,42,-1398.827306191356,836.642531666451,-1.6719533770356232,0.09453351605239368,0.12886584846244908,-3291.4442019022417,493.78958951952995,150.9094629094553,0.3092780363098778
optionC_date_aligned_n107_order_locked,SS_mg_L,Suspended solids,env,107,10,9,"5-fold GroupKFold, sites held out",42,120,42,-649.3645803219902,331.5468611757462,-1.9585906439264262,0.05016074616859156,0.0818295477042497,-1399.3756871339665,100.64652648998617,-81.28193488325506,0.3092780363098778
optionC_date_aligned_n107_order_locked,air_temp_avg_C,Air temperature,met,107,10,9,"5-fold GroupKFold, sites held out",42,120,42,-3691.4965379297378,2145.057221883867,-1.720931497896234,0.08526325511710797,0.11937109397734587,-8543.953097026346,1160.9600211668699,1573.2735495734466,0.3092780363098778
optionC_date_aligned_n107_order_locked,humidity_avg_pct,Humidity,met,107,10,9,"5-fold GroupKFold, sites held out",42,120,42,50.96824131811482,1043.2504565267768,0.048855230303756526,0.9610346672695012,0.9621016810220541,-2309.0282515064305,2410.9647341426603,755.8206817292189,0.9621016810220541
optionC_date_aligned_n107_order_locked,precip_sum_mm,Precipitation,met,107,10,9,"5-fold GroupKFold, sites held out",42,120,42,-2678.1553545688785,1003.169826959594,-2.6696928900720915,0.007592065199453657,0.025635353477728866,-4947.48316412856,-408.8275450091969,477.86996802799183,0.20508282782183093
optionC_date_aligned_n107_order_locked,wind_speed_avg_ms,Wind speed,met,107,10,9,"5-fold GroupKFold, sites held out",42,120,42,369.3995855524417,251.43421860400431,1.4691698990033915,0.1417867125180261,0.17585351444121733,-199.38413303517638,938.1833041400598,594.2150281816653,0.35497373843365665
optionC_date_aligned_n107_order_locked,sunshine_avg_hr,Sunshine,met,107,10,9,"5-fold GroupKFold, sites held out",42,120,42,2650.027797345241,1188.6928689152255,2.2293629133685284,0.025789767738922276,0.05275162767277819,-38.98229043848369,5339.037885128966,1555.0884061513507,0.3092780363098778
optionC_date_aligned_n107_order_locked,pressure_avg_hPa,Pressure,met,107,10,9,"5-fold GroupKFold, sites held out",42,120,42,-3157.743134838537,5406.791117563046,-0.5840327592055744,0.559198272124521,0.5735430125307555,-15388.754389187492,9073.26811951042,-2099.940166017163,0.764724016707674
optionC_date_aligned_n107_order_locked,discharge_mean_m3s,Discharge,hydro,107,10,9,"5-fold GroupKFold, sites held out",42,120,42,-941.6045026827434,643.5993499655773,-1.4630289833777874,0.14345944837461921,0.17748686921682832,-2397.5273821796427,514.3183768141558,-1018.8194254783501,0.35497373843365665
optionC_date_aligned_n107_order_locked,storage_rate_pct,Storage rate,hydro,107,10,9,"5-fold GroupKFold, sites held out",42,120,42,276.6579076825154,359.4036517399012,0.7697693285618907,0.44143673671397954,0.4611620307156778,-536.3696374367337,1089.6854528017643,985.8755927654815,0.7378592491450845
optionC_observed_RGI_n75_order_locked,Comm_PC1,Microbial community,community,75,10,9,"5-fold GroupKFold, sites held out",42,120,42,3504.9360025292854,1689.947926987327,2.073990533411015,0.038080190052881546,0.06792347527482918,-317.9918052610742,7327.8638103196445,3253.8910948930475,0.23288048665655722
optionC_observed_RGI_n75_order_locked,MC_ppb,Microcystin,toxin,75,10,9,"5-fold GroupKFold, sites held out",42,120,42,-1360.4209580632178,278.13844172067263,-4.891164808600798,1.0024098484606725e-06,0.0008580453960648381,-1989.6138262511686,-731.2280898752671,-565.1397251840716,0.020593089505556116
optionC_observed_RGI_n75_order_locked,bloom,Bloom (binary),toxin,75,10,9,"5-fold GroupKFold, sites held out",42,120,42,-726.2270901057371,945.6705998834154,-0.7679493157503978,0.44251729712174814,0.46218965785041966,-2865.482611279681,1413.0284310682064,625.6813090539098,0.7077489772554263
optionC_observed_RGI_n75_order_locked,Chl_a_mg_m3,Chlorophyll-a,toxin,75,10,9,"5-fold GroupKFold, sites held out",42,120,42,1269.9606207407846,1948.3453088088945,0.6518149606227476,0.5145205492862248,0.5308117329415697,-3137.502675185536,5677.423916667105,297.4004743642221,0.7077489772554263
optionC_observed_RGI_n75_order_locked,water_temp_C,Water temperature,env,75,10,9,"5-fold GroupKFold, sites held out",42,120,42,-2651.388083464679,896.8579692820388,-2.9563076588227153,0.0031134635373022412,0.016055533191884994,-4680.221762688695,-622.5544042406625,436.4112889754248,0.09252244792314462
optionC_observed_RGI_n75_order_locked,TN_mg_L,Total nitrogen,env,75,10,9,"5-fold GroupKFold, sites held out",42,120,42,1653.819777061981,1702.6347221111193,0.9713297606261595,0.33138409337914343,0.3567635385021048,-2197.8075551906186,5505.447109314581,-214.3192164991088,0.6700915660798459
optionC_observed_RGI_n75_order_locked,TP_mg_L,Total phosphorus,env,75,10,9,"5-fold GroupKFold, sites held out",42,120,42,370.73813282629544,1087.857814373168,0.34079649741719015,0.7332567874488705,0.7410772066527325,-2090.167214063966,2831.643479716557,-324.5303607793082,0.8084478618029809
optionC_observed_RGI_n75_order_locked,DO_mg_L_wq,Dissolved oxygen,env,75,10,9,"5-fold GroupKFold, sites held out",42,120,42,-1167.1906952639952,1726.7917811989169,-0.6759301891358385,0.4990849693937711,0.5160759684861446,-5073.465091764196,2739.0837012362053,-501.9871752159235,0.7077489772554263
optionC_observed_RGI_n75_order_locked,pH_wq,pH,env,75,10,9,"5-fold GroupKFold, sites held out",42,120,42,78.38532874736383,497.69514148780854,0.15749667258763855,0.8748534300599109,0.8783302763618986,-1047.4793004591481,1204.249957953876,440.48942577473986,0.9165185492471986
optionC_observed_RGI_n75_order_locked,BOD_mg_L,BOD,env,75,10,9,"5-fold GroupKFold, sites held out",42,120,42,1851.839389441765,1350.0889452135516,1.3716425099302243,0.17017475341857913,0.20339586314157565,-1202.2739883877439,4905.952767271274,1682.1690458038206,0.48815007153978157
optionC_observed_RGI_n75_order_locked,COD_mg_L,COD,env,75,10,9,"5-fold GroupKFold, sites held out",42,120,42,4488.759823788655,1072.601002448404,4.184929730200006,2.852543293596632e-05,0.0023587801592937253,2062.367783275463,6915.151864301847,1549.6911633074176,0.028305361911524704
optionC_observed_RGI_n75_order_locked,EC_uS_cm,Conductivity,env,75,10,9,"5-fold GroupKFold, sites held out",42,120,42,762.3678280731472,1168.7731105867608,0.652280430793291,0.5142202818421944,0.530524945514056,-1881.5806357266322,3406.3162918729267,1071.6436236075406,0.7077489772554263
optionC_observed_RGI_n75_order_locked,NH3N_mg_L,Ammonia-N,env,75,10,9,"5-fold GroupKFold, sites held out",42,120,42,794.492308549674,726.5512686112626,1.0935116940450391,0.27416919743215606,0.30257201995145366,-849.0808478794162,2438.0654649787643,784.8432320432826,0.6601571344395353
optionC_observed_RGI_n75_order_locked,NO3N_mg_L,Nitrate-N,env,75,10,9,"5-fold GroupKFold, sites held out",42,120,42,-4172.058137567062,2649.992599607281,-1.5743659579220504,0.11540286917149767,0.14985501909540316,-10166.75787813091,1822.641602996785,-710.6576592112247,0.39961338425440845
optionC_observed_RGI_n75_order_locked,TOC_mg_L,TOC,env,75,10,9,"5-fold GroupKFold, sites held out",42,120,42,-1594.582634029906,985.9023117712645,-1.6173840095425795,0.10579541522240565,0.14024995159248918,-3824.8486104225813,635.6833423627688,-583.2539130932065,0.39961338425440845
optionC_observed_RGI_n75_order_locked,SS_mg_L,Suspended solids,env,75,10,9,"5-fold GroupKFold, sites held out",42,120,42,-37.986740941578745,623.6051252027378,-0.060914734992322306,0.9514271144116744,0.9527583729706376,-1448.6795416766233,1372.7060597934658,-138.72470786122386,0.9527583729706376
optionC_observed_RGI_n75_order_locked,air_temp_avg_C,Air temperature,met,75,10,9,"5-fold GroupKFold, sites held out",42,120,42,-1186.9742315377039,2711.244975152848,-0.43779674740412844,0.6615336290031784,0.6718521347830212,-7320.236472180361,4946.288009104952,424.02999973849563,0.8062225617396255
optionC_observed_RGI_n75_order_locked,humidity_avg_pct,Humidity,met,75,10,9,"5-fold GroupKFold, sites held out",42,120,42,-278.8894484397173,802.8893923111609,-0.3473572463535965,0.7283229484683595,0.736307677748447,-2095.151438191108,1537.3725413116736,-195.22191238646525,0.8084478618029809
optionC_observed_RGI_n75_order_locked,precip_sum_mm,Precipitation,met,75,10,9,"5-fold GroupKFold, sites held out",42,120,42,-2571.554637911105,880.7645288219035,-2.919684607815412,0.003503857963676582,0.01704056234968987,-4563.98242552416,-579.1268502980502,-103.85327009516932,0.09252244792314462
optionC_observed_RGI_n75_order_locked,wind_speed_avg_ms,Wind speed,met,75,10,9,"5-fold GroupKFold, sites held out",42,120,42,281.3721143052339,480.68776316552015,0.5853531873836075,0.5583102585732527,0.572692540633212,-806.0191522090945,1368.7633808195624,365.5197228098981,0.7234011039577414
optionC_observed_RGI_n75_order_locked,sunshine_avg_hr,Sunshine,met,75,10,9,"5-fold GroupKFold, sites held out",42,120,42,2765.4996932433046,972.3823276968449,2.8440456129983183,0.004454467055713618,0.019275509983988463,565.8180456654959,4965.181340821113,1346.070986133445,0.09252244792314462
optionC_observed_RGI_n75_order_locked,pressure_avg_hPa,Pressure,met,75,10,9,"5-fold GroupKFold, sites held out",42,120,42,-4587.413974139459,4787.252331046793,-0.9582561471407468,0.3379336109518216,0.3629662649599165,-15416.931124939365,6242.1031766604465,-1294.0453018329056,0.6700915660798459
optionC_observed_RGI_n75_order_locked,discharge_mean_m3s,Discharge,hydro,75,10,9,"5-fold GroupKFold, sites held out",42,120,42,-2081.058360168314,902.7065359585398,-2.3053542621783945,0.021146740853105195,0.046589391173031694,-4123.1224163916795,-38.99430394494766,-1547.1669116421708,0.1863575646921268
optionC_observed_RGI_n75_order_locked,storage_rate_pct,Storage rate,hydro,75,10,9,"5-fold GroupKFold, sites held out",42,120,42,492.1495071221371,554.3564550206285,0.8877852916925508,0.37465625614405784,0.3977608378738153,-761.8919183461985,1746.1909325904726,844.7485111344613,0.6818757220693976
