cohort,driver,column,mode,n,n_site_clusters,low_value,high_value,crossfit,group_split_seed,rf_trees,rf_min_samples_leaf,rf_random_state,mean_shift,mean_shift_sd,row_bootstrap_seed,row_bootstrap_iterations,mean_shift_ci_low_sd_row_boot,mean_shift_ci_high_sd_row_boot,site_bootstrap_seed,site_bootstrap_iterations,mean_shift_ci_low_sd_site_boot,mean_shift_ci_high_sd_site_boot,max_abs_delta_cdf,site_heldout_base_rmse,site_heldout_base_r2
optionC_date_aligned_n107_order_locked,Microbial community,Comm_PC1,quantile,107,10,-12.002901253913492,15.616017316357324,"5-fold GroupKFold, sites held out",7,500,3,0,8067.282847474592,1.4330175624582153,700,2000,1.369870442882584,1.4984898932085589,1700,2000,1.3612896334282756,1.5046683834006658,1.0,3812.001177375811,0.5414839841628758
optionC_date_aligned_n107_order_locked,Water temperature,water_temp_C,quantile,107,10,4.745,28.6,"5-fold GroupKFold, sites held out",7,500,3,0,120.945769072568,0.021483988408843434,701,2000,0.013677077884615243,0.02899197956201651,1701,2000,0.005075143514713592,0.03870913018609253,0.08411214953271029,3812.001177375811,0.5414839841628758
optionC_date_aligned_n107_order_locked,TOC,TOC_mg_L,quantile,107,10,2.47,5.1833333333333345,"5-fold GroupKFold, sites held out",7,500,3,0,-395.6298439985771,-0.07027700966999602,702,2000,-0.08840530123498473,-0.05213011900915492,1702,2000,-0.08630508666407066,-0.05504693890096068,0.10280373831775702,3812.0011773758106,0.5414839841628758
optionC_date_aligned_n107_order_locked,Nitrate-N,NO3N_mg_L,quantile,107,10,0.8427666666666667,2.8276000000000003,"5-fold GroupKFold, sites held out",7,500,3,0,-170.09233849922165,-0.030214052602020154,703,2000,-0.03516476210527977,-0.02548728923856925,1703,2000,-0.04164608735867612,-0.020319173806515288,0.09345794392523363,3812.001177375811,0.5414839841628758
optionC_date_aligned_n107_order_locked,Microcystin,MC_ppb,quantile,107,10,0.0,3.1664000000000003,"5-fold GroupKFold, sites held out",7,500,3,0,342.52529915619175,0.060843877493489955,704,2000,0.04650852017858796,0.07450861928311933,1704,2000,0.05145901389519045,0.0710814829732982,0.1588785046728972,3812.001177375811,0.5414839841628758
optionC_date_aligned_n107_order_locked,Chlorophyll-a,Chl_a_mg_m3,quantile,107,10,10.445,47.655000000000015,"5-fold GroupKFold, sites held out",7,500,3,0,-26.35801976642246,-0.004682060360475433,705,2000,-0.01732758085238737,0.008472053705697445,1705,2000,-0.021108016701140278,0.012049147324887644,0.08411214953271026,3812.0011773758106,0.5414839841628758
optionC_date_aligned_n107_order_locked,Discharge,discharge_mean_m3s,quantile,107,10,52.786450277777774,287.71990972222227,"5-fold GroupKFold, sites held out",7,500,3,0,17.16460419492224,0.003049004197450137,706,2000,-0.00040792925247118514,0.00682813063883395,1706,2000,-0.0022682635663294013,0.009030909521532808,0.03738317757009346,3812.001177375811,0.5414839841628758
optionC_date_aligned_n107_order_locked,Bloom,bloom,binary,107,10,0.0,1.0,"5-fold GroupKFold, sites held out",7,500,3,0,-4.631342812639128,-0.0008226804134373572,707,2000,-0.001535842630738238,-0.00017002852159834266,1707,2000,-0.001463770323614861,-0.00022030919144928405,0.01869158878504673,3812.001177375811,0.5414839841628758
optionC_observed_RGI_n75_order_locked,Microbial community,Comm_PC1,quantile,75,10,-10.98218436551503,16.151771807467806,"5-fold GroupKFold, sites held out",7,500,3,0,7357.105411236542,1.3983261404956318,700,2000,1.3187471755207787,1.4807784856442459,1700,2000,1.2626371274822419,1.5254441608748432,1.0,4196.6956013588015,0.36376444511115147
optionC_observed_RGI_n75_order_locked,Water temperature,water_temp_C,quantile,75,10,8.75,28.900000000000002,"5-fold GroupKFold, sites held out",7,500,3,0,15.96578740067341,0.003034532826165543,701,2000,-0.005359516963955101,0.010954452691762505,1701,2000,-0.00703550383980482,0.013739607444620208,0.07999999999999999,4196.6956013588015,0.36376444511115147
optionC_observed_RGI_n75_order_locked,TOC,TOC_mg_L,quantile,75,10,2.58,5.210000000000001,"5-fold GroupKFold, sites held out",7,500,3,0,-325.2509660132463,-0.061818732038710474,702,2000,-0.07719308185075006,-0.04742309253635364,1702,2000,-0.07430145644045173,-0.04850666767749768,0.12,4196.6956013588015,0.36376444511115147
optionC_observed_RGI_n75_order_locked,Nitrate-N,NO3N_mg_L,quantile,75,10,0.7576999999999999,2.6217000000000006,"5-fold GroupKFold, sites held out",7,500,3,0,-42.62788590964604,-0.008102056970732588,703,2000,-0.011995496521992171,-0.00437732396984774,1703,2000,-0.014948948907479257,-0.0016711716407469574,0.040000000000000036,4196.6956013588015,0.36376444511115147
optionC_observed_RGI_n75_order_locked,Microcystin,MC_ppb,quantile,75,10,0.0,3.567800000000002,"5-fold GroupKFold, sites held out",7,500,3,0,-22.61881567292036,-0.004299038746161024,704,2000,-0.015215844793207584,0.007311279483183817,1704,2000,-0.01293456756312176,0.005494104017407515,0.10666666666666666,4196.6956013588015,0.36376444511115147
optionC_observed_RGI_n75_order_locked,Chlorophyll-a,Chl_a_mg_m3,quantile,75,10,10.68,50.775000000000034,"5-fold GroupKFold, sites held out",7,500,3,0,-69.2294503308539,-0.013158075721183184,705,2000,-0.022115072595242966,-0.003797084716446533,1705,2000,-0.02525976400539529,-0.0023997314355170404,0.10666666666666666,4196.6956013588015,0.36376444511115147
optionC_observed_RGI_n75_order_locked,Discharge,discharge_mean_m3s,quantile,75,10,64.5052675,268.8563044444446,"5-fold GroupKFold, sites held out",7,500,3,0,-68.56009310171326,-0.013030854530440485,706,2000,-0.020095223967800516,-0.005301556697538357,1706,2000,-0.023198837434675827,-0.0020378752945279907,0.09333333333333334,4196.6956013588015,0.3637644451111516
optionC_observed_RGI_n75_order_locked,Bloom,bloom,binary,75,10,0.0,1.0,"5-fold GroupKFold, sites held out",7,500,3,0,-22.433010148148234,-0.004263723672118379,707,2000,-0.00585839776695765,-0.00273897757339832,1707,2000,-0.00590765968609109,-0.0024348998610836756,0.026666666666666727,4196.6956013588015,0.36376444511115147
