cohort,feature,label,group,n,n_site_clusters,outer_group_split_seed,knockoff_seed_first,knockoff_seed_last,seed_count,rf_trees,rf_min_samples_leaf,heldout_original_permutation_delta_mse_mean,heldout_knockoff_permutation_delta_mse_mean,heldout_W_mean,heldout_W_positive_stability,descriptive_ratio_threshold_0_2,selected_descriptive_ratio_0_2,formal_modelX_fdr_valid,fold_covariance_shrink_count,fold_minimum_eigenvalue_min,fold_equicorrelated_s_min
optionC_date_aligned_n107_order_locked,bloom,bloom,toxin,107,10,17,300,329,30,600,3,-305.3844253747007,39000.3744554263,-39305.758880801004,0.4666666666666667,1812901.9891282332,False,False,0,0.0028899213510444996,0.005779842702088999
optionC_date_aligned_n107_order_locked,MC_ppb,microcystin,toxin,107,10,17,300,329,30,600,3,44010.37560346709,53470.05805658569,-9459.682453118594,0.5,1812901.9891282332,False,False,0,0.0028899213510444996,0.005779842702088999
optionC_date_aligned_n107_order_locked,Chl_a_mg_m3,chlorophyll,toxin,107,10,17,300,329,30,600,3,21828.905990898314,3915.874366313829,17913.03162458449,0.5666666666666667,1812901.9891282332,False,False,0,0.0028899213510444996,0.005779842702088999
optionC_date_aligned_n107_order_locked,water_temp_C,water temp,env,107,10,17,300,329,30,600,3,6315.57630680657,-4521.099640535577,10836.675947342146,0.5666666666666667,1812901.9891282332,False,False,0,0.0028899213510444996,0.005779842702088999
optionC_date_aligned_n107_order_locked,TP_mg_L,TP,env,107,10,17,300,329,30,600,3,-11107.688215807766,-38029.12637725609,26921.438161448328,0.5333333333333333,1812901.9891282332,False,False,0,0.0028899213510444996,0.005779842702088999
optionC_date_aligned_n107_order_locked,TN_mg_L,TN,env,107,10,17,300,329,30,600,3,-36548.72266337586,-24406.672449675865,-12142.050213699993,0.36666666666666664,1812901.9891282332,False,False,0,0.0028899213510444996,0.005779842702088999
optionC_date_aligned_n107_order_locked,pH_wq,pH,env,107,10,17,300,329,30,600,3,46613.05440135811,83965.4309264859,-37352.37652512777,0.3,1812901.9891282332,False,False,0,0.0028899213510444996,0.005779842702088999
optionC_date_aligned_n107_order_locked,DO_mg_L_wq,DO,env,107,10,17,300,329,30,600,3,-71644.98178797886,-81970.45389975527,10325.472111776382,0.6,1812901.9891282332,False,False,0,0.0028899213510444996,0.005779842702088999
optionC_date_aligned_n107_order_locked,BOD_mg_L,BOD,env,107,10,17,300,329,30,600,3,-26220.230623870673,-43908.068835276055,17687.838211405397,0.6666666666666666,1812901.9891282332,False,False,0,0.0028899213510444996,0.005779842702088999
optionC_date_aligned_n107_order_locked,COD_mg_L,COD,env,107,10,17,300,329,30,600,3,-14173.237542803194,-3636.418405464446,-10536.819137338745,0.23333333333333334,1812901.9891282332,False,False,0,0.0028899213510444996,0.005779842702088999
optionC_date_aligned_n107_order_locked,EC_uS_cm,EC,env,107,10,17,300,329,30,600,3,-443.66769223270626,-4811.4863191996765,4367.818626966973,0.5666666666666667,1812901.9891282332,False,False,0,0.0028899213510444996,0.005779842702088999
optionC_date_aligned_n107_order_locked,NH3N_mg_L,NH3N,env,107,10,17,300,329,30,600,3,-58474.0625351903,-42436.50395879151,-16037.55857639879,0.36666666666666664,1812901.9891282332,False,False,0,0.0028899213510444996,0.005779842702088999
optionC_date_aligned_n107_order_locked,NO3N_mg_L,NO3N,env,107,10,17,300,329,30,600,3,-221.34487596719524,-6069.737307198854,5848.39243123166,0.4,1812901.9891282332,False,False,0,0.0028899213510444996,0.005779842702088999
optionC_date_aligned_n107_order_locked,TOC_mg_L,TOC,env,107,10,17,300,329,30,600,3,13527.854639535513,-48045.829148175646,61573.68378771113,0.7333333333333333,1812901.9891282332,False,False,0,0.0028899213510444996,0.005779842702088999
optionC_date_aligned_n107_order_locked,SS_mg_L,SS,env,107,10,17,300,329,30,600,3,-34668.80612733609,-7799.081691195534,-26869.724436140546,0.4666666666666667,1812901.9891282332,False,False,0,0.0028899213510444996,0.005779842702088999
optionC_date_aligned_n107_order_locked,air_temp_avg_C,air temp,met,107,10,17,300,329,30,600,3,-64498.944519463425,-10694.319775382528,-53804.624744080866,0.16666666666666666,1812901.9891282332,False,False,0,0.0028899213510444996,0.005779842702088999
optionC_date_aligned_n107_order_locked,humidity_avg_pct,humidity,met,107,10,17,300,329,30,600,3,-26540.913439876593,-3398.434862070909,-23142.47857780567,0.4,1812901.9891282332,False,False,0,0.0028899213510444996,0.005779842702088999
optionC_date_aligned_n107_order_locked,precip_sum_mm,precip,met,107,10,17,300,329,30,600,3,-7922.960842830844,-52087.503578051204,44164.54273522036,0.7333333333333333,1812901.9891282332,False,False,0,0.0028899213510444996,0.005779842702088999
optionC_date_aligned_n107_order_locked,wind_speed_avg_ms,wind,met,107,10,17,300,329,30,600,3,-21420.336903318173,-33942.53390026972,12522.19699695154,0.6333333333333333,1812901.9891282332,False,False,0,0.0028899213510444996,0.005779842702088999
optionC_date_aligned_n107_order_locked,sunshine_avg_hr,sunshine,met,107,10,17,300,329,30,600,3,-80911.44782686842,12003.703216615964,-92915.15104348437,0.1,1812901.9891282332,False,False,0,0.0028899213510444996,0.005779842702088999
optionC_date_aligned_n107_order_locked,pressure_avg_hPa,pressure,met,107,10,17,300,329,30,600,3,-19247.861474453293,-58422.29771136005,39174.436236906775,0.5333333333333333,1812901.9891282332,False,False,0,0.0028899213510444996,0.005779842702088999
optionC_date_aligned_n107_order_locked,discharge_mean_m3s,discharge,hydro,107,10,17,300,329,30,600,3,-28373.77875456819,-57586.80911709433,29213.030362526144,0.5,1812901.9891282332,False,False,0,0.0028899213510444996,0.005779842702088999
optionC_date_aligned_n107_order_locked,storage_rate_pct,storage,hydro,107,10,17,300,329,30,600,3,-86271.52947917805,-74318.69507342162,-11952.834405756415,0.4666666666666667,1812901.9891282332,False,False,0,0.0028899213510444996,0.005779842702088999
optionC_date_aligned_n107_order_locked,Comm_PC1,PC1,community,107,10,17,300,329,30,600,3,8752531.157579081,6939629.168450849,1812901.9891282332,0.7,1812901.9891282332,True,False,0,0.0028899213510444996,0.005779842702088999
optionC_date_aligned_n107_order_locked,Comm_PC2,PC2,community,107,10,17,300,329,30,600,3,177602.85079046752,71598.96949601223,106003.88129445529,0.7333333333333333,1812901.9891282332,False,False,0,0.0028899213510444996,0.005779842702088999
optionC_date_aligned_n107_order_locked,Comm_PC3,PC3,community,107,10,17,300,329,30,600,3,-54188.45974750386,-5003.330245199605,-49185.129502304255,0.43333333333333335,1812901.9891282332,False,False,0,0.0028899213510444996,0.005779842702088999
optionC_date_aligned_n107_order_locked,Comm_PC4,PC4,community,107,10,17,300,329,30,600,3,30898.482483911735,47463.66997155825,-16565.18748764651,0.4,1812901.9891282332,False,False,0,0.0028899213510444996,0.005779842702088999
optionC_date_aligned_n107_order_locked,Comm_PC5,PC5,community,107,10,17,300,329,30,600,3,-58439.49105981207,-110189.52844923502,51750.03738942292,0.6333333333333333,1812901.9891282332,False,False,0,0.0028899213510444996,0.005779842702088999
optionC_date_aligned_n107_order_locked,Comm_PC6,PC6,community,107,10,17,300,329,30,600,3,-6244.819443067864,-2718.4201261491785,-3526.3993169186856,0.43333333333333335,1812901.9891282332,False,False,0,0.0028899213510444996,0.005779842702088999
optionC_date_aligned_n107_order_locked,Comm_PC7,PC7,community,107,10,17,300,329,30,600,3,109039.76010572318,226527.27132600627,-117487.51122028308,0.3333333333333333,1812901.9891282332,False,False,0,0.0028899213510444996,0.005779842702088999
optionC_date_aligned_n107_order_locked,Comm_PC8,PC8,community,107,10,17,300,329,30,600,3,185093.09352250828,225207.90389356992,-40114.81037106167,0.43333333333333335,1812901.9891282332,False,False,0,0.0028899213510444996,0.005779842702088999
optionC_date_aligned_n107_order_locked,Comm_PC9,PC9,community,107,10,17,300,329,30,600,3,-8098.217892721829,-12346.133215373762,4247.915322651935,0.4666666666666667,1812901.9891282332,False,False,0,0.0028899213510444996,0.005779842702088999
optionC_date_aligned_n107_order_locked,Comm_PC10,PC10,community,107,10,17,300,329,30,600,3,138296.67807286468,164212.30225539315,-25915.6241825285,0.4,1812901.9891282332,False,False,0,0.0028899213510444996,0.005779842702088999
optionC_observed_RGI_n75_order_locked,bloom,bloom,toxin,75,10,17,300,329,30,600,3,-149.00431618049325,-3987.378599729859,3838.3742835493636,0.5,110720.51813302422,False,False,0,0.002740374095822091,0.005480748191644182
optionC_observed_RGI_n75_order_locked,MC_ppb,microcystin,toxin,75,10,17,300,329,30,600,3,-27302.012942643913,41876.773433629074,-69178.786376273,0.3333333333333333,110720.51813302422,False,False,0,0.002740374095822091,0.005480748191644182
optionC_observed_RGI_n75_order_locked,Chl_a_mg_m3,chlorophyll,toxin,75,10,17,300,329,30,600,3,145.52867810346214,-1798.5351918487697,1944.0638699522283,0.5333333333333333,110720.51813302422,False,False,0,0.002740374095822091,0.005480748191644182
optionC_observed_RGI_n75_order_locked,water_temp_C,water temp,env,75,10,17,300,329,30,600,3,3643.677491350798,-12500.73719942931,16144.414690780108,0.7666666666666667,110720.51813302422,False,False,0,0.002740374095822091,0.005480748191644182
optionC_observed_RGI_n75_order_locked,TP_mg_L,TP,env,75,10,17,300,329,30,600,3,-51504.71718835079,-79590.39139768832,28085.67420933755,0.6333333333333333,110720.51813302422,False,False,0,0.002740374095822091,0.005480748191644182
optionC_observed_RGI_n75_order_locked,TN_mg_L,TN,env,75,10,17,300,329,30,600,3,-43232.75176061979,-38148.343026198825,-5084.408734420958,0.4666666666666667,110720.51813302422,False,False,0,0.002740374095822091,0.005480748191644182
optionC_observed_RGI_n75_order_locked,pH_wq,pH,env,75,10,17,300,329,30,600,3,-941.1973665743845,-18334.52301690802,17393.32565033364,0.6,110720.51813302422,False,False,0,0.002740374095822091,0.005480748191644182
optionC_observed_RGI_n75_order_locked,DO_mg_L_wq,DO,env,75,10,17,300,329,30,600,3,-101487.7470287785,-117453.2624226204,15965.515393841923,0.4666666666666667,110720.51813302422,False,False,0,0.002740374095822091,0.005480748191644182
optionC_observed_RGI_n75_order_locked,BOD_mg_L,BOD,env,75,10,17,300,329,30,600,3,-35405.24691355091,-22278.128755009337,-13127.118158541574,0.4,110720.51813302422,False,False,0,0.002740374095822091,0.005480748191644182
optionC_observed_RGI_n75_order_locked,COD_mg_L,COD,env,75,10,17,300,329,30,600,3,-12916.206612265896,7191.707588429872,-20107.914200695766,0.36666666666666664,110720.51813302422,False,False,0,0.002740374095822091,0.005480748191644182
optionC_observed_RGI_n75_order_locked,EC_uS_cm,EC,env,75,10,17,300,329,30,600,3,13376.620752417473,-2129.504366327491,15506.125118744962,0.5333333333333333,110720.51813302422,False,False,0,0.002740374095822091,0.005480748191644182
optionC_observed_RGI_n75_order_locked,NH3N_mg_L,NH3N,env,75,10,17,300,329,30,600,3,-91003.46086589163,-100749.16192715731,9745.701061265658,0.5,110720.51813302422,False,False,0,0.002740374095822091,0.005480748191644182
optionC_observed_RGI_n75_order_locked,NO3N_mg_L,NO3N,env,75,10,17,300,329,30,600,3,-5048.584482234113,197.47049035796468,-5246.054972592078,0.36666666666666664,110720.51813302422,False,False,0,0.002740374095822091,0.005480748191644182
optionC_observed_RGI_n75_order_locked,TOC_mg_L,TOC,env,75,10,17,300,329,30,600,3,-14927.77780012053,-20461.984572582784,5534.206772462257,0.6,110720.51813302422,False,False,0,0.002740374095822091,0.005480748191644182
optionC_observed_RGI_n75_order_locked,SS_mg_L,SS,env,75,10,17,300,329,30,600,3,-48250.73476006921,-59779.60226052262,11528.867500453403,0.6333333333333333,110720.51813302422,False,False,0,0.002740374095822091,0.005480748191644182
optionC_observed_RGI_n75_order_locked,air_temp_avg_C,air temp,met,75,10,17,300,329,30,600,3,-28849.083226688046,-15645.582088001147,-13203.501138686901,0.3,110720.51813302422,False,False,0,0.002740374095822091,0.005480748191644182
optionC_observed_RGI_n75_order_locked,humidity_avg_pct,humidity,met,75,10,17,300,329,30,600,3,-35974.16667548891,-29765.919009560486,-6208.247665928413,0.5333333333333333,110720.51813302422,False,False,0,0.002740374095822091,0.005480748191644182
optionC_observed_RGI_n75_order_locked,precip_sum_mm,precip,met,75,10,17,300,329,30,600,3,7394.838432131618,24451.28407337855,-17056.445641246934,0.3,110720.51813302422,False,False,0,0.002740374095822091,0.005480748191644182
optionC_observed_RGI_n75_order_locked,wind_speed_avg_ms,wind,met,75,10,17,300,329,30,600,3,-7774.20178319582,-17081.62296998313,9307.421186787307,0.5666666666666667,110720.51813302422,False,False,0,0.002740374095822091,0.005480748191644182
optionC_observed_RGI_n75_order_locked,sunshine_avg_hr,sunshine,met,75,10,17,300,329,30,600,3,-762.2433272484344,15144.947429946462,-15907.190757194903,0.36666666666666664,110720.51813302422,False,False,0,0.002740374095822091,0.005480748191644182
optionC_observed_RGI_n75_order_locked,pressure_avg_hPa,pressure,met,75,10,17,300,329,30,600,3,-13855.536796093931,-50427.855534711336,36572.318738617396,0.7,110720.51813302422,False,False,0,0.002740374095822091,0.005480748191644182
optionC_observed_RGI_n75_order_locked,discharge_mean_m3s,discharge,hydro,75,10,17,300,329,30,600,3,-48858.49529017149,-24197.059774928373,-24661.43551524313,0.36666666666666664,110720.51813302422,False,False,0,0.002740374095822091,0.005480748191644182
optionC_observed_RGI_n75_order_locked,storage_rate_pct,storage,hydro,75,10,17,300,329,30,600,3,-52929.876315198635,-101994.63921435122,49064.76289915261,0.5666666666666667,110720.51813302422,False,False,0,0.002740374095822091,0.005480748191644182
optionC_observed_RGI_n75_order_locked,Comm_PC1,PC1,community,75,10,17,300,329,30,600,3,7315522.006798895,4435731.9225535905,2879790.0842453036,0.7666666666666667,110720.51813302422,True,False,0,0.002740374095822091,0.005480748191644182
optionC_observed_RGI_n75_order_locked,Comm_PC2,PC2,community,75,10,17,300,329,30,600,3,260593.63366103027,149873.11552800605,110720.51813302422,0.5666666666666667,110720.51813302422,True,False,0,0.002740374095822091,0.005480748191644182
optionC_observed_RGI_n75_order_locked,Comm_PC3,PC3,community,75,10,17,300,329,30,600,3,-6600.379104277888,-2342.8618128702947,-4257.517291407594,0.5,110720.51813302422,False,False,0,0.002740374095822091,0.005480748191644182
optionC_observed_RGI_n75_order_locked,Comm_PC4,PC4,community,75,10,17,300,329,30,600,3,-73658.2881703859,-42359.237025368166,-31299.05114501771,0.36666666666666664,110720.51813302422,False,False,0,0.002740374095822091,0.005480748191644182
optionC_observed_RGI_n75_order_locked,Comm_PC5,PC5,community,75,10,17,300,329,30,600,3,-129927.71984341009,-128260.88638207963,-1666.833461330473,0.43333333333333335,110720.51813302422,False,False,0,0.002740374095822091,0.005480748191644182
optionC_observed_RGI_n75_order_locked,Comm_PC6,PC6,community,75,10,17,300,329,30,600,3,58796.36203739248,21221.088793166713,37575.27324422576,0.7333333333333333,110720.51813302422,False,False,0,0.002740374095822091,0.005480748191644182
optionC_observed_RGI_n75_order_locked,Comm_PC7,PC7,community,75,10,17,300,329,30,600,3,190970.39082812474,234057.19353795203,-43086.80270982734,0.4,110720.51813302422,False,False,0,0.002740374095822091,0.005480748191644182
optionC_observed_RGI_n75_order_locked,Comm_PC8,PC8,community,75,10,17,300,329,30,600,3,88868.91689980359,104784.19515564064,-15915.278255837067,0.5,110720.51813302422,False,False,0,0.002740374095822091,0.005480748191644182
optionC_observed_RGI_n75_order_locked,Comm_PC9,PC9,community,75,10,17,300,329,30,600,3,-69243.4283945179,-54706.38057014846,-14537.04782436947,0.43333333333333335,110720.51813302422,False,False,0,0.002740374095822091,0.005480748191644182
optionC_observed_RGI_n75_order_locked,Comm_PC10,PC10,community,75,10,17,300,329,30,600,3,118101.73951153901,111442.10580929049,6659.633702248504,0.5666666666666667,110720.51813302422,False,False,0,0.002740374095822091,0.005480748191644182
