cohort,method,group_split_seed,fold_one_based,sample_id,site,train_n,test_n,train_sites,test_sites,site_overlap_count
optionC_date_aligned_n107_order_locked,DML,42,1,S02M12,S02,86,21,S01;S03;S04;S05;S06;S07;S08;S10,S02;S09,0
optionC_date_aligned_n107_order_locked,DML,42,1,S02M01,S02,86,21,S01;S03;S04;S05;S06;S07;S08;S10,S02;S09,0
optionC_date_aligned_n107_order_locked,DML,42,1,S02M02,S02,86,21,S01;S03;S04;S05;S06;S07;S08;S10,S02;S09,0
optionC_date_aligned_n107_order_locked,DML,42,1,S02M03,S02,86,21,S01;S03;S04;S05;S06;S07;S08;S10,S02;S09,0
optionC_date_aligned_n107_order_locked,DML,42,1,S02M04,S02,86,21,S01;S03;S04;S05;S06;S07;S08;S10,S02;S09,0
optionC_date_aligned_n107_order_locked,DML,42,1,S02M05,S02,86,21,S01;S03;S04;S05;S06;S07;S08;S10,S02;S09,0
optionC_date_aligned_n107_order_locked,DML,42,1,S02M06,S02,86,21,S01;S03;S04;S05;S06;S07;S08;S10,S02;S09,0
optionC_date_aligned_n107_order_locked,DML,42,1,S02M07,S02,86,21,S01;S03;S04;S05;S06;S07;S08;S10,S02;S09,0
optionC_date_aligned_n107_order_locked,DML,42,1,S02M08,S02,86,21,S01;S03;S04;S05;S06;S07;S08;S10,S02;S09,0
optionC_date_aligned_n107_order_locked,DML,42,1,S02M09,S02,86,21,S01;S03;S04;S05;S06;S07;S08;S10,S02;S09,0
optionC_date_aligned_n107_order_locked,DML,42,1,S02M10,S02,86,21,S01;S03;S04;S05;S06;S07;S08;S10,S02;S09,0
optionC_date_aligned_n107_order_locked,DML,42,1,S09M12,S09,86,21,S01;S03;S04;S05;S06;S07;S08;S10,S02;S09,0
optionC_date_aligned_n107_order_locked,DML,42,1,S09M01,S09,86,21,S01;S03;S04;S05;S06;S07;S08;S10,S02;S09,0
optionC_date_aligned_n107_order_locked,DML,42,1,S09M02,S09,86,21,S01;S03;S04;S05;S06;S07;S08;S10,S02;S09,0
optionC_date_aligned_n107_order_locked,DML,42,1,S09M03,S09,86,21,S01;S03;S04;S05;S06;S07;S08;S10,S02;S09,0
optionC_date_aligned_n107_order_locked,DML,42,1,S09M04,S09,86,21,S01;S03;S04;S05;S06;S07;S08;S10,S02;S09,0
optionC_date_aligned_n107_order_locked,DML,42,1,S09M05,S09,86,21,S01;S03;S04;S05;S06;S07;S08;S10,S02;S09,0
optionC_date_aligned_n107_order_locked,DML,42,1,S09M07,S09,86,21,S01;S03;S04;S05;S06;S07;S08;S10,S02;S09,0
optionC_date_aligned_n107_order_locked,DML,42,1,S09M08,S09,86,21,S01;S03;S04;S05;S06;S07;S08;S10,S02;S09,0
optionC_date_aligned_n107_order_locked,DML,42,1,S09M09,S09,86,21,S01;S03;S04;S05;S06;S07;S08;S10,S02;S09,0
optionC_date_aligned_n107_order_locked,DML,42,1,S09M10,S09,86,21,S01;S03;S04;S05;S06;S07;S08;S10,S02;S09,0
optionC_date_aligned_n107_order_locked,DML,42,2,S01M12,S01,86,21,S02;S03;S04;S05;S07;S08;S09;S10,S01;S06,0
optionC_date_aligned_n107_order_locked,DML,42,2,S01M01,S01,86,21,S02;S03;S04;S05;S07;S08;S09;S10,S01;S06,0
optionC_date_aligned_n107_order_locked,DML,42,2,S01M02,S01,86,21,S02;S03;S04;S05;S07;S08;S09;S10,S01;S06,0
optionC_date_aligned_n107_order_locked,DML,42,2,S01M03,S01,86,21,S02;S03;S04;S05;S07;S08;S09;S10,S01;S06,0
optionC_date_aligned_n107_order_locked,DML,42,2,S01M04,S01,86,21,S02;S03;S04;S05;S07;S08;S09;S10,S01;S06,0
optionC_date_aligned_n107_order_locked,DML,42,2,S01M05,S01,86,21,S02;S03;S04;S05;S07;S08;S09;S10,S01;S06,0
optionC_date_aligned_n107_order_locked,DML,42,2,S01M06,S01,86,21,S02;S03;S04;S05;S07;S08;S09;S10,S01;S06,0
optionC_date_aligned_n107_order_locked,DML,42,2,S01M08,S01,86,21,S02;S03;S04;S05;S07;S08;S09;S10,S01;S06,0
optionC_date_aligned_n107_order_locked,DML,42,2,S01M09,S01,86,21,S02;S03;S04;S05;S07;S08;S09;S10,S01;S06,0
optionC_date_aligned_n107_order_locked,DML,42,2,S01M10,S01,86,21,S02;S03;S04;S05;S07;S08;S09;S10,S01;S06,0
optionC_date_aligned_n107_order_locked,DML,42,2,S06M12,S06,86,21,S02;S03;S04;S05;S07;S08;S09;S10,S01;S06,0
optionC_date_aligned_n107_order_locked,DML,42,2,S06M01,S06,86,21,S02;S03;S04;S05;S07;S08;S09;S10,S01;S06,0
optionC_date_aligned_n107_order_locked,DML,42,2,S06M02,S06,86,21,S02;S03;S04;S05;S07;S08;S09;S10,S01;S06,0
optionC_date_aligned_n107_order_locked,DML,42,2,S06M03,S06,86,21,S02;S03;S04;S05;S07;S08;S09;S10,S01;S06,0
optionC_date_aligned_n107_order_locked,DML,42,2,S06M04,S06,86,21,S02;S03;S04;S05;S07;S08;S09;S10,S01;S06,0
optionC_date_aligned_n107_order_locked,DML,42,2,S06M05,S06,86,21,S02;S03;S04;S05;S07;S08;S09;S10,S01;S06,0
optionC_date_aligned_n107_order_locked,DML,42,2,S06M06,S06,86,21,S02;S03;S04;S05;S07;S08;S09;S10,S01;S06,0
optionC_date_aligned_n107_order_locked,DML,42,2,S06M07,S06,86,21,S02;S03;S04;S05;S07;S08;S09;S10,S01;S06,0
optionC_date_aligned_n107_order_locked,DML,42,2,S06M08,S06,86,21,S02;S03;S04;S05;S07;S08;S09;S10,S01;S06,0
optionC_date_aligned_n107_order_locked,DML,42,2,S06M09,S06,86,21,S02;S03;S04;S05;S07;S08;S09;S10,S01;S06,0
optionC_date_aligned_n107_order_locked,DML,42,2,S06M10,S06,86,21,S02;S03;S04;S05;S07;S08;S09;S10,S01;S06,0
optionC_date_aligned_n107_order_locked,DML,42,3,S03M12,S03,85,22,S01;S02;S04;S05;S06;S07;S09;S10,S03;S08,0
optionC_date_aligned_n107_order_locked,DML,42,3,S03M01,S03,85,22,S01;S02;S04;S05;S06;S07;S09;S10,S03;S08,0
optionC_date_aligned_n107_order_locked,DML,42,3,S03M02,S03,85,22,S01;S02;S04;S05;S06;S07;S09;S10,S03;S08,0
optionC_date_aligned_n107_order_locked,DML,42,3,S03M03,S03,85,22,S01;S02;S04;S05;S06;S07;S09;S10,S03;S08,0
optionC_date_aligned_n107_order_locked,DML,42,3,S03M04,S03,85,22,S01;S02;S04;S05;S06;S07;S09;S10,S03;S08,0
optionC_date_aligned_n107_order_locked,DML,42,3,S03M05,S03,85,22,S01;S02;S04;S05;S06;S07;S09;S10,S03;S08,0
optionC_date_aligned_n107_order_locked,DML,42,3,S03M06,S03,85,22,S01;S02;S04;S05;S06;S07;S09;S10,S03;S08,0
optionC_date_aligned_n107_order_locked,DML,42,3,S03M07,S03,85,22,S01;S02;S04;S05;S06;S07;S09;S10,S03;S08,0
optionC_date_aligned_n107_order_locked,DML,42,3,S03M08,S03,85,22,S01;S02;S04;S05;S06;S07;S09;S10,S03;S08,0
optionC_date_aligned_n107_order_locked,DML,42,3,S03M09,S03,85,22,S01;S02;S04;S05;S06;S07;S09;S10,S03;S08,0
optionC_date_aligned_n107_order_locked,DML,42,3,S03M10,S03,85,22,S01;S02;S04;S05;S06;S07;S09;S10,S03;S08,0
optionC_date_aligned_n107_order_locked,DML,42,3,S08M12,S08,85,22,S01;S02;S04;S05;S06;S07;S09;S10,S03;S08,0
optionC_date_aligned_n107_order_locked,DML,42,3,S08M01,S08,85,22,S01;S02;S04;S05;S06;S07;S09;S10,S03;S08,0
optionC_date_aligned_n107_order_locked,DML,42,3,S08M02,S08,85,22,S01;S02;S04;S05;S06;S07;S09;S10,S03;S08,0
optionC_date_aligned_n107_order_locked,DML,42,3,S08M03,S08,85,22,S01;S02;S04;S05;S06;S07;S09;S10,S03;S08,0
optionC_date_aligned_n107_order_locked,DML,42,3,S08M04,S08,85,22,S01;S02;S04;S05;S06;S07;S09;S10,S03;S08,0
optionC_date_aligned_n107_order_locked,DML,42,3,S08M05,S08,85,22,S01;S02;S04;S05;S06;S07;S09;S10,S03;S08,0
optionC_date_aligned_n107_order_locked,DML,42,3,S08M06,S08,85,22,S01;S02;S04;S05;S06;S07;S09;S10,S03;S08,0
optionC_date_aligned_n107_order_locked,DML,42,3,S08M07,S08,85,22,S01;S02;S04;S05;S06;S07;S09;S10,S03;S08,0
optionC_date_aligned_n107_order_locked,DML,42,3,S08M08,S08,85,22,S01;S02;S04;S05;S06;S07;S09;S10,S03;S08,0
optionC_date_aligned_n107_order_locked,DML,42,3,S08M09,S08,85,22,S01;S02;S04;S05;S06;S07;S09;S10,S03;S08,0
optionC_date_aligned_n107_order_locked,DML,42,3,S08M10,S08,85,22,S01;S02;S04;S05;S06;S07;S09;S10,S03;S08,0
optionC_date_aligned_n107_order_locked,DML,42,4,S05M12,S05,86,21,S01;S02;S03;S04;S06;S07;S08;S09,S05;S10,0
optionC_date_aligned_n107_order_locked,DML,42,4,S05M01,S05,86,21,S01;S02;S03;S04;S06;S07;S08;S09,S05;S10,0
optionC_date_aligned_n107_order_locked,DML,42,4,S05M02,S05,86,21,S01;S02;S03;S04;S06;S07;S08;S09,S05;S10,0
optionC_date_aligned_n107_order_locked,DML,42,4,S05M03,S05,86,21,S01;S02;S03;S04;S06;S07;S08;S09,S05;S10,0
optionC_date_aligned_n107_order_locked,DML,42,4,S05M04,S05,86,21,S01;S02;S03;S04;S06;S07;S08;S09,S05;S10,0
optionC_date_aligned_n107_order_locked,DML,42,4,S05M05,S05,86,21,S01;S02;S03;S04;S06;S07;S08;S09,S05;S10,0
optionC_date_aligned_n107_order_locked,DML,42,4,S05M06,S05,86,21,S01;S02;S03;S04;S06;S07;S08;S09,S05;S10,0
optionC_date_aligned_n107_order_locked,DML,42,4,S05M07,S05,86,21,S01;S02;S03;S04;S06;S07;S08;S09,S05;S10,0
optionC_date_aligned_n107_order_locked,DML,42,4,S05M08,S05,86,21,S01;S02;S03;S04;S06;S07;S08;S09,S05;S10,0
optionC_date_aligned_n107_order_locked,DML,42,4,S05M09,S05,86,21,S01;S02;S03;S04;S06;S07;S08;S09,S05;S10,0
optionC_date_aligned_n107_order_locked,DML,42,4,S05M10,S05,86,21,S01;S02;S03;S04;S06;S07;S08;S09,S05;S10,0
optionC_date_aligned_n107_order_locked,DML,42,4,S10M12,S10,86,21,S01;S02;S03;S04;S06;S07;S08;S09,S05;S10,0
optionC_date_aligned_n107_order_locked,DML,42,4,S10M01,S10,86,21,S01;S02;S03;S04;S06;S07;S08;S09,S05;S10,0
optionC_date_aligned_n107_order_locked,DML,42,4,S10M02,S10,86,21,S01;S02;S03;S04;S06;S07;S08;S09,S05;S10,0
optionC_date_aligned_n107_order_locked,DML,42,4,S10M03,S10,86,21,S01;S02;S03;S04;S06;S07;S08;S09,S05;S10,0
optionC_date_aligned_n107_order_locked,DML,42,4,S10M04,S10,86,21,S01;S02;S03;S04;S06;S07;S08;S09,S05;S10,0
optionC_date_aligned_n107_order_locked,DML,42,4,S10M05,S10,86,21,S01;S02;S03;S04;S06;S07;S08;S09,S05;S10,0
optionC_date_aligned_n107_order_locked,DML,42,4,S10M07,S10,86,21,S01;S02;S03;S04;S06;S07;S08;S09,S05;S10,0
optionC_date_aligned_n107_order_locked,DML,42,4,S10M08,S10,86,21,S01;S02;S03;S04;S06;S07;S08;S09,S05;S10,0
optionC_date_aligned_n107_order_locked,DML,42,4,S10M09,S10,86,21,S01;S02;S03;S04;S06;S07;S08;S09,S05;S10,0
optionC_date_aligned_n107_order_locked,DML,42,4,S10M10,S10,86,21,S01;S02;S03;S04;S06;S07;S08;S09,S05;S10,0
optionC_date_aligned_n107_order_locked,DML,42,5,S04M12,S04,85,22,S01;S02;S03;S05;S06;S08;S09;S10,S04;S07,0
optionC_date_aligned_n107_order_locked,DML,42,5,S04M01,S04,85,22,S01;S02;S03;S05;S06;S08;S09;S10,S04;S07,0
optionC_date_aligned_n107_order_locked,DML,42,5,S04M02,S04,85,22,S01;S02;S03;S05;S06;S08;S09;S10,S04;S07,0
optionC_date_aligned_n107_order_locked,DML,42,5,S04M03,S04,85,22,S01;S02;S03;S05;S06;S08;S09;S10,S04;S07,0
optionC_date_aligned_n107_order_locked,DML,42,5,S04M04,S04,85,22,S01;S02;S03;S05;S06;S08;S09;S10,S04;S07,0
optionC_date_aligned_n107_order_locked,DML,42,5,S04M05,S04,85,22,S01;S02;S03;S05;S06;S08;S09;S10,S04;S07,0
optionC_date_aligned_n107_order_locked,DML,42,5,S04M06,S04,85,22,S01;S02;S03;S05;S06;S08;S09;S10,S04;S07,0
optionC_date_aligned_n107_order_locked,DML,42,5,S04M07,S04,85,22,S01;S02;S03;S05;S06;S08;S09;S10,S04;S07,0
optionC_date_aligned_n107_order_locked,DML,42,5,S04M08,S04,85,22,S01;S02;S03;S05;S06;S08;S09;S10,S04;S07,0
optionC_date_aligned_n107_order_locked,DML,42,5,S04M09,S04,85,22,S01;S02;S03;S05;S06;S08;S09;S10,S04;S07,0
optionC_date_aligned_n107_order_locked,DML,42,5,S04M10,S04,85,22,S01;S02;S03;S05;S06;S08;S09;S10,S04;S07,0
optionC_date_aligned_n107_order_locked,DML,42,5,S07M12,S07,85,22,S01;S02;S03;S05;S06;S08;S09;S10,S04;S07,0
optionC_date_aligned_n107_order_locked,DML,42,5,S07M01,S07,85,22,S01;S02;S03;S05;S06;S08;S09;S10,S04;S07,0
optionC_date_aligned_n107_order_locked,DML,42,5,S07M02,S07,85,22,S01;S02;S03;S05;S06;S08;S09;S10,S04;S07,0
optionC_date_aligned_n107_order_locked,DML,42,5,S07M03,S07,85,22,S01;S02;S03;S05;S06;S08;S09;S10,S04;S07,0
optionC_date_aligned_n107_order_locked,DML,42,5,S07M04,S07,85,22,S01;S02;S03;S05;S06;S08;S09;S10,S04;S07,0
optionC_date_aligned_n107_order_locked,DML,42,5,S07M05,S07,85,22,S01;S02;S03;S05;S06;S08;S09;S10,S04;S07,0
optionC_date_aligned_n107_order_locked,DML,42,5,S07M06,S07,85,22,S01;S02;S03;S05;S06;S08;S09;S10,S04;S07,0
optionC_date_aligned_n107_order_locked,DML,42,5,S07M07,S07,85,22,S01;S02;S03;S05;S06;S08;S09;S10,S04;S07,0
optionC_date_aligned_n107_order_locked,DML,42,5,S07M08,S07,85,22,S01;S02;S03;S05;S06;S08;S09;S10,S04;S07,0
optionC_date_aligned_n107_order_locked,DML,42,5,S07M09,S07,85,22,S01;S02;S03;S05;S06;S08;S09;S10,S04;S07,0
optionC_date_aligned_n107_order_locked,DML,42,5,S07M10,S07,85,22,S01;S02;S03;S05;S06;S08;S09;S10,S04;S07,0
optionC_date_aligned_n107_order_locked,GCM,1,1,S03M12,S03,86,21,S01;S02;S04;S05;S06;S07;S08;S09,S03;S10,0
optionC_date_aligned_n107_order_locked,GCM,1,1,S03M01,S03,86,21,S01;S02;S04;S05;S06;S07;S08;S09,S03;S10,0
optionC_date_aligned_n107_order_locked,GCM,1,1,S03M02,S03,86,21,S01;S02;S04;S05;S06;S07;S08;S09,S03;S10,0
optionC_date_aligned_n107_order_locked,GCM,1,1,S03M03,S03,86,21,S01;S02;S04;S05;S06;S07;S08;S09,S03;S10,0
optionC_date_aligned_n107_order_locked,GCM,1,1,S03M04,S03,86,21,S01;S02;S04;S05;S06;S07;S08;S09,S03;S10,0
optionC_date_aligned_n107_order_locked,GCM,1,1,S03M05,S03,86,21,S01;S02;S04;S05;S06;S07;S08;S09,S03;S10,0
optionC_date_aligned_n107_order_locked,GCM,1,1,S03M06,S03,86,21,S01;S02;S04;S05;S06;S07;S08;S09,S03;S10,0
optionC_date_aligned_n107_order_locked,GCM,1,1,S03M07,S03,86,21,S01;S02;S04;S05;S06;S07;S08;S09,S03;S10,0
optionC_date_aligned_n107_order_locked,GCM,1,1,S03M08,S03,86,21,S01;S02;S04;S05;S06;S07;S08;S09,S03;S10,0
optionC_date_aligned_n107_order_locked,GCM,1,1,S03M09,S03,86,21,S01;S02;S04;S05;S06;S07;S08;S09,S03;S10,0
optionC_date_aligned_n107_order_locked,GCM,1,1,S03M10,S03,86,21,S01;S02;S04;S05;S06;S07;S08;S09,S03;S10,0
optionC_date_aligned_n107_order_locked,GCM,1,1,S10M12,S10,86,21,S01;S02;S04;S05;S06;S07;S08;S09,S03;S10,0
optionC_date_aligned_n107_order_locked,GCM,1,1,S10M01,S10,86,21,S01;S02;S04;S05;S06;S07;S08;S09,S03;S10,0
optionC_date_aligned_n107_order_locked,GCM,1,1,S10M02,S10,86,21,S01;S02;S04;S05;S06;S07;S08;S09,S03;S10,0
optionC_date_aligned_n107_order_locked,GCM,1,1,S10M03,S10,86,21,S01;S02;S04;S05;S06;S07;S08;S09,S03;S10,0
optionC_date_aligned_n107_order_locked,GCM,1,1,S10M04,S10,86,21,S01;S02;S04;S05;S06;S07;S08;S09,S03;S10,0
optionC_date_aligned_n107_order_locked,GCM,1,1,S10M05,S10,86,21,S01;S02;S04;S05;S06;S07;S08;S09,S03;S10,0
optionC_date_aligned_n107_order_locked,GCM,1,1,S10M07,S10,86,21,S01;S02;S04;S05;S06;S07;S08;S09,S03;S10,0
optionC_date_aligned_n107_order_locked,GCM,1,1,S10M08,S10,86,21,S01;S02;S04;S05;S06;S07;S08;S09,S03;S10,0
optionC_date_aligned_n107_order_locked,GCM,1,1,S10M09,S10,86,21,S01;S02;S04;S05;S06;S07;S08;S09,S03;S10,0
optionC_date_aligned_n107_order_locked,GCM,1,1,S10M10,S10,86,21,S01;S02;S04;S05;S06;S07;S08;S09,S03;S10,0
optionC_date_aligned_n107_order_locked,GCM,1,2,S05M12,S05,85,22,S01;S02;S03;S04;S06;S08;S09;S10,S05;S07,0
optionC_date_aligned_n107_order_locked,GCM,1,2,S05M01,S05,85,22,S01;S02;S03;S04;S06;S08;S09;S10,S05;S07,0
optionC_date_aligned_n107_order_locked,GCM,1,2,S05M02,S05,85,22,S01;S02;S03;S04;S06;S08;S09;S10,S05;S07,0
optionC_date_aligned_n107_order_locked,GCM,1,2,S05M03,S05,85,22,S01;S02;S03;S04;S06;S08;S09;S10,S05;S07,0
optionC_date_aligned_n107_order_locked,GCM,1,2,S05M04,S05,85,22,S01;S02;S03;S04;S06;S08;S09;S10,S05;S07,0
optionC_date_aligned_n107_order_locked,GCM,1,2,S05M05,S05,85,22,S01;S02;S03;S04;S06;S08;S09;S10,S05;S07,0
optionC_date_aligned_n107_order_locked,GCM,1,2,S05M06,S05,85,22,S01;S02;S03;S04;S06;S08;S09;S10,S05;S07,0
optionC_date_aligned_n107_order_locked,GCM,1,2,S05M07,S05,85,22,S01;S02;S03;S04;S06;S08;S09;S10,S05;S07,0
optionC_date_aligned_n107_order_locked,GCM,1,2,S05M08,S05,85,22,S01;S02;S03;S04;S06;S08;S09;S10,S05;S07,0
optionC_date_aligned_n107_order_locked,GCM,1,2,S05M09,S05,85,22,S01;S02;S03;S04;S06;S08;S09;S10,S05;S07,0
optionC_date_aligned_n107_order_locked,GCM,1,2,S05M10,S05,85,22,S01;S02;S03;S04;S06;S08;S09;S10,S05;S07,0
optionC_date_aligned_n107_order_locked,GCM,1,2,S07M12,S07,85,22,S01;S02;S03;S04;S06;S08;S09;S10,S05;S07,0
optionC_date_aligned_n107_order_locked,GCM,1,2,S07M01,S07,85,22,S01;S02;S03;S04;S06;S08;S09;S10,S05;S07,0
optionC_date_aligned_n107_order_locked,GCM,1,2,S07M02,S07,85,22,S01;S02;S03;S04;S06;S08;S09;S10,S05;S07,0
optionC_date_aligned_n107_order_locked,GCM,1,2,S07M03,S07,85,22,S01;S02;S03;S04;S06;S08;S09;S10,S05;S07,0
optionC_date_aligned_n107_order_locked,GCM,1,2,S07M04,S07,85,22,S01;S02;S03;S04;S06;S08;S09;S10,S05;S07,0
optionC_date_aligned_n107_order_locked,GCM,1,2,S07M05,S07,85,22,S01;S02;S03;S04;S06;S08;S09;S10,S05;S07,0
optionC_date_aligned_n107_order_locked,GCM,1,2,S07M06,S07,85,22,S01;S02;S03;S04;S06;S08;S09;S10,S05;S07,0
optionC_date_aligned_n107_order_locked,GCM,1,2,S07M07,S07,85,22,S01;S02;S03;S04;S06;S08;S09;S10,S05;S07,0
optionC_date_aligned_n107_order_locked,GCM,1,2,S07M08,S07,85,22,S01;S02;S03;S04;S06;S08;S09;S10,S05;S07,0
optionC_date_aligned_n107_order_locked,GCM,1,2,S07M09,S07,85,22,S01;S02;S03;S04;S06;S08;S09;S10,S05;S07,0
optionC_date_aligned_n107_order_locked,GCM,1,2,S07M10,S07,85,22,S01;S02;S03;S04;S06;S08;S09;S10,S05;S07,0
optionC_date_aligned_n107_order_locked,GCM,1,3,S01M12,S01,86,21,S02;S03;S05;S06;S07;S08;S09;S10,S01;S04,0
optionC_date_aligned_n107_order_locked,GCM,1,3,S01M01,S01,86,21,S02;S03;S05;S06;S07;S08;S09;S10,S01;S04,0
optionC_date_aligned_n107_order_locked,GCM,1,3,S01M02,S01,86,21,S02;S03;S05;S06;S07;S08;S09;S10,S01;S04,0
optionC_date_aligned_n107_order_locked,GCM,1,3,S01M03,S01,86,21,S02;S03;S05;S06;S07;S08;S09;S10,S01;S04,0
optionC_date_aligned_n107_order_locked,GCM,1,3,S01M04,S01,86,21,S02;S03;S05;S06;S07;S08;S09;S10,S01;S04,0
optionC_date_aligned_n107_order_locked,GCM,1,3,S01M05,S01,86,21,S02;S03;S05;S06;S07;S08;S09;S10,S01;S04,0
optionC_date_aligned_n107_order_locked,GCM,1,3,S01M06,S01,86,21,S02;S03;S05;S06;S07;S08;S09;S10,S01;S04,0
optionC_date_aligned_n107_order_locked,GCM,1,3,S01M08,S01,86,21,S02;S03;S05;S06;S07;S08;S09;S10,S01;S04,0
optionC_date_aligned_n107_order_locked,GCM,1,3,S01M09,S01,86,21,S02;S03;S05;S06;S07;S08;S09;S10,S01;S04,0
optionC_date_aligned_n107_order_locked,GCM,1,3,S01M10,S01,86,21,S02;S03;S05;S06;S07;S08;S09;S10,S01;S04,0
optionC_date_aligned_n107_order_locked,GCM,1,3,S04M12,S04,86,21,S02;S03;S05;S06;S07;S08;S09;S10,S01;S04,0
optionC_date_aligned_n107_order_locked,GCM,1,3,S04M01,S04,86,21,S02;S03;S05;S06;S07;S08;S09;S10,S01;S04,0
optionC_date_aligned_n107_order_locked,GCM,1,3,S04M02,S04,86,21,S02;S03;S05;S06;S07;S08;S09;S10,S01;S04,0
optionC_date_aligned_n107_order_locked,GCM,1,3,S04M03,S04,86,21,S02;S03;S05;S06;S07;S08;S09;S10,S01;S04,0
optionC_date_aligned_n107_order_locked,GCM,1,3,S04M04,S04,86,21,S02;S03;S05;S06;S07;S08;S09;S10,S01;S04,0
optionC_date_aligned_n107_order_locked,GCM,1,3,S04M05,S04,86,21,S02;S03;S05;S06;S07;S08;S09;S10,S01;S04,0
optionC_date_aligned_n107_order_locked,GCM,1,3,S04M06,S04,86,21,S02;S03;S05;S06;S07;S08;S09;S10,S01;S04,0
optionC_date_aligned_n107_order_locked,GCM,1,3,S04M07,S04,86,21,S02;S03;S05;S06;S07;S08;S09;S10,S01;S04,0
optionC_date_aligned_n107_order_locked,GCM,1,3,S04M08,S04,86,21,S02;S03;S05;S06;S07;S08;S09;S10,S01;S04,0
optionC_date_aligned_n107_order_locked,GCM,1,3,S04M09,S04,86,21,S02;S03;S05;S06;S07;S08;S09;S10,S01;S04,0
optionC_date_aligned_n107_order_locked,GCM,1,3,S04M10,S04,86,21,S02;S03;S05;S06;S07;S08;S09;S10,S01;S04,0
optionC_date_aligned_n107_order_locked,GCM,1,4,S02M12,S02,85,22,S01;S03;S04;S05;S06;S07;S09;S10,S02;S08,0
optionC_date_aligned_n107_order_locked,GCM,1,4,S02M01,S02,85,22,S01;S03;S04;S05;S06;S07;S09;S10,S02;S08,0
optionC_date_aligned_n107_order_locked,GCM,1,4,S02M02,S02,85,22,S01;S03;S04;S05;S06;S07;S09;S10,S02;S08,0
optionC_date_aligned_n107_order_locked,GCM,1,4,S02M03,S02,85,22,S01;S03;S04;S05;S06;S07;S09;S10,S02;S08,0
optionC_date_aligned_n107_order_locked,GCM,1,4,S02M04,S02,85,22,S01;S03;S04;S05;S06;S07;S09;S10,S02;S08,0
optionC_date_aligned_n107_order_locked,GCM,1,4,S02M05,S02,85,22,S01;S03;S04;S05;S06;S07;S09;S10,S02;S08,0
optionC_date_aligned_n107_order_locked,GCM,1,4,S02M06,S02,85,22,S01;S03;S04;S05;S06;S07;S09;S10,S02;S08,0
optionC_date_aligned_n107_order_locked,GCM,1,4,S02M07,S02,85,22,S01;S03;S04;S05;S06;S07;S09;S10,S02;S08,0
optionC_date_aligned_n107_order_locked,GCM,1,4,S02M08,S02,85,22,S01;S03;S04;S05;S06;S07;S09;S10,S02;S08,0
optionC_date_aligned_n107_order_locked,GCM,1,4,S02M09,S02,85,22,S01;S03;S04;S05;S06;S07;S09;S10,S02;S08,0
optionC_date_aligned_n107_order_locked,GCM,1,4,S02M10,S02,85,22,S01;S03;S04;S05;S06;S07;S09;S10,S02;S08,0
optionC_date_aligned_n107_order_locked,GCM,1,4,S08M12,S08,85,22,S01;S03;S04;S05;S06;S07;S09;S10,S02;S08,0
optionC_date_aligned_n107_order_locked,GCM,1,4,S08M01,S08,85,22,S01;S03;S04;S05;S06;S07;S09;S10,S02;S08,0
optionC_date_aligned_n107_order_locked,GCM,1,4,S08M02,S08,85,22,S01;S03;S04;S05;S06;S07;S09;S10,S02;S08,0
optionC_date_aligned_n107_order_locked,GCM,1,4,S08M03,S08,85,22,S01;S03;S04;S05;S06;S07;S09;S10,S02;S08,0
optionC_date_aligned_n107_order_locked,GCM,1,4,S08M04,S08,85,22,S01;S03;S04;S05;S06;S07;S09;S10,S02;S08,0
optionC_date_aligned_n107_order_locked,GCM,1,4,S08M05,S08,85,22,S01;S03;S04;S05;S06;S07;S09;S10,S02;S08,0
optionC_date_aligned_n107_order_locked,GCM,1,4,S08M06,S08,85,22,S01;S03;S04;S05;S06;S07;S09;S10,S02;S08,0
optionC_date_aligned_n107_order_locked,GCM,1,4,S08M07,S08,85,22,S01;S03;S04;S05;S06;S07;S09;S10,S02;S08,0
optionC_date_aligned_n107_order_locked,GCM,1,4,S08M08,S08,85,22,S01;S03;S04;S05;S06;S07;S09;S10,S02;S08,0
optionC_date_aligned_n107_order_locked,GCM,1,4,S08M09,S08,85,22,S01;S03;S04;S05;S06;S07;S09;S10,S02;S08,0
optionC_date_aligned_n107_order_locked,GCM,1,4,S08M10,S08,85,22,S01;S03;S04;S05;S06;S07;S09;S10,S02;S08,0
optionC_date_aligned_n107_order_locked,GCM,1,5,S06M12,S06,86,21,S01;S02;S03;S04;S05;S07;S08;S10,S06;S09,0
optionC_date_aligned_n107_order_locked,GCM,1,5,S06M01,S06,86,21,S01;S02;S03;S04;S05;S07;S08;S10,S06;S09,0
optionC_date_aligned_n107_order_locked,GCM,1,5,S06M02,S06,86,21,S01;S02;S03;S04;S05;S07;S08;S10,S06;S09,0
optionC_date_aligned_n107_order_locked,GCM,1,5,S06M03,S06,86,21,S01;S02;S03;S04;S05;S07;S08;S10,S06;S09,0
optionC_date_aligned_n107_order_locked,GCM,1,5,S06M04,S06,86,21,S01;S02;S03;S04;S05;S07;S08;S10,S06;S09,0
optionC_date_aligned_n107_order_locked,GCM,1,5,S06M05,S06,86,21,S01;S02;S03;S04;S05;S07;S08;S10,S06;S09,0
optionC_date_aligned_n107_order_locked,GCM,1,5,S06M06,S06,86,21,S01;S02;S03;S04;S05;S07;S08;S10,S06;S09,0
optionC_date_aligned_n107_order_locked,GCM,1,5,S06M07,S06,86,21,S01;S02;S03;S04;S05;S07;S08;S10,S06;S09,0
optionC_date_aligned_n107_order_locked,GCM,1,5,S06M08,S06,86,21,S01;S02;S03;S04;S05;S07;S08;S10,S06;S09,0
optionC_date_aligned_n107_order_locked,GCM,1,5,S06M09,S06,86,21,S01;S02;S03;S04;S05;S07;S08;S10,S06;S09,0
optionC_date_aligned_n107_order_locked,GCM,1,5,S06M10,S06,86,21,S01;S02;S03;S04;S05;S07;S08;S10,S06;S09,0
optionC_date_aligned_n107_order_locked,GCM,1,5,S09M12,S09,86,21,S01;S02;S03;S04;S05;S07;S08;S10,S06;S09,0
optionC_date_aligned_n107_order_locked,GCM,1,5,S09M01,S09,86,21,S01;S02;S03;S04;S05;S07;S08;S10,S06;S09,0
optionC_date_aligned_n107_order_locked,GCM,1,5,S09M02,S09,86,21,S01;S02;S03;S04;S05;S07;S08;S10,S06;S09,0
optionC_date_aligned_n107_order_locked,GCM,1,5,S09M03,S09,86,21,S01;S02;S03;S04;S05;S07;S08;S10,S06;S09,0
optionC_date_aligned_n107_order_locked,GCM,1,5,S09M04,S09,86,21,S01;S02;S03;S04;S05;S07;S08;S10,S06;S09,0
optionC_date_aligned_n107_order_locked,GCM,1,5,S09M05,S09,86,21,S01;S02;S03;S04;S05;S07;S08;S10,S06;S09,0
optionC_date_aligned_n107_order_locked,GCM,1,5,S09M07,S09,86,21,S01;S02;S03;S04;S05;S07;S08;S10,S06;S09,0
optionC_date_aligned_n107_order_locked,GCM,1,5,S09M08,S09,86,21,S01;S02;S03;S04;S05;S07;S08;S10,S06;S09,0
optionC_date_aligned_n107_order_locked,GCM,1,5,S09M09,S09,86,21,S01;S02;S03;S04;S05;S07;S08;S10,S06;S09,0
optionC_date_aligned_n107_order_locked,GCM,1,5,S09M10,S09,86,21,S01;S02;S03;S04;S05;S07;S08;S10,S06;S09,0
optionC_date_aligned_n107_order_locked,G-computation,7,1,S06M12,S06,86,21,S01;S02;S03;S04;S05;S07;S08;S10,S06;S09,0
optionC_date_aligned_n107_order_locked,G-computation,7,1,S06M01,S06,86,21,S01;S02;S03;S04;S05;S07;S08;S10,S06;S09,0
optionC_date_aligned_n107_order_locked,G-computation,7,1,S06M02,S06,86,21,S01;S02;S03;S04;S05;S07;S08;S10,S06;S09,0
optionC_date_aligned_n107_order_locked,G-computation,7,1,S06M03,S06,86,21,S01;S02;S03;S04;S05;S07;S08;S10,S06;S09,0
optionC_date_aligned_n107_order_locked,G-computation,7,1,S06M04,S06,86,21,S01;S02;S03;S04;S05;S07;S08;S10,S06;S09,0
optionC_date_aligned_n107_order_locked,G-computation,7,1,S06M05,S06,86,21,S01;S02;S03;S04;S05;S07;S08;S10,S06;S09,0
optionC_date_aligned_n107_order_locked,G-computation,7,1,S06M06,S06,86,21,S01;S02;S03;S04;S05;S07;S08;S10,S06;S09,0
optionC_date_aligned_n107_order_locked,G-computation,7,1,S06M07,S06,86,21,S01;S02;S03;S04;S05;S07;S08;S10,S06;S09,0
optionC_date_aligned_n107_order_locked,G-computation,7,1,S06M08,S06,86,21,S01;S02;S03;S04;S05;S07;S08;S10,S06;S09,0
optionC_date_aligned_n107_order_locked,G-computation,7,1,S06M09,S06,86,21,S01;S02;S03;S04;S05;S07;S08;S10,S06;S09,0
optionC_date_aligned_n107_order_locked,G-computation,7,1,S06M10,S06,86,21,S01;S02;S03;S04;S05;S07;S08;S10,S06;S09,0
optionC_date_aligned_n107_order_locked,G-computation,7,1,S09M12,S09,86,21,S01;S02;S03;S04;S05;S07;S08;S10,S06;S09,0
optionC_date_aligned_n107_order_locked,G-computation,7,1,S09M01,S09,86,21,S01;S02;S03;S04;S05;S07;S08;S10,S06;S09,0
optionC_date_aligned_n107_order_locked,G-computation,7,1,S09M02,S09,86,21,S01;S02;S03;S04;S05;S07;S08;S10,S06;S09,0
optionC_date_aligned_n107_order_locked,G-computation,7,1,S09M03,S09,86,21,S01;S02;S03;S04;S05;S07;S08;S10,S06;S09,0
optionC_date_aligned_n107_order_locked,G-computation,7,1,S09M04,S09,86,21,S01;S02;S03;S04;S05;S07;S08;S10,S06;S09,0
optionC_date_aligned_n107_order_locked,G-computation,7,1,S09M05,S09,86,21,S01;S02;S03;S04;S05;S07;S08;S10,S06;S09,0
optionC_date_aligned_n107_order_locked,G-computation,7,1,S09M07,S09,86,21,S01;S02;S03;S04;S05;S07;S08;S10,S06;S09,0
optionC_date_aligned_n107_order_locked,G-computation,7,1,S09M08,S09,86,21,S01;S02;S03;S04;S05;S07;S08;S10,S06;S09,0
optionC_date_aligned_n107_order_locked,G-computation,7,1,S09M09,S09,86,21,S01;S02;S03;S04;S05;S07;S08;S10,S06;S09,0
optionC_date_aligned_n107_order_locked,G-computation,7,1,S09M10,S09,86,21,S01;S02;S03;S04;S05;S07;S08;S10,S06;S09,0
optionC_date_aligned_n107_order_locked,G-computation,7,2,S01M12,S01,86,21,S02;S04;S05;S06;S07;S08;S09;S10,S01;S03,0
optionC_date_aligned_n107_order_locked,G-computation,7,2,S01M01,S01,86,21,S02;S04;S05;S06;S07;S08;S09;S10,S01;S03,0
optionC_date_aligned_n107_order_locked,G-computation,7,2,S01M02,S01,86,21,S02;S04;S05;S06;S07;S08;S09;S10,S01;S03,0
optionC_date_aligned_n107_order_locked,G-computation,7,2,S01M03,S01,86,21,S02;S04;S05;S06;S07;S08;S09;S10,S01;S03,0
optionC_date_aligned_n107_order_locked,G-computation,7,2,S01M04,S01,86,21,S02;S04;S05;S06;S07;S08;S09;S10,S01;S03,0
optionC_date_aligned_n107_order_locked,G-computation,7,2,S01M05,S01,86,21,S02;S04;S05;S06;S07;S08;S09;S10,S01;S03,0
optionC_date_aligned_n107_order_locked,G-computation,7,2,S01M06,S01,86,21,S02;S04;S05;S06;S07;S08;S09;S10,S01;S03,0
optionC_date_aligned_n107_order_locked,G-computation,7,2,S01M08,S01,86,21,S02;S04;S05;S06;S07;S08;S09;S10,S01;S03,0
optionC_date_aligned_n107_order_locked,G-computation,7,2,S01M09,S01,86,21,S02;S04;S05;S06;S07;S08;S09;S10,S01;S03,0
optionC_date_aligned_n107_order_locked,G-computation,7,2,S01M10,S01,86,21,S02;S04;S05;S06;S07;S08;S09;S10,S01;S03,0
optionC_date_aligned_n107_order_locked,G-computation,7,2,S03M12,S03,86,21,S02;S04;S05;S06;S07;S08;S09;S10,S01;S03,0
optionC_date_aligned_n107_order_locked,G-computation,7,2,S03M01,S03,86,21,S02;S04;S05;S06;S07;S08;S09;S10,S01;S03,0
optionC_date_aligned_n107_order_locked,G-computation,7,2,S03M02,S03,86,21,S02;S04;S05;S06;S07;S08;S09;S10,S01;S03,0
optionC_date_aligned_n107_order_locked,G-computation,7,2,S03M03,S03,86,21,S02;S04;S05;S06;S07;S08;S09;S10,S01;S03,0
optionC_date_aligned_n107_order_locked,G-computation,7,2,S03M04,S03,86,21,S02;S04;S05;S06;S07;S08;S09;S10,S01;S03,0
optionC_date_aligned_n107_order_locked,G-computation,7,2,S03M05,S03,86,21,S02;S04;S05;S06;S07;S08;S09;S10,S01;S03,0
optionC_date_aligned_n107_order_locked,G-computation,7,2,S03M06,S03,86,21,S02;S04;S05;S06;S07;S08;S09;S10,S01;S03,0
optionC_date_aligned_n107_order_locked,G-computation,7,2,S03M07,S03,86,21,S02;S04;S05;S06;S07;S08;S09;S10,S01;S03,0
optionC_date_aligned_n107_order_locked,G-computation,7,2,S03M08,S03,86,21,S02;S04;S05;S06;S07;S08;S09;S10,S01;S03,0
optionC_date_aligned_n107_order_locked,G-computation,7,2,S03M09,S03,86,21,S02;S04;S05;S06;S07;S08;S09;S10,S01;S03,0
optionC_date_aligned_n107_order_locked,G-computation,7,2,S03M10,S03,86,21,S02;S04;S05;S06;S07;S08;S09;S10,S01;S03,0
optionC_date_aligned_n107_order_locked,G-computation,7,3,S02M12,S02,86,21,S01;S03;S04;S05;S06;S07;S08;S09,S02;S10,0
optionC_date_aligned_n107_order_locked,G-computation,7,3,S02M01,S02,86,21,S01;S03;S04;S05;S06;S07;S08;S09,S02;S10,0
optionC_date_aligned_n107_order_locked,G-computation,7,3,S02M02,S02,86,21,S01;S03;S04;S05;S06;S07;S08;S09,S02;S10,0
optionC_date_aligned_n107_order_locked,G-computation,7,3,S02M03,S02,86,21,S01;S03;S04;S05;S06;S07;S08;S09,S02;S10,0
optionC_date_aligned_n107_order_locked,G-computation,7,3,S02M04,S02,86,21,S01;S03;S04;S05;S06;S07;S08;S09,S02;S10,0
optionC_date_aligned_n107_order_locked,G-computation,7,3,S02M05,S02,86,21,S01;S03;S04;S05;S06;S07;S08;S09,S02;S10,0
optionC_date_aligned_n107_order_locked,G-computation,7,3,S02M06,S02,86,21,S01;S03;S04;S05;S06;S07;S08;S09,S02;S10,0
optionC_date_aligned_n107_order_locked,G-computation,7,3,S02M07,S02,86,21,S01;S03;S04;S05;S06;S07;S08;S09,S02;S10,0
optionC_date_aligned_n107_order_locked,G-computation,7,3,S02M08,S02,86,21,S01;S03;S04;S05;S06;S07;S08;S09,S02;S10,0
optionC_date_aligned_n107_order_locked,G-computation,7,3,S02M09,S02,86,21,S01;S03;S04;S05;S06;S07;S08;S09,S02;S10,0
optionC_date_aligned_n107_order_locked,G-computation,7,3,S02M10,S02,86,21,S01;S03;S04;S05;S06;S07;S08;S09,S02;S10,0
optionC_date_aligned_n107_order_locked,G-computation,7,3,S10M12,S10,86,21,S01;S03;S04;S05;S06;S07;S08;S09,S02;S10,0
optionC_date_aligned_n107_order_locked,G-computation,7,3,S10M01,S10,86,21,S01;S03;S04;S05;S06;S07;S08;S09,S02;S10,0
optionC_date_aligned_n107_order_locked,G-computation,7,3,S10M02,S10,86,21,S01;S03;S04;S05;S06;S07;S08;S09,S02;S10,0
optionC_date_aligned_n107_order_locked,G-computation,7,3,S10M03,S10,86,21,S01;S03;S04;S05;S06;S07;S08;S09,S02;S10,0
optionC_date_aligned_n107_order_locked,G-computation,7,3,S10M04,S10,86,21,S01;S03;S04;S05;S06;S07;S08;S09,S02;S10,0
optionC_date_aligned_n107_order_locked,G-computation,7,3,S10M05,S10,86,21,S01;S03;S04;S05;S06;S07;S08;S09,S02;S10,0
optionC_date_aligned_n107_order_locked,G-computation,7,3,S10M07,S10,86,21,S01;S03;S04;S05;S06;S07;S08;S09,S02;S10,0
optionC_date_aligned_n107_order_locked,G-computation,7,3,S10M08,S10,86,21,S01;S03;S04;S05;S06;S07;S08;S09,S02;S10,0
optionC_date_aligned_n107_order_locked,G-computation,7,3,S10M09,S10,86,21,S01;S03;S04;S05;S06;S07;S08;S09,S02;S10,0
optionC_date_aligned_n107_order_locked,G-computation,7,3,S10M10,S10,86,21,S01;S03;S04;S05;S06;S07;S08;S09,S02;S10,0
optionC_date_aligned_n107_order_locked,G-computation,7,4,S04M12,S04,85,22,S01;S02;S03;S05;S06;S07;S09;S10,S04;S08,0
optionC_date_aligned_n107_order_locked,G-computation,7,4,S04M01,S04,85,22,S01;S02;S03;S05;S06;S07;S09;S10,S04;S08,0
optionC_date_aligned_n107_order_locked,G-computation,7,4,S04M02,S04,85,22,S01;S02;S03;S05;S06;S07;S09;S10,S04;S08,0
optionC_date_aligned_n107_order_locked,G-computation,7,4,S04M03,S04,85,22,S01;S02;S03;S05;S06;S07;S09;S10,S04;S08,0
optionC_date_aligned_n107_order_locked,G-computation,7,4,S04M04,S04,85,22,S01;S02;S03;S05;S06;S07;S09;S10,S04;S08,0
optionC_date_aligned_n107_order_locked,G-computation,7,4,S04M05,S04,85,22,S01;S02;S03;S05;S06;S07;S09;S10,S04;S08,0
optionC_date_aligned_n107_order_locked,G-computation,7,4,S04M06,S04,85,22,S01;S02;S03;S05;S06;S07;S09;S10,S04;S08,0
optionC_date_aligned_n107_order_locked,G-computation,7,4,S04M07,S04,85,22,S01;S02;S03;S05;S06;S07;S09;S10,S04;S08,0
optionC_date_aligned_n107_order_locked,G-computation,7,4,S04M08,S04,85,22,S01;S02;S03;S05;S06;S07;S09;S10,S04;S08,0
optionC_date_aligned_n107_order_locked,G-computation,7,4,S04M09,S04,85,22,S01;S02;S03;S05;S06;S07;S09;S10,S04;S08,0
optionC_date_aligned_n107_order_locked,G-computation,7,4,S04M10,S04,85,22,S01;S02;S03;S05;S06;S07;S09;S10,S04;S08,0
optionC_date_aligned_n107_order_locked,G-computation,7,4,S08M12,S08,85,22,S01;S02;S03;S05;S06;S07;S09;S10,S04;S08,0
optionC_date_aligned_n107_order_locked,G-computation,7,4,S08M01,S08,85,22,S01;S02;S03;S05;S06;S07;S09;S10,S04;S08,0
optionC_date_aligned_n107_order_locked,G-computation,7,4,S08M02,S08,85,22,S01;S02;S03;S05;S06;S07;S09;S10,S04;S08,0
optionC_date_aligned_n107_order_locked,G-computation,7,4,S08M03,S08,85,22,S01;S02;S03;S05;S06;S07;S09;S10,S04;S08,0
optionC_date_aligned_n107_order_locked,G-computation,7,4,S08M04,S08,85,22,S01;S02;S03;S05;S06;S07;S09;S10,S04;S08,0
optionC_date_aligned_n107_order_locked,G-computation,7,4,S08M05,S08,85,22,S01;S02;S03;S05;S06;S07;S09;S10,S04;S08,0
optionC_date_aligned_n107_order_locked,G-computation,7,4,S08M06,S08,85,22,S01;S02;S03;S05;S06;S07;S09;S10,S04;S08,0
optionC_date_aligned_n107_order_locked,G-computation,7,4,S08M07,S08,85,22,S01;S02;S03;S05;S06;S07;S09;S10,S04;S08,0
optionC_date_aligned_n107_order_locked,G-computation,7,4,S08M08,S08,85,22,S01;S02;S03;S05;S06;S07;S09;S10,S04;S08,0
optionC_date_aligned_n107_order_locked,G-computation,7,4,S08M09,S08,85,22,S01;S02;S03;S05;S06;S07;S09;S10,S04;S08,0
optionC_date_aligned_n107_order_locked,G-computation,7,4,S08M10,S08,85,22,S01;S02;S03;S05;S06;S07;S09;S10,S04;S08,0
optionC_date_aligned_n107_order_locked,G-computation,7,5,S05M12,S05,85,22,S01;S02;S03;S04;S06;S08;S09;S10,S05;S07,0
optionC_date_aligned_n107_order_locked,G-computation,7,5,S05M01,S05,85,22,S01;S02;S03;S04;S06;S08;S09;S10,S05;S07,0
optionC_date_aligned_n107_order_locked,G-computation,7,5,S05M02,S05,85,22,S01;S02;S03;S04;S06;S08;S09;S10,S05;S07,0
optionC_date_aligned_n107_order_locked,G-computation,7,5,S05M03,S05,85,22,S01;S02;S03;S04;S06;S08;S09;S10,S05;S07,0
optionC_date_aligned_n107_order_locked,G-computation,7,5,S05M04,S05,85,22,S01;S02;S03;S04;S06;S08;S09;S10,S05;S07,0
optionC_date_aligned_n107_order_locked,G-computation,7,5,S05M05,S05,85,22,S01;S02;S03;S04;S06;S08;S09;S10,S05;S07,0
optionC_date_aligned_n107_order_locked,G-computation,7,5,S05M06,S05,85,22,S01;S02;S03;S04;S06;S08;S09;S10,S05;S07,0
optionC_date_aligned_n107_order_locked,G-computation,7,5,S05M07,S05,85,22,S01;S02;S03;S04;S06;S08;S09;S10,S05;S07,0
optionC_date_aligned_n107_order_locked,G-computation,7,5,S05M08,S05,85,22,S01;S02;S03;S04;S06;S08;S09;S10,S05;S07,0
optionC_date_aligned_n107_order_locked,G-computation,7,5,S05M09,S05,85,22,S01;S02;S03;S04;S06;S08;S09;S10,S05;S07,0
optionC_date_aligned_n107_order_locked,G-computation,7,5,S05M10,S05,85,22,S01;S02;S03;S04;S06;S08;S09;S10,S05;S07,0
optionC_date_aligned_n107_order_locked,G-computation,7,5,S07M12,S07,85,22,S01;S02;S03;S04;S06;S08;S09;S10,S05;S07,0
optionC_date_aligned_n107_order_locked,G-computation,7,5,S07M01,S07,85,22,S01;S02;S03;S04;S06;S08;S09;S10,S05;S07,0
optionC_date_aligned_n107_order_locked,G-computation,7,5,S07M02,S07,85,22,S01;S02;S03;S04;S06;S08;S09;S10,S05;S07,0
optionC_date_aligned_n107_order_locked,G-computation,7,5,S07M03,S07,85,22,S01;S02;S03;S04;S06;S08;S09;S10,S05;S07,0
optionC_date_aligned_n107_order_locked,G-computation,7,5,S07M04,S07,85,22,S01;S02;S03;S04;S06;S08;S09;S10,S05;S07,0
optionC_date_aligned_n107_order_locked,G-computation,7,5,S07M05,S07,85,22,S01;S02;S03;S04;S06;S08;S09;S10,S05;S07,0
optionC_date_aligned_n107_order_locked,G-computation,7,5,S07M06,S07,85,22,S01;S02;S03;S04;S06;S08;S09;S10,S05;S07,0
optionC_date_aligned_n107_order_locked,G-computation,7,5,S07M07,S07,85,22,S01;S02;S03;S04;S06;S08;S09;S10,S05;S07,0
optionC_date_aligned_n107_order_locked,G-computation,7,5,S07M08,S07,85,22,S01;S02;S03;S04;S06;S08;S09;S10,S05;S07,0
optionC_date_aligned_n107_order_locked,G-computation,7,5,S07M09,S07,85,22,S01;S02;S03;S04;S06;S08;S09;S10,S05;S07,0
optionC_date_aligned_n107_order_locked,G-computation,7,5,S07M10,S07,85,22,S01;S02;S03;S04;S06;S08;S09;S10,S05;S07,0
optionC_date_aligned_n107_order_locked,Knockoff predictive mirror,17,1,S03M12,S03,85,22,S01;S02;S04;S05;S06;S07;S09;S10,S03;S08,0
optionC_date_aligned_n107_order_locked,Knockoff predictive mirror,17,1,S03M01,S03,85,22,S01;S02;S04;S05;S06;S07;S09;S10,S03;S08,0
optionC_date_aligned_n107_order_locked,Knockoff predictive mirror,17,1,S03M02,S03,85,22,S01;S02;S04;S05;S06;S07;S09;S10,S03;S08,0
optionC_date_aligned_n107_order_locked,Knockoff predictive mirror,17,1,S03M03,S03,85,22,S01;S02;S04;S05;S06;S07;S09;S10,S03;S08,0
optionC_date_aligned_n107_order_locked,Knockoff predictive mirror,17,1,S03M04,S03,85,22,S01;S02;S04;S05;S06;S07;S09;S10,S03;S08,0
optionC_date_aligned_n107_order_locked,Knockoff predictive mirror,17,1,S03M05,S03,85,22,S01;S02;S04;S05;S06;S07;S09;S10,S03;S08,0
optionC_date_aligned_n107_order_locked,Knockoff predictive mirror,17,1,S03M06,S03,85,22,S01;S02;S04;S05;S06;S07;S09;S10,S03;S08,0
optionC_date_aligned_n107_order_locked,Knockoff predictive mirror,17,1,S03M07,S03,85,22,S01;S02;S04;S05;S06;S07;S09;S10,S03;S08,0
optionC_date_aligned_n107_order_locked,Knockoff predictive mirror,17,1,S03M08,S03,85,22,S01;S02;S04;S05;S06;S07;S09;S10,S03;S08,0
optionC_date_aligned_n107_order_locked,Knockoff predictive mirror,17,1,S03M09,S03,85,22,S01;S02;S04;S05;S06;S07;S09;S10,S03;S08,0
optionC_date_aligned_n107_order_locked,Knockoff predictive mirror,17,1,S03M10,S03,85,22,S01;S02;S04;S05;S06;S07;S09;S10,S03;S08,0
optionC_date_aligned_n107_order_locked,Knockoff predictive mirror,17,1,S08M12,S08,85,22,S01;S02;S04;S05;S06;S07;S09;S10,S03;S08,0
optionC_date_aligned_n107_order_locked,Knockoff predictive mirror,17,1,S08M01,S08,85,22,S01;S02;S04;S05;S06;S07;S09;S10,S03;S08,0
optionC_date_aligned_n107_order_locked,Knockoff predictive mirror,17,1,S08M02,S08,85,22,S01;S02;S04;S05;S06;S07;S09;S10,S03;S08,0
optionC_date_aligned_n107_order_locked,Knockoff predictive mirror,17,1,S08M03,S08,85,22,S01;S02;S04;S05;S06;S07;S09;S10,S03;S08,0
optionC_date_aligned_n107_order_locked,Knockoff predictive mirror,17,1,S08M04,S08,85,22,S01;S02;S04;S05;S06;S07;S09;S10,S03;S08,0
optionC_date_aligned_n107_order_locked,Knockoff predictive mirror,17,1,S08M05,S08,85,22,S01;S02;S04;S05;S06;S07;S09;S10,S03;S08,0
optionC_date_aligned_n107_order_locked,Knockoff predictive mirror,17,1,S08M06,S08,85,22,S01;S02;S04;S05;S06;S07;S09;S10,S03;S08,0
optionC_date_aligned_n107_order_locked,Knockoff predictive mirror,17,1,S08M07,S08,85,22,S01;S02;S04;S05;S06;S07;S09;S10,S03;S08,0
optionC_date_aligned_n107_order_locked,Knockoff predictive mirror,17,1,S08M08,S08,85,22,S01;S02;S04;S05;S06;S07;S09;S10,S03;S08,0
optionC_date_aligned_n107_order_locked,Knockoff predictive mirror,17,1,S08M09,S08,85,22,S01;S02;S04;S05;S06;S07;S09;S10,S03;S08,0
optionC_date_aligned_n107_order_locked,Knockoff predictive mirror,17,1,S08M10,S08,85,22,S01;S02;S04;S05;S06;S07;S09;S10,S03;S08,0
optionC_date_aligned_n107_order_locked,Knockoff predictive mirror,17,2,S04M12,S04,85,22,S01;S02;S03;S05;S07;S08;S09;S10,S04;S06,0
optionC_date_aligned_n107_order_locked,Knockoff predictive mirror,17,2,S04M01,S04,85,22,S01;S02;S03;S05;S07;S08;S09;S10,S04;S06,0
optionC_date_aligned_n107_order_locked,Knockoff predictive mirror,17,2,S04M02,S04,85,22,S01;S02;S03;S05;S07;S08;S09;S10,S04;S06,0
optionC_date_aligned_n107_order_locked,Knockoff predictive mirror,17,2,S04M03,S04,85,22,S01;S02;S03;S05;S07;S08;S09;S10,S04;S06,0
optionC_date_aligned_n107_order_locked,Knockoff predictive mirror,17,2,S04M04,S04,85,22,S01;S02;S03;S05;S07;S08;S09;S10,S04;S06,0
optionC_date_aligned_n107_order_locked,Knockoff predictive mirror,17,2,S04M05,S04,85,22,S01;S02;S03;S05;S07;S08;S09;S10,S04;S06,0
optionC_date_aligned_n107_order_locked,Knockoff predictive mirror,17,2,S04M06,S04,85,22,S01;S02;S03;S05;S07;S08;S09;S10,S04;S06,0
optionC_date_aligned_n107_order_locked,Knockoff predictive mirror,17,2,S04M07,S04,85,22,S01;S02;S03;S05;S07;S08;S09;S10,S04;S06,0
optionC_date_aligned_n107_order_locked,Knockoff predictive mirror,17,2,S04M08,S04,85,22,S01;S02;S03;S05;S07;S08;S09;S10,S04;S06,0
optionC_date_aligned_n107_order_locked,Knockoff predictive mirror,17,2,S04M09,S04,85,22,S01;S02;S03;S05;S07;S08;S09;S10,S04;S06,0
optionC_date_aligned_n107_order_locked,Knockoff predictive mirror,17,2,S04M10,S04,85,22,S01;S02;S03;S05;S07;S08;S09;S10,S04;S06,0
optionC_date_aligned_n107_order_locked,Knockoff predictive mirror,17,2,S06M12,S06,85,22,S01;S02;S03;S05;S07;S08;S09;S10,S04;S06,0
optionC_date_aligned_n107_order_locked,Knockoff predictive mirror,17,2,S06M01,S06,85,22,S01;S02;S03;S05;S07;S08;S09;S10,S04;S06,0
optionC_date_aligned_n107_order_locked,Knockoff predictive mirror,17,2,S06M02,S06,85,22,S01;S02;S03;S05;S07;S08;S09;S10,S04;S06,0
optionC_date_aligned_n107_order_locked,Knockoff predictive mirror,17,2,S06M03,S06,85,22,S01;S02;S03;S05;S07;S08;S09;S10,S04;S06,0
optionC_date_aligned_n107_order_locked,Knockoff predictive mirror,17,2,S06M04,S06,85,22,S01;S02;S03;S05;S07;S08;S09;S10,S04;S06,0
optionC_date_aligned_n107_order_locked,Knockoff predictive mirror,17,2,S06M05,S06,85,22,S01;S02;S03;S05;S07;S08;S09;S10,S04;S06,0
optionC_date_aligned_n107_order_locked,Knockoff predictive mirror,17,2,S06M06,S06,85,22,S01;S02;S03;S05;S07;S08;S09;S10,S04;S06,0
optionC_date_aligned_n107_order_locked,Knockoff predictive mirror,17,2,S06M07,S06,85,22,S01;S02;S03;S05;S07;S08;S09;S10,S04;S06,0
optionC_date_aligned_n107_order_locked,Knockoff predictive mirror,17,2,S06M08,S06,85,22,S01;S02;S03;S05;S07;S08;S09;S10,S04;S06,0
optionC_date_aligned_n107_order_locked,Knockoff predictive mirror,17,2,S06M09,S06,85,22,S01;S02;S03;S05;S07;S08;S09;S10,S04;S06,0
optionC_date_aligned_n107_order_locked,Knockoff predictive mirror,17,2,S06M10,S06,85,22,S01;S02;S03;S05;S07;S08;S09;S10,S04;S06,0
optionC_date_aligned_n107_order_locked,Knockoff predictive mirror,17,3,S01M12,S01,86,21,S02;S03;S04;S06;S07;S08;S09;S10,S01;S05,0
optionC_date_aligned_n107_order_locked,Knockoff predictive mirror,17,3,S01M01,S01,86,21,S02;S03;S04;S06;S07;S08;S09;S10,S01;S05,0
optionC_date_aligned_n107_order_locked,Knockoff predictive mirror,17,3,S01M02,S01,86,21,S02;S03;S04;S06;S07;S08;S09;S10,S01;S05,0
optionC_date_aligned_n107_order_locked,Knockoff predictive mirror,17,3,S01M03,S01,86,21,S02;S03;S04;S06;S07;S08;S09;S10,S01;S05,0
optionC_date_aligned_n107_order_locked,Knockoff predictive mirror,17,3,S01M04,S01,86,21,S02;S03;S04;S06;S07;S08;S09;S10,S01;S05,0
optionC_date_aligned_n107_order_locked,Knockoff predictive mirror,17,3,S01M05,S01,86,21,S02;S03;S04;S06;S07;S08;S09;S10,S01;S05,0
optionC_date_aligned_n107_order_locked,Knockoff predictive mirror,17,3,S01M06,S01,86,21,S02;S03;S04;S06;S07;S08;S09;S10,S01;S05,0
optionC_date_aligned_n107_order_locked,Knockoff predictive mirror,17,3,S01M08,S01,86,21,S02;S03;S04;S06;S07;S08;S09;S10,S01;S05,0
optionC_date_aligned_n107_order_locked,Knockoff predictive mirror,17,3,S01M09,S01,86,21,S02;S03;S04;S06;S07;S08;S09;S10,S01;S05,0
optionC_date_aligned_n107_order_locked,Knockoff predictive mirror,17,3,S01M10,S01,86,21,S02;S03;S04;S06;S07;S08;S09;S10,S01;S05,0
optionC_date_aligned_n107_order_locked,Knockoff predictive mirror,17,3,S05M12,S05,86,21,S02;S03;S04;S06;S07;S08;S09;S10,S01;S05,0
optionC_date_aligned_n107_order_locked,Knockoff predictive mirror,17,3,S05M01,S05,86,21,S02;S03;S04;S06;S07;S08;S09;S10,S01;S05,0
optionC_date_aligned_n107_order_locked,Knockoff predictive mirror,17,3,S05M02,S05,86,21,S02;S03;S04;S06;S07;S08;S09;S10,S01;S05,0
optionC_date_aligned_n107_order_locked,Knockoff predictive mirror,17,3,S05M03,S05,86,21,S02;S03;S04;S06;S07;S08;S09;S10,S01;S05,0
optionC_date_aligned_n107_order_locked,Knockoff predictive mirror,17,3,S05M04,S05,86,21,S02;S03;S04;S06;S07;S08;S09;S10,S01;S05,0
optionC_date_aligned_n107_order_locked,Knockoff predictive mirror,17,3,S05M05,S05,86,21,S02;S03;S04;S06;S07;S08;S09;S10,S01;S05,0
optionC_date_aligned_n107_order_locked,Knockoff predictive mirror,17,3,S05M06,S05,86,21,S02;S03;S04;S06;S07;S08;S09;S10,S01;S05,0
optionC_date_aligned_n107_order_locked,Knockoff predictive mirror,17,3,S05M07,S05,86,21,S02;S03;S04;S06;S07;S08;S09;S10,S01;S05,0
optionC_date_aligned_n107_order_locked,Knockoff predictive mirror,17,3,S05M08,S05,86,21,S02;S03;S04;S06;S07;S08;S09;S10,S01;S05,0
optionC_date_aligned_n107_order_locked,Knockoff predictive mirror,17,3,S05M09,S05,86,21,S02;S03;S04;S06;S07;S08;S09;S10,S01;S05,0
optionC_date_aligned_n107_order_locked,Knockoff predictive mirror,17,3,S05M10,S05,86,21,S02;S03;S04;S06;S07;S08;S09;S10,S01;S05,0
optionC_date_aligned_n107_order_locked,Knockoff predictive mirror,17,4,S09M12,S09,87,20,S01;S02;S03;S04;S05;S06;S07;S08,S09;S10,0
optionC_date_aligned_n107_order_locked,Knockoff predictive mirror,17,4,S09M01,S09,87,20,S01;S02;S03;S04;S05;S06;S07;S08,S09;S10,0
optionC_date_aligned_n107_order_locked,Knockoff predictive mirror,17,4,S09M02,S09,87,20,S01;S02;S03;S04;S05;S06;S07;S08,S09;S10,0
optionC_date_aligned_n107_order_locked,Knockoff predictive mirror,17,4,S09M03,S09,87,20,S01;S02;S03;S04;S05;S06;S07;S08,S09;S10,0
optionC_date_aligned_n107_order_locked,Knockoff predictive mirror,17,4,S09M04,S09,87,20,S01;S02;S03;S04;S05;S06;S07;S08,S09;S10,0
optionC_date_aligned_n107_order_locked,Knockoff predictive mirror,17,4,S09M05,S09,87,20,S01;S02;S03;S04;S05;S06;S07;S08,S09;S10,0
optionC_date_aligned_n107_order_locked,Knockoff predictive mirror,17,4,S09M07,S09,87,20,S01;S02;S03;S04;S05;S06;S07;S08,S09;S10,0
optionC_date_aligned_n107_order_locked,Knockoff predictive mirror,17,4,S09M08,S09,87,20,S01;S02;S03;S04;S05;S06;S07;S08,S09;S10,0
optionC_date_aligned_n107_order_locked,Knockoff predictive mirror,17,4,S09M09,S09,87,20,S01;S02;S03;S04;S05;S06;S07;S08,S09;S10,0
optionC_date_aligned_n107_order_locked,Knockoff predictive mirror,17,4,S09M10,S09,87,20,S01;S02;S03;S04;S05;S06;S07;S08,S09;S10,0
optionC_date_aligned_n107_order_locked,Knockoff predictive mirror,17,4,S10M12,S10,87,20,S01;S02;S03;S04;S05;S06;S07;S08,S09;S10,0
optionC_date_aligned_n107_order_locked,Knockoff predictive mirror,17,4,S10M01,S10,87,20,S01;S02;S03;S04;S05;S06;S07;S08,S09;S10,0
optionC_date_aligned_n107_order_locked,Knockoff predictive mirror,17,4,S10M02,S10,87,20,S01;S02;S03;S04;S05;S06;S07;S08,S09;S10,0
optionC_date_aligned_n107_order_locked,Knockoff predictive mirror,17,4,S10M03,S10,87,20,S01;S02;S03;S04;S05;S06;S07;S08,S09;S10,0
optionC_date_aligned_n107_order_locked,Knockoff predictive mirror,17,4,S10M04,S10,87,20,S01;S02;S03;S04;S05;S06;S07;S08,S09;S10,0
optionC_date_aligned_n107_order_locked,Knockoff predictive mirror,17,4,S10M05,S10,87,20,S01;S02;S03;S04;S05;S06;S07;S08,S09;S10,0
optionC_date_aligned_n107_order_locked,Knockoff predictive mirror,17,4,S10M07,S10,87,20,S01;S02;S03;S04;S05;S06;S07;S08,S09;S10,0
optionC_date_aligned_n107_order_locked,Knockoff predictive mirror,17,4,S10M08,S10,87,20,S01;S02;S03;S04;S05;S06;S07;S08,S09;S10,0
optionC_date_aligned_n107_order_locked,Knockoff predictive mirror,17,4,S10M09,S10,87,20,S01;S02;S03;S04;S05;S06;S07;S08,S09;S10,0
optionC_date_aligned_n107_order_locked,Knockoff predictive mirror,17,4,S10M10,S10,87,20,S01;S02;S03;S04;S05;S06;S07;S08,S09;S10,0
optionC_date_aligned_n107_order_locked,Knockoff predictive mirror,17,5,S02M12,S02,85,22,S01;S03;S04;S05;S06;S08;S09;S10,S02;S07,0
optionC_date_aligned_n107_order_locked,Knockoff predictive mirror,17,5,S02M01,S02,85,22,S01;S03;S04;S05;S06;S08;S09;S10,S02;S07,0
optionC_date_aligned_n107_order_locked,Knockoff predictive mirror,17,5,S02M02,S02,85,22,S01;S03;S04;S05;S06;S08;S09;S10,S02;S07,0
optionC_date_aligned_n107_order_locked,Knockoff predictive mirror,17,5,S02M03,S02,85,22,S01;S03;S04;S05;S06;S08;S09;S10,S02;S07,0
optionC_date_aligned_n107_order_locked,Knockoff predictive mirror,17,5,S02M04,S02,85,22,S01;S03;S04;S05;S06;S08;S09;S10,S02;S07,0
optionC_date_aligned_n107_order_locked,Knockoff predictive mirror,17,5,S02M05,S02,85,22,S01;S03;S04;S05;S06;S08;S09;S10,S02;S07,0
optionC_date_aligned_n107_order_locked,Knockoff predictive mirror,17,5,S02M06,S02,85,22,S01;S03;S04;S05;S06;S08;S09;S10,S02;S07,0
optionC_date_aligned_n107_order_locked,Knockoff predictive mirror,17,5,S02M07,S02,85,22,S01;S03;S04;S05;S06;S08;S09;S10,S02;S07,0
optionC_date_aligned_n107_order_locked,Knockoff predictive mirror,17,5,S02M08,S02,85,22,S01;S03;S04;S05;S06;S08;S09;S10,S02;S07,0
optionC_date_aligned_n107_order_locked,Knockoff predictive mirror,17,5,S02M09,S02,85,22,S01;S03;S04;S05;S06;S08;S09;S10,S02;S07,0
optionC_date_aligned_n107_order_locked,Knockoff predictive mirror,17,5,S02M10,S02,85,22,S01;S03;S04;S05;S06;S08;S09;S10,S02;S07,0
optionC_date_aligned_n107_order_locked,Knockoff predictive mirror,17,5,S07M12,S07,85,22,S01;S03;S04;S05;S06;S08;S09;S10,S02;S07,0
optionC_date_aligned_n107_order_locked,Knockoff predictive mirror,17,5,S07M01,S07,85,22,S01;S03;S04;S05;S06;S08;S09;S10,S02;S07,0
optionC_date_aligned_n107_order_locked,Knockoff predictive mirror,17,5,S07M02,S07,85,22,S01;S03;S04;S05;S06;S08;S09;S10,S02;S07,0
optionC_date_aligned_n107_order_locked,Knockoff predictive mirror,17,5,S07M03,S07,85,22,S01;S03;S04;S05;S06;S08;S09;S10,S02;S07,0
optionC_date_aligned_n107_order_locked,Knockoff predictive mirror,17,5,S07M04,S07,85,22,S01;S03;S04;S05;S06;S08;S09;S10,S02;S07,0
optionC_date_aligned_n107_order_locked,Knockoff predictive mirror,17,5,S07M05,S07,85,22,S01;S03;S04;S05;S06;S08;S09;S10,S02;S07,0
optionC_date_aligned_n107_order_locked,Knockoff predictive mirror,17,5,S07M06,S07,85,22,S01;S03;S04;S05;S06;S08;S09;S10,S02;S07,0
optionC_date_aligned_n107_order_locked,Knockoff predictive mirror,17,5,S07M07,S07,85,22,S01;S03;S04;S05;S06;S08;S09;S10,S02;S07,0
optionC_date_aligned_n107_order_locked,Knockoff predictive mirror,17,5,S07M08,S07,85,22,S01;S03;S04;S05;S06;S08;S09;S10,S02;S07,0
optionC_date_aligned_n107_order_locked,Knockoff predictive mirror,17,5,S07M09,S07,85,22,S01;S03;S04;S05;S06;S08;S09;S10,S02;S07,0
optionC_date_aligned_n107_order_locked,Knockoff predictive mirror,17,5,S07M10,S07,85,22,S01;S03;S04;S05;S06;S08;S09;S10,S02;S07,0
optionC_observed_RGI_n75_order_locked,DML,42,1,S02M12,S02,58,17,S01;S03;S04;S05;S06;S07;S08;S10,S02;S09,0
optionC_observed_RGI_n75_order_locked,DML,42,1,S02M01,S02,58,17,S01;S03;S04;S05;S06;S07;S08;S10,S02;S09,0
optionC_observed_RGI_n75_order_locked,DML,42,1,S02M02,S02,58,17,S01;S03;S04;S05;S06;S07;S08;S10,S02;S09,0
optionC_observed_RGI_n75_order_locked,DML,42,1,S02M05,S02,58,17,S01;S03;S04;S05;S06;S07;S08;S10,S02;S09,0
optionC_observed_RGI_n75_order_locked,DML,42,1,S02M06,S02,58,17,S01;S03;S04;S05;S06;S07;S08;S10,S02;S09,0
optionC_observed_RGI_n75_order_locked,DML,42,1,S02M07,S02,58,17,S01;S03;S04;S05;S06;S07;S08;S10,S02;S09,0
optionC_observed_RGI_n75_order_locked,DML,42,1,S02M08,S02,58,17,S01;S03;S04;S05;S06;S07;S08;S10,S02;S09,0
optionC_observed_RGI_n75_order_locked,DML,42,1,S02M09,S02,58,17,S01;S03;S04;S05;S06;S07;S08;S10,S02;S09,0
optionC_observed_RGI_n75_order_locked,DML,42,1,S02M10,S02,58,17,S01;S03;S04;S05;S06;S07;S08;S10,S02;S09,0
optionC_observed_RGI_n75_order_locked,DML,42,1,S09M12,S09,58,17,S01;S03;S04;S05;S06;S07;S08;S10,S02;S09,0
optionC_observed_RGI_n75_order_locked,DML,42,1,S09M02,S09,58,17,S01;S03;S04;S05;S06;S07;S08;S10,S02;S09,0
optionC_observed_RGI_n75_order_locked,DML,42,1,S09M04,S09,58,17,S01;S03;S04;S05;S06;S07;S08;S10,S02;S09,0
optionC_observed_RGI_n75_order_locked,DML,42,1,S09M05,S09,58,17,S01;S03;S04;S05;S06;S07;S08;S10,S02;S09,0
optionC_observed_RGI_n75_order_locked,DML,42,1,S09M07,S09,58,17,S01;S03;S04;S05;S06;S07;S08;S10,S02;S09,0
optionC_observed_RGI_n75_order_locked,DML,42,1,S09M08,S09,58,17,S01;S03;S04;S05;S06;S07;S08;S10,S02;S09,0
optionC_observed_RGI_n75_order_locked,DML,42,1,S09M09,S09,58,17,S01;S03;S04;S05;S06;S07;S08;S10,S02;S09,0
optionC_observed_RGI_n75_order_locked,DML,42,1,S09M10,S09,58,17,S01;S03;S04;S05;S06;S07;S08;S10,S02;S09,0
optionC_observed_RGI_n75_order_locked,DML,42,2,S01M01,S01,65,10,S02;S03;S04;S05;S07;S08;S09;S10,S01;S06,0
optionC_observed_RGI_n75_order_locked,DML,42,2,S01M05,S01,65,10,S02;S03;S04;S05;S07;S08;S09;S10,S01;S06,0
optionC_observed_RGI_n75_order_locked,DML,42,2,S01M06,S01,65,10,S02;S03;S04;S05;S07;S08;S09;S10,S01;S06,0
optionC_observed_RGI_n75_order_locked,DML,42,2,S01M08,S01,65,10,S02;S03;S04;S05;S07;S08;S09;S10,S01;S06,0
optionC_observed_RGI_n75_order_locked,DML,42,2,S01M09,S01,65,10,S02;S03;S04;S05;S07;S08;S09;S10,S01;S06,0
optionC_observed_RGI_n75_order_locked,DML,42,2,S06M01,S06,65,10,S02;S03;S04;S05;S07;S08;S09;S10,S01;S06,0
optionC_observed_RGI_n75_order_locked,DML,42,2,S06M04,S06,65,10,S02;S03;S04;S05;S07;S08;S09;S10,S01;S06,0
optionC_observed_RGI_n75_order_locked,DML,42,2,S06M06,S06,65,10,S02;S03;S04;S05;S07;S08;S09;S10,S01;S06,0
optionC_observed_RGI_n75_order_locked,DML,42,2,S06M07,S06,65,10,S02;S03;S04;S05;S07;S08;S09;S10,S01;S06,0
optionC_observed_RGI_n75_order_locked,DML,42,2,S06M08,S06,65,10,S02;S03;S04;S05;S07;S08;S09;S10,S01;S06,0
optionC_observed_RGI_n75_order_locked,DML,42,3,S03M12,S03,57,18,S01;S02;S04;S05;S06;S07;S09;S10,S03;S08,0
optionC_observed_RGI_n75_order_locked,DML,42,3,S03M01,S03,57,18,S01;S02;S04;S05;S06;S07;S09;S10,S03;S08,0
optionC_observed_RGI_n75_order_locked,DML,42,3,S03M02,S03,57,18,S01;S02;S04;S05;S06;S07;S09;S10,S03;S08,0
optionC_observed_RGI_n75_order_locked,DML,42,3,S03M05,S03,57,18,S01;S02;S04;S05;S06;S07;S09;S10,S03;S08,0
optionC_observed_RGI_n75_order_locked,DML,42,3,S03M06,S03,57,18,S01;S02;S04;S05;S06;S07;S09;S10,S03;S08,0
optionC_observed_RGI_n75_order_locked,DML,42,3,S03M07,S03,57,18,S01;S02;S04;S05;S06;S07;S09;S10,S03;S08,0
optionC_observed_RGI_n75_order_locked,DML,42,3,S03M08,S03,57,18,S01;S02;S04;S05;S06;S07;S09;S10,S03;S08,0
optionC_observed_RGI_n75_order_locked,DML,42,3,S03M09,S03,57,18,S01;S02;S04;S05;S06;S07;S09;S10,S03;S08,0
optionC_observed_RGI_n75_order_locked,DML,42,3,S03M10,S03,57,18,S01;S02;S04;S05;S06;S07;S09;S10,S03;S08,0
optionC_observed_RGI_n75_order_locked,DML,42,3,S08M01,S08,57,18,S01;S02;S04;S05;S06;S07;S09;S10,S03;S08,0
optionC_observed_RGI_n75_order_locked,DML,42,3,S08M03,S08,57,18,S01;S02;S04;S05;S06;S07;S09;S10,S03;S08,0
optionC_observed_RGI_n75_order_locked,DML,42,3,S08M04,S08,57,18,S01;S02;S04;S05;S06;S07;S09;S10,S03;S08,0
optionC_observed_RGI_n75_order_locked,DML,42,3,S08M05,S08,57,18,S01;S02;S04;S05;S06;S07;S09;S10,S03;S08,0
optionC_observed_RGI_n75_order_locked,DML,42,3,S08M06,S08,57,18,S01;S02;S04;S05;S06;S07;S09;S10,S03;S08,0
optionC_observed_RGI_n75_order_locked,DML,42,3,S08M07,S08,57,18,S01;S02;S04;S05;S06;S07;S09;S10,S03;S08,0
optionC_observed_RGI_n75_order_locked,DML,42,3,S08M08,S08,57,18,S01;S02;S04;S05;S06;S07;S09;S10,S03;S08,0
optionC_observed_RGI_n75_order_locked,DML,42,3,S08M09,S08,57,18,S01;S02;S04;S05;S06;S07;S09;S10,S03;S08,0
optionC_observed_RGI_n75_order_locked,DML,42,3,S08M10,S08,57,18,S01;S02;S04;S05;S06;S07;S09;S10,S03;S08,0
optionC_observed_RGI_n75_order_locked,DML,42,4,S05M02,S05,60,15,S01;S02;S03;S04;S06;S07;S08;S09,S05;S10,0
optionC_observed_RGI_n75_order_locked,DML,42,4,S05M05,S05,60,15,S01;S02;S03;S04;S06;S07;S08;S09,S05;S10,0
optionC_observed_RGI_n75_order_locked,DML,42,4,S05M06,S05,60,15,S01;S02;S03;S04;S06;S07;S08;S09,S05;S10,0
optionC_observed_RGI_n75_order_locked,DML,42,4,S05M07,S05,60,15,S01;S02;S03;S04;S06;S07;S08;S09,S05;S10,0
optionC_observed_RGI_n75_order_locked,DML,42,4,S05M08,S05,60,15,S01;S02;S03;S04;S06;S07;S08;S09,S05;S10,0
optionC_observed_RGI_n75_order_locked,DML,42,4,S05M09,S05,60,15,S01;S02;S03;S04;S06;S07;S08;S09,S05;S10,0
optionC_observed_RGI_n75_order_locked,DML,42,4,S05M10,S05,60,15,S01;S02;S03;S04;S06;S07;S08;S09,S05;S10,0
optionC_observed_RGI_n75_order_locked,DML,42,4,S10M12,S10,60,15,S01;S02;S03;S04;S06;S07;S08;S09,S05;S10,0
optionC_observed_RGI_n75_order_locked,DML,42,4,S10M01,S10,60,15,S01;S02;S03;S04;S06;S07;S08;S09,S05;S10,0
optionC_observed_RGI_n75_order_locked,DML,42,4,S10M02,S10,60,15,S01;S02;S03;S04;S06;S07;S08;S09,S05;S10,0
optionC_observed_RGI_n75_order_locked,DML,42,4,S10M05,S10,60,15,S01;S02;S03;S04;S06;S07;S08;S09,S05;S10,0
optionC_observed_RGI_n75_order_locked,DML,42,4,S10M07,S10,60,15,S01;S02;S03;S04;S06;S07;S08;S09,S05;S10,0
optionC_observed_RGI_n75_order_locked,DML,42,4,S10M08,S10,60,15,S01;S02;S03;S04;S06;S07;S08;S09,S05;S10,0
optionC_observed_RGI_n75_order_locked,DML,42,4,S10M09,S10,60,15,S01;S02;S03;S04;S06;S07;S08;S09,S05;S10,0
optionC_observed_RGI_n75_order_locked,DML,42,4,S10M10,S10,60,15,S01;S02;S03;S04;S06;S07;S08;S09,S05;S10,0
optionC_observed_RGI_n75_order_locked,DML,42,5,S04M12,S04,60,15,S01;S02;S03;S05;S06;S08;S09;S10,S04;S07,0
optionC_observed_RGI_n75_order_locked,DML,42,5,S04M01,S04,60,15,S01;S02;S03;S05;S06;S08;S09;S10,S04;S07,0
optionC_observed_RGI_n75_order_locked,DML,42,5,S04M05,S04,60,15,S01;S02;S03;S05;S06;S08;S09;S10,S04;S07,0
optionC_observed_RGI_n75_order_locked,DML,42,5,S04M06,S04,60,15,S01;S02;S03;S05;S06;S08;S09;S10,S04;S07,0
optionC_observed_RGI_n75_order_locked,DML,42,5,S04M07,S04,60,15,S01;S02;S03;S05;S06;S08;S09;S10,S04;S07,0
optionC_observed_RGI_n75_order_locked,DML,42,5,S04M08,S04,60,15,S01;S02;S03;S05;S06;S08;S09;S10,S04;S07,0
optionC_observed_RGI_n75_order_locked,DML,42,5,S04M09,S04,60,15,S01;S02;S03;S05;S06;S08;S09;S10,S04;S07,0
optionC_observed_RGI_n75_order_locked,DML,42,5,S04M10,S04,60,15,S01;S02;S03;S05;S06;S08;S09;S10,S04;S07,0
optionC_observed_RGI_n75_order_locked,DML,42,5,S07M01,S07,60,15,S01;S02;S03;S05;S06;S08;S09;S10,S04;S07,0
optionC_observed_RGI_n75_order_locked,DML,42,5,S07M04,S07,60,15,S01;S02;S03;S05;S06;S08;S09;S10,S04;S07,0
optionC_observed_RGI_n75_order_locked,DML,42,5,S07M05,S07,60,15,S01;S02;S03;S05;S06;S08;S09;S10,S04;S07,0
optionC_observed_RGI_n75_order_locked,DML,42,5,S07M06,S07,60,15,S01;S02;S03;S05;S06;S08;S09;S10,S04;S07,0
optionC_observed_RGI_n75_order_locked,DML,42,5,S07M07,S07,60,15,S01;S02;S03;S05;S06;S08;S09;S10,S04;S07,0
optionC_observed_RGI_n75_order_locked,DML,42,5,S07M08,S07,60,15,S01;S02;S03;S05;S06;S08;S09;S10,S04;S07,0
optionC_observed_RGI_n75_order_locked,DML,42,5,S07M09,S07,60,15,S01;S02;S03;S05;S06;S08;S09;S10,S04;S07,0
optionC_observed_RGI_n75_order_locked,GCM,1,1,S03M12,S03,58,17,S01;S02;S04;S05;S06;S07;S08;S09,S03;S10,0
optionC_observed_RGI_n75_order_locked,GCM,1,1,S03M01,S03,58,17,S01;S02;S04;S05;S06;S07;S08;S09,S03;S10,0
optionC_observed_RGI_n75_order_locked,GCM,1,1,S03M02,S03,58,17,S01;S02;S04;S05;S06;S07;S08;S09,S03;S10,0
optionC_observed_RGI_n75_order_locked,GCM,1,1,S03M05,S03,58,17,S01;S02;S04;S05;S06;S07;S08;S09,S03;S10,0
optionC_observed_RGI_n75_order_locked,GCM,1,1,S03M06,S03,58,17,S01;S02;S04;S05;S06;S07;S08;S09,S03;S10,0
optionC_observed_RGI_n75_order_locked,GCM,1,1,S03M07,S03,58,17,S01;S02;S04;S05;S06;S07;S08;S09,S03;S10,0
optionC_observed_RGI_n75_order_locked,GCM,1,1,S03M08,S03,58,17,S01;S02;S04;S05;S06;S07;S08;S09,S03;S10,0
optionC_observed_RGI_n75_order_locked,GCM,1,1,S03M09,S03,58,17,S01;S02;S04;S05;S06;S07;S08;S09,S03;S10,0
optionC_observed_RGI_n75_order_locked,GCM,1,1,S03M10,S03,58,17,S01;S02;S04;S05;S06;S07;S08;S09,S03;S10,0
optionC_observed_RGI_n75_order_locked,GCM,1,1,S10M12,S10,58,17,S01;S02;S04;S05;S06;S07;S08;S09,S03;S10,0
optionC_observed_RGI_n75_order_locked,GCM,1,1,S10M01,S10,58,17,S01;S02;S04;S05;S06;S07;S08;S09,S03;S10,0
optionC_observed_RGI_n75_order_locked,GCM,1,1,S10M02,S10,58,17,S01;S02;S04;S05;S06;S07;S08;S09,S03;S10,0
optionC_observed_RGI_n75_order_locked,GCM,1,1,S10M05,S10,58,17,S01;S02;S04;S05;S06;S07;S08;S09,S03;S10,0
optionC_observed_RGI_n75_order_locked,GCM,1,1,S10M07,S10,58,17,S01;S02;S04;S05;S06;S07;S08;S09,S03;S10,0
optionC_observed_RGI_n75_order_locked,GCM,1,1,S10M08,S10,58,17,S01;S02;S04;S05;S06;S07;S08;S09,S03;S10,0
optionC_observed_RGI_n75_order_locked,GCM,1,1,S10M09,S10,58,17,S01;S02;S04;S05;S06;S07;S08;S09,S03;S10,0
optionC_observed_RGI_n75_order_locked,GCM,1,1,S10M10,S10,58,17,S01;S02;S04;S05;S06;S07;S08;S09,S03;S10,0
optionC_observed_RGI_n75_order_locked,GCM,1,2,S05M02,S05,61,14,S01;S02;S03;S04;S06;S08;S09;S10,S05;S07,0
optionC_observed_RGI_n75_order_locked,GCM,1,2,S05M05,S05,61,14,S01;S02;S03;S04;S06;S08;S09;S10,S05;S07,0
optionC_observed_RGI_n75_order_locked,GCM,1,2,S05M06,S05,61,14,S01;S02;S03;S04;S06;S08;S09;S10,S05;S07,0
optionC_observed_RGI_n75_order_locked,GCM,1,2,S05M07,S05,61,14,S01;S02;S03;S04;S06;S08;S09;S10,S05;S07,0
optionC_observed_RGI_n75_order_locked,GCM,1,2,S05M08,S05,61,14,S01;S02;S03;S04;S06;S08;S09;S10,S05;S07,0
optionC_observed_RGI_n75_order_locked,GCM,1,2,S05M09,S05,61,14,S01;S02;S03;S04;S06;S08;S09;S10,S05;S07,0
optionC_observed_RGI_n75_order_locked,GCM,1,2,S05M10,S05,61,14,S01;S02;S03;S04;S06;S08;S09;S10,S05;S07,0
optionC_observed_RGI_n75_order_locked,GCM,1,2,S07M01,S07,61,14,S01;S02;S03;S04;S06;S08;S09;S10,S05;S07,0
optionC_observed_RGI_n75_order_locked,GCM,1,2,S07M04,S07,61,14,S01;S02;S03;S04;S06;S08;S09;S10,S05;S07,0
optionC_observed_RGI_n75_order_locked,GCM,1,2,S07M05,S07,61,14,S01;S02;S03;S04;S06;S08;S09;S10,S05;S07,0
optionC_observed_RGI_n75_order_locked,GCM,1,2,S07M06,S07,61,14,S01;S02;S03;S04;S06;S08;S09;S10,S05;S07,0
optionC_observed_RGI_n75_order_locked,GCM,1,2,S07M07,S07,61,14,S01;S02;S03;S04;S06;S08;S09;S10,S05;S07,0
optionC_observed_RGI_n75_order_locked,GCM,1,2,S07M08,S07,61,14,S01;S02;S03;S04;S06;S08;S09;S10,S05;S07,0
optionC_observed_RGI_n75_order_locked,GCM,1,2,S07M09,S07,61,14,S01;S02;S03;S04;S06;S08;S09;S10,S05;S07,0
optionC_observed_RGI_n75_order_locked,GCM,1,3,S01M01,S01,62,13,S02;S03;S05;S06;S07;S08;S09;S10,S01;S04,0
optionC_observed_RGI_n75_order_locked,GCM,1,3,S01M05,S01,62,13,S02;S03;S05;S06;S07;S08;S09;S10,S01;S04,0
optionC_observed_RGI_n75_order_locked,GCM,1,3,S01M06,S01,62,13,S02;S03;S05;S06;S07;S08;S09;S10,S01;S04,0
optionC_observed_RGI_n75_order_locked,GCM,1,3,S01M08,S01,62,13,S02;S03;S05;S06;S07;S08;S09;S10,S01;S04,0
optionC_observed_RGI_n75_order_locked,GCM,1,3,S01M09,S01,62,13,S02;S03;S05;S06;S07;S08;S09;S10,S01;S04,0
optionC_observed_RGI_n75_order_locked,GCM,1,3,S04M12,S04,62,13,S02;S03;S05;S06;S07;S08;S09;S10,S01;S04,0
optionC_observed_RGI_n75_order_locked,GCM,1,3,S04M01,S04,62,13,S02;S03;S05;S06;S07;S08;S09;S10,S01;S04,0
optionC_observed_RGI_n75_order_locked,GCM,1,3,S04M05,S04,62,13,S02;S03;S05;S06;S07;S08;S09;S10,S01;S04,0
optionC_observed_RGI_n75_order_locked,GCM,1,3,S04M06,S04,62,13,S02;S03;S05;S06;S07;S08;S09;S10,S01;S04,0
optionC_observed_RGI_n75_order_locked,GCM,1,3,S04M07,S04,62,13,S02;S03;S05;S06;S07;S08;S09;S10,S01;S04,0
optionC_observed_RGI_n75_order_locked,GCM,1,3,S04M08,S04,62,13,S02;S03;S05;S06;S07;S08;S09;S10,S01;S04,0
optionC_observed_RGI_n75_order_locked,GCM,1,3,S04M09,S04,62,13,S02;S03;S05;S06;S07;S08;S09;S10,S01;S04,0
optionC_observed_RGI_n75_order_locked,GCM,1,3,S04M10,S04,62,13,S02;S03;S05;S06;S07;S08;S09;S10,S01;S04,0
optionC_observed_RGI_n75_order_locked,GCM,1,4,S02M12,S02,57,18,S01;S03;S04;S05;S06;S07;S09;S10,S02;S08,0
optionC_observed_RGI_n75_order_locked,GCM,1,4,S02M01,S02,57,18,S01;S03;S04;S05;S06;S07;S09;S10,S02;S08,0
optionC_observed_RGI_n75_order_locked,GCM,1,4,S02M02,S02,57,18,S01;S03;S04;S05;S06;S07;S09;S10,S02;S08,0
optionC_observed_RGI_n75_order_locked,GCM,1,4,S02M05,S02,57,18,S01;S03;S04;S05;S06;S07;S09;S10,S02;S08,0
optionC_observed_RGI_n75_order_locked,GCM,1,4,S02M06,S02,57,18,S01;S03;S04;S05;S06;S07;S09;S10,S02;S08,0
optionC_observed_RGI_n75_order_locked,GCM,1,4,S02M07,S02,57,18,S01;S03;S04;S05;S06;S07;S09;S10,S02;S08,0
optionC_observed_RGI_n75_order_locked,GCM,1,4,S02M08,S02,57,18,S01;S03;S04;S05;S06;S07;S09;S10,S02;S08,0
optionC_observed_RGI_n75_order_locked,GCM,1,4,S02M09,S02,57,18,S01;S03;S04;S05;S06;S07;S09;S10,S02;S08,0
optionC_observed_RGI_n75_order_locked,GCM,1,4,S02M10,S02,57,18,S01;S03;S04;S05;S06;S07;S09;S10,S02;S08,0
optionC_observed_RGI_n75_order_locked,GCM,1,4,S08M01,S08,57,18,S01;S03;S04;S05;S06;S07;S09;S10,S02;S08,0
optionC_observed_RGI_n75_order_locked,GCM,1,4,S08M03,S08,57,18,S01;S03;S04;S05;S06;S07;S09;S10,S02;S08,0
optionC_observed_RGI_n75_order_locked,GCM,1,4,S08M04,S08,57,18,S01;S03;S04;S05;S06;S07;S09;S10,S02;S08,0
optionC_observed_RGI_n75_order_locked,GCM,1,4,S08M05,S08,57,18,S01;S03;S04;S05;S06;S07;S09;S10,S02;S08,0
optionC_observed_RGI_n75_order_locked,GCM,1,4,S08M06,S08,57,18,S01;S03;S04;S05;S06;S07;S09;S10,S02;S08,0
optionC_observed_RGI_n75_order_locked,GCM,1,4,S08M07,S08,57,18,S01;S03;S04;S05;S06;S07;S09;S10,S02;S08,0
optionC_observed_RGI_n75_order_locked,GCM,1,4,S08M08,S08,57,18,S01;S03;S04;S05;S06;S07;S09;S10,S02;S08,0
optionC_observed_RGI_n75_order_locked,GCM,1,4,S08M09,S08,57,18,S01;S03;S04;S05;S06;S07;S09;S10,S02;S08,0
optionC_observed_RGI_n75_order_locked,GCM,1,4,S08M10,S08,57,18,S01;S03;S04;S05;S06;S07;S09;S10,S02;S08,0
optionC_observed_RGI_n75_order_locked,GCM,1,5,S06M01,S06,62,13,S01;S02;S03;S04;S05;S07;S08;S10,S06;S09,0
optionC_observed_RGI_n75_order_locked,GCM,1,5,S06M04,S06,62,13,S01;S02;S03;S04;S05;S07;S08;S10,S06;S09,0
optionC_observed_RGI_n75_order_locked,GCM,1,5,S06M06,S06,62,13,S01;S02;S03;S04;S05;S07;S08;S10,S06;S09,0
optionC_observed_RGI_n75_order_locked,GCM,1,5,S06M07,S06,62,13,S01;S02;S03;S04;S05;S07;S08;S10,S06;S09,0
optionC_observed_RGI_n75_order_locked,GCM,1,5,S06M08,S06,62,13,S01;S02;S03;S04;S05;S07;S08;S10,S06;S09,0
optionC_observed_RGI_n75_order_locked,GCM,1,5,S09M12,S09,62,13,S01;S02;S03;S04;S05;S07;S08;S10,S06;S09,0
optionC_observed_RGI_n75_order_locked,GCM,1,5,S09M02,S09,62,13,S01;S02;S03;S04;S05;S07;S08;S10,S06;S09,0
optionC_observed_RGI_n75_order_locked,GCM,1,5,S09M04,S09,62,13,S01;S02;S03;S04;S05;S07;S08;S10,S06;S09,0
optionC_observed_RGI_n75_order_locked,GCM,1,5,S09M05,S09,62,13,S01;S02;S03;S04;S05;S07;S08;S10,S06;S09,0
optionC_observed_RGI_n75_order_locked,GCM,1,5,S09M07,S09,62,13,S01;S02;S03;S04;S05;S07;S08;S10,S06;S09,0
optionC_observed_RGI_n75_order_locked,GCM,1,5,S09M08,S09,62,13,S01;S02;S03;S04;S05;S07;S08;S10,S06;S09,0
optionC_observed_RGI_n75_order_locked,GCM,1,5,S09M09,S09,62,13,S01;S02;S03;S04;S05;S07;S08;S10,S06;S09,0
optionC_observed_RGI_n75_order_locked,GCM,1,5,S09M10,S09,62,13,S01;S02;S03;S04;S05;S07;S08;S10,S06;S09,0
optionC_observed_RGI_n75_order_locked,G-computation,7,1,S06M01,S06,62,13,S01;S02;S03;S04;S05;S07;S08;S10,S06;S09,0
optionC_observed_RGI_n75_order_locked,G-computation,7,1,S06M04,S06,62,13,S01;S02;S03;S04;S05;S07;S08;S10,S06;S09,0
optionC_observed_RGI_n75_order_locked,G-computation,7,1,S06M06,S06,62,13,S01;S02;S03;S04;S05;S07;S08;S10,S06;S09,0
optionC_observed_RGI_n75_order_locked,G-computation,7,1,S06M07,S06,62,13,S01;S02;S03;S04;S05;S07;S08;S10,S06;S09,0
optionC_observed_RGI_n75_order_locked,G-computation,7,1,S06M08,S06,62,13,S01;S02;S03;S04;S05;S07;S08;S10,S06;S09,0
optionC_observed_RGI_n75_order_locked,G-computation,7,1,S09M12,S09,62,13,S01;S02;S03;S04;S05;S07;S08;S10,S06;S09,0
optionC_observed_RGI_n75_order_locked,G-computation,7,1,S09M02,S09,62,13,S01;S02;S03;S04;S05;S07;S08;S10,S06;S09,0
optionC_observed_RGI_n75_order_locked,G-computation,7,1,S09M04,S09,62,13,S01;S02;S03;S04;S05;S07;S08;S10,S06;S09,0
optionC_observed_RGI_n75_order_locked,G-computation,7,1,S09M05,S09,62,13,S01;S02;S03;S04;S05;S07;S08;S10,S06;S09,0
optionC_observed_RGI_n75_order_locked,G-computation,7,1,S09M07,S09,62,13,S01;S02;S03;S04;S05;S07;S08;S10,S06;S09,0
optionC_observed_RGI_n75_order_locked,G-computation,7,1,S09M08,S09,62,13,S01;S02;S03;S04;S05;S07;S08;S10,S06;S09,0
optionC_observed_RGI_n75_order_locked,G-computation,7,1,S09M09,S09,62,13,S01;S02;S03;S04;S05;S07;S08;S10,S06;S09,0
optionC_observed_RGI_n75_order_locked,G-computation,7,1,S09M10,S09,62,13,S01;S02;S03;S04;S05;S07;S08;S10,S06;S09,0
optionC_observed_RGI_n75_order_locked,G-computation,7,2,S01M01,S01,61,14,S02;S04;S05;S06;S07;S08;S09;S10,S01;S03,0
optionC_observed_RGI_n75_order_locked,G-computation,7,2,S01M05,S01,61,14,S02;S04;S05;S06;S07;S08;S09;S10,S01;S03,0
optionC_observed_RGI_n75_order_locked,G-computation,7,2,S01M06,S01,61,14,S02;S04;S05;S06;S07;S08;S09;S10,S01;S03,0
optionC_observed_RGI_n75_order_locked,G-computation,7,2,S01M08,S01,61,14,S02;S04;S05;S06;S07;S08;S09;S10,S01;S03,0
optionC_observed_RGI_n75_order_locked,G-computation,7,2,S01M09,S01,61,14,S02;S04;S05;S06;S07;S08;S09;S10,S01;S03,0
optionC_observed_RGI_n75_order_locked,G-computation,7,2,S03M12,S03,61,14,S02;S04;S05;S06;S07;S08;S09;S10,S01;S03,0
optionC_observed_RGI_n75_order_locked,G-computation,7,2,S03M01,S03,61,14,S02;S04;S05;S06;S07;S08;S09;S10,S01;S03,0
optionC_observed_RGI_n75_order_locked,G-computation,7,2,S03M02,S03,61,14,S02;S04;S05;S06;S07;S08;S09;S10,S01;S03,0
optionC_observed_RGI_n75_order_locked,G-computation,7,2,S03M05,S03,61,14,S02;S04;S05;S06;S07;S08;S09;S10,S01;S03,0
optionC_observed_RGI_n75_order_locked,G-computation,7,2,S03M06,S03,61,14,S02;S04;S05;S06;S07;S08;S09;S10,S01;S03,0
optionC_observed_RGI_n75_order_locked,G-computation,7,2,S03M07,S03,61,14,S02;S04;S05;S06;S07;S08;S09;S10,S01;S03,0
optionC_observed_RGI_n75_order_locked,G-computation,7,2,S03M08,S03,61,14,S02;S04;S05;S06;S07;S08;S09;S10,S01;S03,0
optionC_observed_RGI_n75_order_locked,G-computation,7,2,S03M09,S03,61,14,S02;S04;S05;S06;S07;S08;S09;S10,S01;S03,0
optionC_observed_RGI_n75_order_locked,G-computation,7,2,S03M10,S03,61,14,S02;S04;S05;S06;S07;S08;S09;S10,S01;S03,0
optionC_observed_RGI_n75_order_locked,G-computation,7,3,S02M12,S02,58,17,S01;S03;S04;S05;S06;S07;S08;S09,S02;S10,0
optionC_observed_RGI_n75_order_locked,G-computation,7,3,S02M01,S02,58,17,S01;S03;S04;S05;S06;S07;S08;S09,S02;S10,0
optionC_observed_RGI_n75_order_locked,G-computation,7,3,S02M02,S02,58,17,S01;S03;S04;S05;S06;S07;S08;S09,S02;S10,0
optionC_observed_RGI_n75_order_locked,G-computation,7,3,S02M05,S02,58,17,S01;S03;S04;S05;S06;S07;S08;S09,S02;S10,0
optionC_observed_RGI_n75_order_locked,G-computation,7,3,S02M06,S02,58,17,S01;S03;S04;S05;S06;S07;S08;S09,S02;S10,0
optionC_observed_RGI_n75_order_locked,G-computation,7,3,S02M07,S02,58,17,S01;S03;S04;S05;S06;S07;S08;S09,S02;S10,0
optionC_observed_RGI_n75_order_locked,G-computation,7,3,S02M08,S02,58,17,S01;S03;S04;S05;S06;S07;S08;S09,S02;S10,0
optionC_observed_RGI_n75_order_locked,G-computation,7,3,S02M09,S02,58,17,S01;S03;S04;S05;S06;S07;S08;S09,S02;S10,0
optionC_observed_RGI_n75_order_locked,G-computation,7,3,S02M10,S02,58,17,S01;S03;S04;S05;S06;S07;S08;S09,S02;S10,0
optionC_observed_RGI_n75_order_locked,G-computation,7,3,S10M12,S10,58,17,S01;S03;S04;S05;S06;S07;S08;S09,S02;S10,0
optionC_observed_RGI_n75_order_locked,G-computation,7,3,S10M01,S10,58,17,S01;S03;S04;S05;S06;S07;S08;S09,S02;S10,0
optionC_observed_RGI_n75_order_locked,G-computation,7,3,S10M02,S10,58,17,S01;S03;S04;S05;S06;S07;S08;S09,S02;S10,0
optionC_observed_RGI_n75_order_locked,G-computation,7,3,S10M05,S10,58,17,S01;S03;S04;S05;S06;S07;S08;S09,S02;S10,0
optionC_observed_RGI_n75_order_locked,G-computation,7,3,S10M07,S10,58,17,S01;S03;S04;S05;S06;S07;S08;S09,S02;S10,0
optionC_observed_RGI_n75_order_locked,G-computation,7,3,S10M08,S10,58,17,S01;S03;S04;S05;S06;S07;S08;S09,S02;S10,0
optionC_observed_RGI_n75_order_locked,G-computation,7,3,S10M09,S10,58,17,S01;S03;S04;S05;S06;S07;S08;S09,S02;S10,0
optionC_observed_RGI_n75_order_locked,G-computation,7,3,S10M10,S10,58,17,S01;S03;S04;S05;S06;S07;S08;S09,S02;S10,0
optionC_observed_RGI_n75_order_locked,G-computation,7,4,S04M12,S04,58,17,S01;S02;S03;S05;S06;S07;S09;S10,S04;S08,0
optionC_observed_RGI_n75_order_locked,G-computation,7,4,S04M01,S04,58,17,S01;S02;S03;S05;S06;S07;S09;S10,S04;S08,0
optionC_observed_RGI_n75_order_locked,G-computation,7,4,S04M05,S04,58,17,S01;S02;S03;S05;S06;S07;S09;S10,S04;S08,0
optionC_observed_RGI_n75_order_locked,G-computation,7,4,S04M06,S04,58,17,S01;S02;S03;S05;S06;S07;S09;S10,S04;S08,0
optionC_observed_RGI_n75_order_locked,G-computation,7,4,S04M07,S04,58,17,S01;S02;S03;S05;S06;S07;S09;S10,S04;S08,0
optionC_observed_RGI_n75_order_locked,G-computation,7,4,S04M08,S04,58,17,S01;S02;S03;S05;S06;S07;S09;S10,S04;S08,0
optionC_observed_RGI_n75_order_locked,G-computation,7,4,S04M09,S04,58,17,S01;S02;S03;S05;S06;S07;S09;S10,S04;S08,0
optionC_observed_RGI_n75_order_locked,G-computation,7,4,S04M10,S04,58,17,S01;S02;S03;S05;S06;S07;S09;S10,S04;S08,0
optionC_observed_RGI_n75_order_locked,G-computation,7,4,S08M01,S08,58,17,S01;S02;S03;S05;S06;S07;S09;S10,S04;S08,0
optionC_observed_RGI_n75_order_locked,G-computation,7,4,S08M03,S08,58,17,S01;S02;S03;S05;S06;S07;S09;S10,S04;S08,0
optionC_observed_RGI_n75_order_locked,G-computation,7,4,S08M04,S08,58,17,S01;S02;S03;S05;S06;S07;S09;S10,S04;S08,0
optionC_observed_RGI_n75_order_locked,G-computation,7,4,S08M05,S08,58,17,S01;S02;S03;S05;S06;S07;S09;S10,S04;S08,0
optionC_observed_RGI_n75_order_locked,G-computation,7,4,S08M06,S08,58,17,S01;S02;S03;S05;S06;S07;S09;S10,S04;S08,0
optionC_observed_RGI_n75_order_locked,G-computation,7,4,S08M07,S08,58,17,S01;S02;S03;S05;S06;S07;S09;S10,S04;S08,0
optionC_observed_RGI_n75_order_locked,G-computation,7,4,S08M08,S08,58,17,S01;S02;S03;S05;S06;S07;S09;S10,S04;S08,0
optionC_observed_RGI_n75_order_locked,G-computation,7,4,S08M09,S08,58,17,S01;S02;S03;S05;S06;S07;S09;S10,S04;S08,0
optionC_observed_RGI_n75_order_locked,G-computation,7,4,S08M10,S08,58,17,S01;S02;S03;S05;S06;S07;S09;S10,S04;S08,0
optionC_observed_RGI_n75_order_locked,G-computation,7,5,S05M02,S05,61,14,S01;S02;S03;S04;S06;S08;S09;S10,S05;S07,0
optionC_observed_RGI_n75_order_locked,G-computation,7,5,S05M05,S05,61,14,S01;S02;S03;S04;S06;S08;S09;S10,S05;S07,0
optionC_observed_RGI_n75_order_locked,G-computation,7,5,S05M06,S05,61,14,S01;S02;S03;S04;S06;S08;S09;S10,S05;S07,0
optionC_observed_RGI_n75_order_locked,G-computation,7,5,S05M07,S05,61,14,S01;S02;S03;S04;S06;S08;S09;S10,S05;S07,0
optionC_observed_RGI_n75_order_locked,G-computation,7,5,S05M08,S05,61,14,S01;S02;S03;S04;S06;S08;S09;S10,S05;S07,0
optionC_observed_RGI_n75_order_locked,G-computation,7,5,S05M09,S05,61,14,S01;S02;S03;S04;S06;S08;S09;S10,S05;S07,0
optionC_observed_RGI_n75_order_locked,G-computation,7,5,S05M10,S05,61,14,S01;S02;S03;S04;S06;S08;S09;S10,S05;S07,0
optionC_observed_RGI_n75_order_locked,G-computation,7,5,S07M01,S07,61,14,S01;S02;S03;S04;S06;S08;S09;S10,S05;S07,0
optionC_observed_RGI_n75_order_locked,G-computation,7,5,S07M04,S07,61,14,S01;S02;S03;S04;S06;S08;S09;S10,S05;S07,0
optionC_observed_RGI_n75_order_locked,G-computation,7,5,S07M05,S07,61,14,S01;S02;S03;S04;S06;S08;S09;S10,S05;S07,0
optionC_observed_RGI_n75_order_locked,G-computation,7,5,S07M06,S07,61,14,S01;S02;S03;S04;S06;S08;S09;S10,S05;S07,0
optionC_observed_RGI_n75_order_locked,G-computation,7,5,S07M07,S07,61,14,S01;S02;S03;S04;S06;S08;S09;S10,S05;S07,0
optionC_observed_RGI_n75_order_locked,G-computation,7,5,S07M08,S07,61,14,S01;S02;S03;S04;S06;S08;S09;S10,S05;S07,0
optionC_observed_RGI_n75_order_locked,G-computation,7,5,S07M09,S07,61,14,S01;S02;S03;S04;S06;S08;S09;S10,S05;S07,0
optionC_observed_RGI_n75_order_locked,Knockoff predictive mirror,17,1,S03M12,S03,57,18,S01;S02;S04;S05;S06;S07;S09;S10,S03;S08,0
optionC_observed_RGI_n75_order_locked,Knockoff predictive mirror,17,1,S03M01,S03,57,18,S01;S02;S04;S05;S06;S07;S09;S10,S03;S08,0
optionC_observed_RGI_n75_order_locked,Knockoff predictive mirror,17,1,S03M02,S03,57,18,S01;S02;S04;S05;S06;S07;S09;S10,S03;S08,0
optionC_observed_RGI_n75_order_locked,Knockoff predictive mirror,17,1,S03M05,S03,57,18,S01;S02;S04;S05;S06;S07;S09;S10,S03;S08,0
optionC_observed_RGI_n75_order_locked,Knockoff predictive mirror,17,1,S03M06,S03,57,18,S01;S02;S04;S05;S06;S07;S09;S10,S03;S08,0
optionC_observed_RGI_n75_order_locked,Knockoff predictive mirror,17,1,S03M07,S03,57,18,S01;S02;S04;S05;S06;S07;S09;S10,S03;S08,0
optionC_observed_RGI_n75_order_locked,Knockoff predictive mirror,17,1,S03M08,S03,57,18,S01;S02;S04;S05;S06;S07;S09;S10,S03;S08,0
optionC_observed_RGI_n75_order_locked,Knockoff predictive mirror,17,1,S03M09,S03,57,18,S01;S02;S04;S05;S06;S07;S09;S10,S03;S08,0
optionC_observed_RGI_n75_order_locked,Knockoff predictive mirror,17,1,S03M10,S03,57,18,S01;S02;S04;S05;S06;S07;S09;S10,S03;S08,0
optionC_observed_RGI_n75_order_locked,Knockoff predictive mirror,17,1,S08M01,S08,57,18,S01;S02;S04;S05;S06;S07;S09;S10,S03;S08,0
optionC_observed_RGI_n75_order_locked,Knockoff predictive mirror,17,1,S08M03,S08,57,18,S01;S02;S04;S05;S06;S07;S09;S10,S03;S08,0
optionC_observed_RGI_n75_order_locked,Knockoff predictive mirror,17,1,S08M04,S08,57,18,S01;S02;S04;S05;S06;S07;S09;S10,S03;S08,0
optionC_observed_RGI_n75_order_locked,Knockoff predictive mirror,17,1,S08M05,S08,57,18,S01;S02;S04;S05;S06;S07;S09;S10,S03;S08,0
optionC_observed_RGI_n75_order_locked,Knockoff predictive mirror,17,1,S08M06,S08,57,18,S01;S02;S04;S05;S06;S07;S09;S10,S03;S08,0
optionC_observed_RGI_n75_order_locked,Knockoff predictive mirror,17,1,S08M07,S08,57,18,S01;S02;S04;S05;S06;S07;S09;S10,S03;S08,0
optionC_observed_RGI_n75_order_locked,Knockoff predictive mirror,17,1,S08M08,S08,57,18,S01;S02;S04;S05;S06;S07;S09;S10,S03;S08,0
optionC_observed_RGI_n75_order_locked,Knockoff predictive mirror,17,1,S08M09,S08,57,18,S01;S02;S04;S05;S06;S07;S09;S10,S03;S08,0
optionC_observed_RGI_n75_order_locked,Knockoff predictive mirror,17,1,S08M10,S08,57,18,S01;S02;S04;S05;S06;S07;S09;S10,S03;S08,0
optionC_observed_RGI_n75_order_locked,Knockoff predictive mirror,17,2,S04M12,S04,62,13,S01;S02;S03;S05;S07;S08;S09;S10,S04;S06,0
optionC_observed_RGI_n75_order_locked,Knockoff predictive mirror,17,2,S04M01,S04,62,13,S01;S02;S03;S05;S07;S08;S09;S10,S04;S06,0
optionC_observed_RGI_n75_order_locked,Knockoff predictive mirror,17,2,S04M05,S04,62,13,S01;S02;S03;S05;S07;S08;S09;S10,S04;S06,0
optionC_observed_RGI_n75_order_locked,Knockoff predictive mirror,17,2,S04M06,S04,62,13,S01;S02;S03;S05;S07;S08;S09;S10,S04;S06,0
optionC_observed_RGI_n75_order_locked,Knockoff predictive mirror,17,2,S04M07,S04,62,13,S01;S02;S03;S05;S07;S08;S09;S10,S04;S06,0
optionC_observed_RGI_n75_order_locked,Knockoff predictive mirror,17,2,S04M08,S04,62,13,S01;S02;S03;S05;S07;S08;S09;S10,S04;S06,0
optionC_observed_RGI_n75_order_locked,Knockoff predictive mirror,17,2,S04M09,S04,62,13,S01;S02;S03;S05;S07;S08;S09;S10,S04;S06,0
optionC_observed_RGI_n75_order_locked,Knockoff predictive mirror,17,2,S04M10,S04,62,13,S01;S02;S03;S05;S07;S08;S09;S10,S04;S06,0
optionC_observed_RGI_n75_order_locked,Knockoff predictive mirror,17,2,S06M01,S06,62,13,S01;S02;S03;S05;S07;S08;S09;S10,S04;S06,0
optionC_observed_RGI_n75_order_locked,Knockoff predictive mirror,17,2,S06M04,S06,62,13,S01;S02;S03;S05;S07;S08;S09;S10,S04;S06,0
optionC_observed_RGI_n75_order_locked,Knockoff predictive mirror,17,2,S06M06,S06,62,13,S01;S02;S03;S05;S07;S08;S09;S10,S04;S06,0
optionC_observed_RGI_n75_order_locked,Knockoff predictive mirror,17,2,S06M07,S06,62,13,S01;S02;S03;S05;S07;S08;S09;S10,S04;S06,0
optionC_observed_RGI_n75_order_locked,Knockoff predictive mirror,17,2,S06M08,S06,62,13,S01;S02;S03;S05;S07;S08;S09;S10,S04;S06,0
optionC_observed_RGI_n75_order_locked,Knockoff predictive mirror,17,3,S01M01,S01,63,12,S02;S03;S04;S06;S07;S08;S09;S10,S01;S05,0
optionC_observed_RGI_n75_order_locked,Knockoff predictive mirror,17,3,S01M05,S01,63,12,S02;S03;S04;S06;S07;S08;S09;S10,S01;S05,0
optionC_observed_RGI_n75_order_locked,Knockoff predictive mirror,17,3,S01M06,S01,63,12,S02;S03;S04;S06;S07;S08;S09;S10,S01;S05,0
optionC_observed_RGI_n75_order_locked,Knockoff predictive mirror,17,3,S01M08,S01,63,12,S02;S03;S04;S06;S07;S08;S09;S10,S01;S05,0
optionC_observed_RGI_n75_order_locked,Knockoff predictive mirror,17,3,S01M09,S01,63,12,S02;S03;S04;S06;S07;S08;S09;S10,S01;S05,0
optionC_observed_RGI_n75_order_locked,Knockoff predictive mirror,17,3,S05M02,S05,63,12,S02;S03;S04;S06;S07;S08;S09;S10,S01;S05,0
optionC_observed_RGI_n75_order_locked,Knockoff predictive mirror,17,3,S05M05,S05,63,12,S02;S03;S04;S06;S07;S08;S09;S10,S01;S05,0
optionC_observed_RGI_n75_order_locked,Knockoff predictive mirror,17,3,S05M06,S05,63,12,S02;S03;S04;S06;S07;S08;S09;S10,S01;S05,0
optionC_observed_RGI_n75_order_locked,Knockoff predictive mirror,17,3,S05M07,S05,63,12,S02;S03;S04;S06;S07;S08;S09;S10,S01;S05,0
optionC_observed_RGI_n75_order_locked,Knockoff predictive mirror,17,3,S05M08,S05,63,12,S02;S03;S04;S06;S07;S08;S09;S10,S01;S05,0
optionC_observed_RGI_n75_order_locked,Knockoff predictive mirror,17,3,S05M09,S05,63,12,S02;S03;S04;S06;S07;S08;S09;S10,S01;S05,0
optionC_observed_RGI_n75_order_locked,Knockoff predictive mirror,17,3,S05M10,S05,63,12,S02;S03;S04;S06;S07;S08;S09;S10,S01;S05,0
optionC_observed_RGI_n75_order_locked,Knockoff predictive mirror,17,4,S09M12,S09,59,16,S01;S02;S03;S04;S05;S06;S07;S08,S09;S10,0
optionC_observed_RGI_n75_order_locked,Knockoff predictive mirror,17,4,S09M02,S09,59,16,S01;S02;S03;S04;S05;S06;S07;S08,S09;S10,0
optionC_observed_RGI_n75_order_locked,Knockoff predictive mirror,17,4,S09M04,S09,59,16,S01;S02;S03;S04;S05;S06;S07;S08,S09;S10,0
optionC_observed_RGI_n75_order_locked,Knockoff predictive mirror,17,4,S09M05,S09,59,16,S01;S02;S03;S04;S05;S06;S07;S08,S09;S10,0
optionC_observed_RGI_n75_order_locked,Knockoff predictive mirror,17,4,S09M07,S09,59,16,S01;S02;S03;S04;S05;S06;S07;S08,S09;S10,0
optionC_observed_RGI_n75_order_locked,Knockoff predictive mirror,17,4,S09M08,S09,59,16,S01;S02;S03;S04;S05;S06;S07;S08,S09;S10,0
optionC_observed_RGI_n75_order_locked,Knockoff predictive mirror,17,4,S09M09,S09,59,16,S01;S02;S03;S04;S05;S06;S07;S08,S09;S10,0
optionC_observed_RGI_n75_order_locked,Knockoff predictive mirror,17,4,S09M10,S09,59,16,S01;S02;S03;S04;S05;S06;S07;S08,S09;S10,0
optionC_observed_RGI_n75_order_locked,Knockoff predictive mirror,17,4,S10M12,S10,59,16,S01;S02;S03;S04;S05;S06;S07;S08,S09;S10,0
optionC_observed_RGI_n75_order_locked,Knockoff predictive mirror,17,4,S10M01,S10,59,16,S01;S02;S03;S04;S05;S06;S07;S08,S09;S10,0
optionC_observed_RGI_n75_order_locked,Knockoff predictive mirror,17,4,S10M02,S10,59,16,S01;S02;S03;S04;S05;S06;S07;S08,S09;S10,0
optionC_observed_RGI_n75_order_locked,Knockoff predictive mirror,17,4,S10M05,S10,59,16,S01;S02;S03;S04;S05;S06;S07;S08,S09;S10,0
optionC_observed_RGI_n75_order_locked,Knockoff predictive mirror,17,4,S10M07,S10,59,16,S01;S02;S03;S04;S05;S06;S07;S08,S09;S10,0
optionC_observed_RGI_n75_order_locked,Knockoff predictive mirror,17,4,S10M08,S10,59,16,S01;S02;S03;S04;S05;S06;S07;S08,S09;S10,0
optionC_observed_RGI_n75_order_locked,Knockoff predictive mirror,17,4,S10M09,S10,59,16,S01;S02;S03;S04;S05;S06;S07;S08,S09;S10,0
optionC_observed_RGI_n75_order_locked,Knockoff predictive mirror,17,4,S10M10,S10,59,16,S01;S02;S03;S04;S05;S06;S07;S08,S09;S10,0
optionC_observed_RGI_n75_order_locked,Knockoff predictive mirror,17,5,S02M12,S02,59,16,S01;S03;S04;S05;S06;S08;S09;S10,S02;S07,0
optionC_observed_RGI_n75_order_locked,Knockoff predictive mirror,17,5,S02M01,S02,59,16,S01;S03;S04;S05;S06;S08;S09;S10,S02;S07,0
optionC_observed_RGI_n75_order_locked,Knockoff predictive mirror,17,5,S02M02,S02,59,16,S01;S03;S04;S05;S06;S08;S09;S10,S02;S07,0
optionC_observed_RGI_n75_order_locked,Knockoff predictive mirror,17,5,S02M05,S02,59,16,S01;S03;S04;S05;S06;S08;S09;S10,S02;S07,0
optionC_observed_RGI_n75_order_locked,Knockoff predictive mirror,17,5,S02M06,S02,59,16,S01;S03;S04;S05;S06;S08;S09;S10,S02;S07,0
optionC_observed_RGI_n75_order_locked,Knockoff predictive mirror,17,5,S02M07,S02,59,16,S01;S03;S04;S05;S06;S08;S09;S10,S02;S07,0
optionC_observed_RGI_n75_order_locked,Knockoff predictive mirror,17,5,S02M08,S02,59,16,S01;S03;S04;S05;S06;S08;S09;S10,S02;S07,0
optionC_observed_RGI_n75_order_locked,Knockoff predictive mirror,17,5,S02M09,S02,59,16,S01;S03;S04;S05;S06;S08;S09;S10,S02;S07,0
optionC_observed_RGI_n75_order_locked,Knockoff predictive mirror,17,5,S02M10,S02,59,16,S01;S03;S04;S05;S06;S08;S09;S10,S02;S07,0
optionC_observed_RGI_n75_order_locked,Knockoff predictive mirror,17,5,S07M01,S07,59,16,S01;S03;S04;S05;S06;S08;S09;S10,S02;S07,0
optionC_observed_RGI_n75_order_locked,Knockoff predictive mirror,17,5,S07M04,S07,59,16,S01;S03;S04;S05;S06;S08;S09;S10,S02;S07,0
optionC_observed_RGI_n75_order_locked,Knockoff predictive mirror,17,5,S07M05,S07,59,16,S01;S03;S04;S05;S06;S08;S09;S10,S02;S07,0
optionC_observed_RGI_n75_order_locked,Knockoff predictive mirror,17,5,S07M06,S07,59,16,S01;S03;S04;S05;S06;S08;S09;S10,S02;S07,0
optionC_observed_RGI_n75_order_locked,Knockoff predictive mirror,17,5,S07M07,S07,59,16,S01;S03;S04;S05;S06;S08;S09;S10,S02;S07,0
optionC_observed_RGI_n75_order_locked,Knockoff predictive mirror,17,5,S07M08,S07,59,16,S01;S03;S04;S05;S06;S08;S09;S10,S02;S07,0
optionC_observed_RGI_n75_order_locked,Knockoff predictive mirror,17,5,S07M09,S07,59,16,S01;S03;S04;S05;S06;S08;S09;S10,S02;S07,0
